ISO-10303-21;
HEADER;
FILE_DESCRIPTION (( 'STEP AP214' ),
    '1' );
FILE_NAME ('∂®Œª∞ÂRight.STEP',
    '2025-08-12T10:59:49',
    ( '' ),
    ( '' ),
    'SwSTEP 2.0',
    'SolidWorks 2024',
    '' );
FILE_SCHEMA (( 'AUTOMOTIVE_DESIGN' ));
ENDSEC;

DATA;
#1 = CARTESIAN_POINT ( 'NONE',  ( 12.14470000000000205, 64.87269999999999470, 3.000000000000000000 ) ) ;
#2 = ADVANCED_FACE ( 'NONE', ( #2770 ), #10730, .T. ) ;
#3 = PLANE ( 'NONE',  #3929 ) ;
#4 = LINE ( 'NONE', #3285, #8881 ) ;
#5 = DIRECTION ( 'NONE',  ( 0.000000000000000000, 0.000000000000000000, 1.000000000000000000 ) ) ;
#6 = CARTESIAN_POINT ( 'NONE',  ( 126.4450000000000074, 64.87269999999999470, 3.000000000000000000 ) ) ;
#7 = EDGE_LOOP ( 'NONE', ( #9148, #10604, #11051, #11404 ) ) ;
#8 = VECTOR ( 'NONE', #6915, 1000.000000000000000 ) ;
#10 = ORIENTED_EDGE ( 'NONE', *, *, #8407, .T. ) ;
#9 = DIRECTION ( 'NONE',  ( -1.000000000000000000, 0.000000000000000000, 0.000000000000000000 ) ) ;
#11 = CARTESIAN_POINT ( 'NONE',  ( 83.58220000000000027, 40.77190000000000225, 0.000000000000000000 ) ) ;
#12 = ORIENTED_EDGE ( 'NONE', *, *, #2504, .T. ) ;
#13 = EDGE_CURVE ( 'NONE', #9108, #10057, #8771, .T. ) ;
#14 = CARTESIAN_POINT ( 'NONE',  ( 197.3819299999999828, -2.065918000000003474, 3.000000000000000000 ) ) ;
#15 = ADVANCED_FACE ( 'NONE', ( #5187 ), #11117, .T. ) ;
#16 = DIRECTION ( 'NONE',  ( -0.000000000000000000, -1.000000000000000000, -0.000000000000000000 ) ) ;
#17 = PLANE ( 'NONE',  #11418 ) ;
#18 = VECTOR ( 'NONE', #5639, 1000.000000000000000 ) ;
#19 = CARTESIAN_POINT ( 'NONE',  ( 40.71970000000000312, 83.92270000000000607, 0.000000000000000000 ) ) ;
#20 = CARTESIAN_POINT ( 'NONE',  ( 30.32509999999999906, 20.25169999999999959, 0.000000000000000000 ) ) ;
#21 = EDGE_CURVE ( 'NONE', #6925, #2119, #1190, .T. ) ;
#22 = EDGE_LOOP ( 'NONE', ( #3913, #9714, #5250, #4894 ) ) ;
#23 = EDGE_CURVE ( 'NONE', #9650, #10484, #884, .T. ) ;
#24 = ORIENTED_EDGE ( 'NONE', *, *, #3813, .F. ) ;
#25 = CARTESIAN_POINT ( 'NONE',  ( 158.6370000000000005, 46.05270000000000152, 3.000000000000000000 ) ) ;
#26 = EDGE_LOOP ( 'NONE', ( #3328, #4252, #6800, #8992, #5105, #6274, #6142, #12192, #5605, #11739, #4369, #10174, #3919, #11199, #6195, #12118, #5842, #7114, #11273, #7707, #10353, #11951, #5677, #10718, #982, #3934, #11883, #2511, #6065, #1706, #11645, #6446, #3886, #9407, #7314, #9368, #10453, #9583, #6641, #11843, #6432, #1794, #11223, #6368 ) ) ;
#27 = FACE_OUTER_BOUND ( 'NONE', #10830, .T. ) ;
#28 = EDGE_LOOP ( 'NONE', ( #8290, #3208, #11085, #9799 ) ) ;
#29 = VECTOR ( 'NONE', #8821, 1000.000000000000000 ) ;
#30 = CARTESIAN_POINT ( 'NONE',  ( 134.8369999999999891, 46.05270000000000152, 0.000000000000000000 ) ) ;
#31 = DIRECTION ( 'NONE',  ( 0.000000000000000000, -0.000000000000000000, -1.000000000000000000 ) ) ;
#32 = CARTESIAN_POINT ( 'NONE',  ( 107.3950000000000102, 78.87189999999999657, 3.000000000000000000 ) ) ;
#33 = CIRCLE ( 'NONE', #4433, 1.249999999999999334 ) ;
#34 = CARTESIAN_POINT ( 'NONE',  ( 142.8249999999999886, 40.77190000000000225, 0.000000000000000000 ) ) ;
#35 = CARTESIAN_POINT ( 'NONE',  ( 0.09392999999999207539, 81.39100000000000534, 0.000000000000000000 ) ) ;
#36 = CARTESIAN_POINT ( 'NONE',  ( 25.30079999999999885, 7.952670000000000350, 3.000000000000000000 ) ) ;
#37 = EDGE_CURVE ( 'NONE', #7230, #9767, #12027, .T. ) ;
#39 = ORIENTED_EDGE ( 'NONE', *, *, #599, .F. ) ;
#38 = DIRECTION ( 'NONE',  ( -1.000000000000000000, -0.000000000000000000, -0.000000000000000000 ) ) ;
#40 = EDGE_CURVE ( 'NONE', #3260, #8469, #8044, .T. ) ;
#41 = ORIENTED_EDGE ( 'NONE', *, *, #12088, .F. ) ;
#42 = DIRECTION ( 'NONE',  ( -0.000000000000000000, 1.000000000000000000, -0.000000000000000000 ) ) ;
#43 = VERTEX_POINT ( 'NONE', #3885 ) ;
#44 = VERTEX_POINT ( 'NONE', #10008 ) ;
#45 = ORIENTED_EDGE ( 'NONE', *, *, #11471, .F. ) ;
#46 = VECTOR ( 'NONE', #11897, 1000.000000000000000 ) ;
#47 = DIRECTION ( 'NONE',  ( -0.000000000000000000, 0.000000000000000000, -1.000000000000000000 ) ) ;
#48 = LINE ( 'NONE', #12129, #10865 ) ;
#49 = LINE ( 'NONE', #2282, #5490 ) ;
#50 = LINE ( 'NONE', #8018, #4451 ) ;
#51 = PLANE ( 'NONE',  #11517 ) ;
#52 = VECTOR ( 'NONE', #5225, 1000.000000000000000 ) ;
#53 = EDGE_CURVE ( 'NONE', #11326, #5039, #7006, .T. ) ;
#54 = CARTESIAN_POINT ( 'NONE',  ( 188.3569999999999993, 45.82269999999999754, 3.000000000000000000 ) ) ;
#55 = CARTESIAN_POINT ( 'NONE',  ( 209.8830000000000098, 133.0209999999999866, 0.000000000000000000 ) ) ;
#56 = ORIENTED_EDGE ( 'NONE', *, *, #3435, .F. ) ;
#57 = DIRECTION ( 'NONE',  ( 0.000000000000000000, 1.000000000000000000, -0.000000000000000000 ) ) ;
#58 = ORIENTED_EDGE ( 'NONE', *, *, #3758, .T. ) ;
#59 = ORIENTED_EDGE ( 'NONE', *, *, #8110, .T. ) ;
#60 = ORIENTED_EDGE ( 'NONE', *, *, #4002, .F. ) ;
#61 = AXIS2_PLACEMENT_3D ( 'NONE', #2128, #8987, #2266 ) ;
#62 = LINE ( 'NONE', #9083, #11763 ) ;
#63 = EDGE_CURVE ( 'NONE', #6941, #2022, #7970, .T. ) ;
#64 = PLANE ( 'NONE',  #1536 ) ;
#65 = CARTESIAN_POINT ( 'NONE',  ( 186.6069299999999771, 131.5209999999999866, 0.000000000000000000 ) ) ;
#66 = CARTESIAN_POINT ( 'NONE',  ( 202.3569999999999993, 78.87189999999999657, 0.000000000000000000 ) ) ;
#67 = LINE ( 'NONE', #5181, #5189 ) ;
#68 = LINE ( 'NONE', #10199, #10753 ) ;
#69 = LINE ( 'NONE', #10982, #12639 ) ;
#70 = CIRCLE ( 'NONE', #9049, 1.250000000000001110 ) ;
#71 = ADVANCED_FACE ( 'NONE', ( #1055 ), #6880, .T. ) ;
#72 = DIRECTION ( 'NONE',  ( -0.000000000000000000, 1.000000000000000000, -0.000000000000000000 ) ) ;
#73 = ORIENTED_EDGE ( 'NONE', *, *, #12288, .T. ) ;
#75 = VERTEX_POINT ( 'NONE', #11838 ) ;
#74 = CARTESIAN_POINT ( 'NONE',  ( 45.48219999999999885, 112.4980000000000047, 0.000000000000000000 ) ) ;
#76 = EDGE_CURVE ( 'NONE', #1152, #4863, #4996, .T. ) ;
#77 = FACE_BOUND ( 'NONE', #7472, .T. ) ;
#78 = ORIENTED_EDGE ( 'NONE', *, *, #10194, .F. ) ;
#79 = VECTOR ( 'NONE', #336, 1000.000000000000000 ) ;
#80 = LINE ( 'NONE', #5972, #6817 ) ;
#81 = LINE ( 'NONE', #3031, #1119 ) ;
#82 = CARTESIAN_POINT ( 'NONE',  ( 45.48219999999999885, 26.77250000000000085, 3.000000000000000000 ) ) ;
#83 = VECTOR ( 'NONE', #6923, 1000.000000000000000 ) ;
#84 = DIRECTION ( 'NONE',  ( -1.000000000000000000, -0.000000000000000000, -0.000000000000000000 ) ) ;
#85 = CYLINDRICAL_SURFACE ( 'NONE', #5535, 1.000000000000000888 ) ;
#86 = ORIENTED_EDGE ( 'NONE', *, *, #8897, .F. ) ;
#87 = ORIENTED_EDGE ( 'NONE', *, *, #4626, .T. ) ;
#88 = DIRECTION ( 'NONE',  ( 0.000000000000000000, 0.000000000000000000, 1.000000000000000000 ) ) ;
#89 = ORIENTED_EDGE ( 'NONE', *, *, #11801, .T. ) ;
#90 = ADVANCED_FACE ( 'NONE', ( #7919 ), #7979, .T. ) ;
#91 = CARTESIAN_POINT ( 'NONE',  ( 10.11892999999999532, 62.84100000000002240, 3.000000000000000000 ) ) ;
#92 = VECTOR ( 'NONE', #7691, 1000.000000000000000 ) ;
#93 = ORIENTED_EDGE ( 'NONE', *, *, #3622, .T. ) ;
#94 = DIRECTION ( 'NONE',  ( 0.000000000000000000, -1.000000000000000000, 0.000000000000000000 ) ) ;
#95 = CARTESIAN_POINT ( 'NONE',  ( 85.67529999999999291, 7.722520000000000273, 3.000000000000000000 ) ) ;
#96 = CARTESIAN_POINT ( 'NONE',  ( 143.1119999999999948, 59.82189999999999941, 3.000000000000000000 ) ) ;
#97 = ADVANCED_FACE ( 'NONE', ( #2043 ), #10856, .T. ) ;
#98 = LINE ( 'NONE', #10093, #7781 ) ;
#99 = CARTESIAN_POINT ( 'NONE',  ( 97.58150000000000546, 26.77250000000000085, 3.000000000000000000 ) ) ;
#100 = DIRECTION ( 'NONE',  ( -0.000000000000000000, -0.000000000000000000, -1.000000000000000000 ) ) ;
#101 = AXIS2_PLACEMENT_3D ( 'NONE', #12888, #4727, #11895 ) ;
#103 = ORIENTED_EDGE ( 'NONE', *, *, #9988, .T. ) ;
#102 = LINE ( 'NONE', #3122, #8497 ) ;
#104 = VERTEX_POINT ( 'NONE', #2106 ) ;
#105 = PLANE ( 'NONE',  #5737 ) ;
#106 = ORIENTED_EDGE ( 'NONE', *, *, #12072, .T. ) ;
#107 = ORIENTED_EDGE ( 'NONE', *, *, #10457, .T. ) ;
#108 = VERTEX_POINT ( 'NONE', #1908 ) ;
#109 = LINE ( 'NONE', #9982, #2520 ) ;
#110 = VECTOR ( 'NONE', #3811, 1000.000000000000000 ) ;
#111 = CARTESIAN_POINT ( 'NONE',  ( 0.09392999999999207539, 81.89100000000000534, 0.000000000000000000 ) ) ;
#112 = CARTESIAN_POINT ( 'NONE',  ( 142.2439999999999998, 83.17159999999999798, 0.000000000000000000 ) ) ;
#113 = CARTESIAN_POINT ( 'NONE',  ( 188.3569999999999993, 78.87189999999999657, 0.000000000000000000 ) ) ;
#114 = EDGE_CURVE ( 'NONE', #6399, #2623, #12890, .T. ) ;
#115 = EDGE_CURVE ( 'NONE', #10439, #6229, #2960, .T. ) ;
#116 = DIRECTION ( 'NONE',  ( -0.000000000000000000, -1.000000000000000000, -0.000000000000000000 ) ) ;
#117 = DIRECTION ( 'NONE',  ( -0.000000000000000000, -0.000000000000000000, -1.000000000000000000 ) ) ;
#118 = VECTOR ( 'NONE', #838, 1000.000000000000000 ) ;
#119 = DIRECTION ( 'NONE',  ( -0.000000000000000000, 0.000000000000000000, 1.000000000000000000 ) ) ;
#120 = ORIENTED_EDGE ( 'NONE', *, *, #8777, .F. ) ;
#121 = DIRECTION ( 'NONE',  ( 0.000000000000000000, 0.000000000000000000, 1.000000000000000000 ) ) ;
#122 = EDGE_LOOP ( 'NONE', ( #7791, #10605, #10646, #12123 ) ) ;
#123 = ORIENTED_EDGE ( 'NONE', *, *, #4302, .F. ) ;
#124 = VERTEX_POINT ( 'NONE', #6095 ) ;
#125 = DIRECTION ( 'NONE',  ( 0.000000000000000000, 1.000000000000000000, 0.000000000000000000 ) ) ;
#126 = EDGE_CURVE ( 'NONE', #6855, #4143, #11961, .T. ) ;
#127 = LINE ( 'NONE', #4130, #1750 ) ;
#128 = VECTOR ( 'NONE', #1183, 1000.000000000000000 ) ;
#129 = CARTESIAN_POINT ( 'NONE',  ( 23.90692999999999557, 42.79100000000001813, 3.000000000000000000 ) ) ;
#130 = AXIS2_PLACEMENT_3D ( 'NONE', #11711, #6825, #12828 ) ;
#131 = LINE ( 'NONE', #9023, #2446 ) ;
#132 = CARTESIAN_POINT ( 'NONE',  ( 111.8689999999999998, 83.92270000000000607, 0.000000000000000000 ) ) ;
#133 = FACE_OUTER_BOUND ( 'NONE', #9246, .T. ) ;
#134 = CARTESIAN_POINT ( 'NONE',  ( 164.5449999999999875, 126.4969999999999999, 3.000000000000000000 ) ) ;
#135 = AXIS2_PLACEMENT_3D ( 'NONE', #7163, #11148, #7035 ) ;
#136 = DIRECTION ( 'NONE',  ( -1.000000000000000000, 0.000000000000000000, 0.000000000000000000 ) ) ;
#137 = ORIENTED_EDGE ( 'NONE', *, *, #4260, .T. ) ;
#138 = VECTOR ( 'NONE', #7126, 1000.000000000000000 ) ;
#140 = ORIENTED_EDGE ( 'NONE', *, *, #1850, .F. ) ;
#139 = CARTESIAN_POINT ( 'NONE',  ( 159.4939999999999998, 88.62170000000001835, 3.000000000000000000 ) ) ;
#141 = CARTESIAN_POINT ( 'NONE',  ( 19.38193000000000765, 14.24100000000001742, 3.000000000000000000 ) ) ;
#142 = ORIENTED_EDGE ( 'NONE', *, *, #11482, .T. ) ;
#143 = VECTOR ( 'NONE', #12746, 1000.000000000000000 ) ;
#144 = VECTOR ( 'NONE', #7982, 1000.000000000000000 ) ;
#145 = EDGE_CURVE ( 'NONE', #3412, #11737, #997, .T. ) ;
#146 = CARTESIAN_POINT ( 'NONE',  ( 116.9180000000000064, 97.92189999999999372, 3.000000000000000000 ) ) ;
#147 = CARTESIAN_POINT ( 'NONE',  ( 97.58150000000000546, 26.77250000000000085, 0.000000000000000000 ) ) ;
#148 = VECTOR ( 'NONE', #2270, 1000.000000000000000 ) ;
#149 = FACE_OUTER_BOUND ( 'NONE', #11853, .T. ) ;
#150 = CARTESIAN_POINT ( 'NONE',  ( 97.86830000000000496, 97.92189999999999372, 3.000000000000000000 ) ) ;
#151 = EDGE_CURVE ( 'NONE', #9560, #5321, #5967, .T. ) ;
#152 = LINE ( 'NONE', #1065, #9902 ) ;
#153 = AXIS2_PLACEMENT_3D ( 'NONE', #7142, #6171, #10143 ) ;
#154 = ORIENTED_EDGE ( 'NONE', *, *, #12329, .F. ) ;
#155 = VERTEX_POINT ( 'NONE', #74 ) ;
#156 = DIRECTION ( 'NONE',  ( 0.000000000000000000, 0.000000000000000000, 1.000000000000000000 ) ) ;
#157 = ORIENTED_EDGE ( 'NONE', *, *, #10574, .F. ) ;
#158 = CARTESIAN_POINT ( 'NONE',  ( 23.40692999999999557, 42.79100000000001813, 0.000000000000000000 ) ) ;
#159 = EDGE_LOOP ( 'NONE', ( #8205, #200, #12413, #996 ) ) ;
#160 = DIRECTION ( 'NONE',  ( 0.000000000000000000, 0.000000000000000000, 1.000000000000000000 ) ) ;
#161 = DIRECTION ( 'NONE',  ( -1.000000000000000000, 0.000000000000000000, 0.000000000000000000 ) ) ;
#162 = EDGE_CURVE ( 'NONE', #8528, #12636, #4074, .T. ) ;
#163 = PLANE ( 'NONE',  #61 ) ;
#164 = AXIS2_PLACEMENT_3D ( 'NONE', #12394, #3456, #4311 ) ;
#165 = PLANE ( 'NONE',  #4670 ) ;
#166 = CARTESIAN_POINT ( 'NONE',  ( 139.8630000000000280, 46.05270000000000152, 3.000000000000000000 ) ) ;
#167 = EDGE_CURVE ( 'NONE', #1868, #9922, #12292, .T. ) ;
#168 = CARTESIAN_POINT ( 'NONE',  ( 54.71900000000000119, 83.92270000000000607, 3.000000000000000000 ) ) ;
#170 = VERTEX_POINT ( 'NONE', #9223 ) ;
#169 = DIRECTION ( 'NONE',  ( 0.000000000000000000, 0.000000000000000000, -1.000000000000000000 ) ) ;
#171 = ORIENTED_EDGE ( 'NONE', *, *, #10331, .F. ) ;
#172 = CARTESIAN_POINT ( 'NONE',  ( 199.9749999999999943, 112.4980000000000047, 3.000000000000000000 ) ) ;
#173 = ORIENTED_EDGE ( 'NONE', *, *, #5890, .T. ) ;
#174 = ORIENTED_EDGE ( 'NONE', *, *, #1858, .T. ) ;
#175 = ORIENTED_EDGE ( 'NONE', *, *, #7419, .F. ) ;
#176 = CARTESIAN_POINT ( 'NONE',  ( 45.48219999999999885, 126.4969999999999999, 3.000000000000000000 ) ) ;
#177 = CARTESIAN_POINT ( 'NONE',  ( 30.32509999999999906, 21.17220000000000368, 0.000000000000000000 ) ) ;
#178 = EDGE_CURVE ( 'NONE', #3239, #2057, #9411, .T. ) ;
#179 = DIRECTION ( 'NONE',  ( -1.000000000000000000, 0.000000000000000000, 0.000000000000000000 ) ) ;
#180 = CARTESIAN_POINT ( 'NONE',  ( 73.76900000000000546, 83.92270000000000607, 0.000000000000000000 ) ) ;
#181 = FACE_OUTER_BOUND ( 'NONE', #11882, .T. ) ;
#182 = CARTESIAN_POINT ( 'NONE',  ( 31.19470000000000098, 64.87269999999999470, 3.000000000000000000 ) ) ;
#183 = PLANE ( 'NONE',  #7623 ) ;
#184 = ORIENTED_EDGE ( 'NONE', *, *, #3512, .T. ) ;
#185 = CARTESIAN_POINT ( 'NONE',  ( 102.6320000000000050, 112.4980000000000047, 3.000000000000000000 ) ) ;
#186 = VERTEX_POINT ( 'NONE', #5376 ) ;
#187 = ORIENTED_EDGE ( 'NONE', *, *, #9032, .T. ) ;
#188 = ORIENTED_EDGE ( 'NONE', *, *, #10131, .F. ) ;
#189 = EDGE_CURVE ( 'NONE', #3993, #5586, #4336, .T. ) ;
#190 = CARTESIAN_POINT ( 'NONE',  ( 164.2570000000000050, 64.87269999999999470, 3.000000000000000000 ) ) ;
#191 = LINE ( 'NONE', #3939, #8212 ) ;
#192 = LINE ( 'NONE', #5046, #8792 ) ;
#193 = CARTESIAN_POINT ( 'NONE',  ( 126.1569999999999965, 45.82269999999999754, 3.000000000000000000 ) ) ;
#194 = DIRECTION ( 'NONE',  ( -0.000000000000000000, -0.000000000000000000, 1.000000000000000000 ) ) ;
#195 = DIRECTION ( 'NONE',  ( 0.000000000000000000, -1.000000000000000000, 0.000000000000000000 ) ) ;
#196 = CARTESIAN_POINT ( 'NONE',  ( 178.5440000000000111, 2.960030000000000161, 3.000000000000000000 ) ) ;
#197 = EDGE_CURVE ( 'NONE', #11912, #10615, #801, .T. ) ;
#198 = CARTESIAN_POINT ( 'NONE',  ( 160.7949999999999875, 102.9218999999999937, -7.000000000000000000 ) ) ;
#199 = ORIENTED_EDGE ( 'NONE', *, *, #12146, .T. ) ;
#200 = ORIENTED_EDGE ( 'NONE', *, *, #4415, .F. ) ;
#202 = EDGE_LOOP ( 'NONE', ( #3138, #8529, #7661, #1392 ) ) ;
#201 = PLANE ( 'NONE',  #8396 ) ;
#203 = FACE_BOUND ( 'NONE', #7624, .T. ) ;
#204 = ORIENTED_EDGE ( 'NONE', *, *, #7893, .T. ) ;
#205 = DIRECTION ( 'NONE',  ( -0.000000000000000000, -0.000000000000000000, -1.000000000000000000 ) ) ;
#206 = CARTESIAN_POINT ( 'NONE',  ( 23.40692999999999913, 24.74100000000002098, 3.000000000000000000 ) ) ;
#207 = LINE ( 'NONE', #2183, #1622 ) ;
#208 = CARTESIAN_POINT ( 'NONE',  ( 128.8259999999999934, 40.77190000000000225, 3.000000000000000000 ) ) ;
#209 = EDGE_CURVE ( 'NONE', #9063, #7277, #1316, .T. ) ;
#210 = CARTESIAN_POINT ( 'NONE',  ( 59.48149999999999693, 126.4969999999999999, 3.000000000000000000 ) ) ;
#211 = ORIENTED_EDGE ( 'NONE', *, *, #2582, .T. ) ;
#212 = ORIENTED_EDGE ( 'NONE', *, *, #4613, .T. ) ;
#213 = DIRECTION ( 'NONE',  ( 0.000000000000000000, -1.000000000000000000, 0.000000000000000000 ) ) ;
#214 = ORIENTED_EDGE ( 'NONE', *, *, #10771, .T. ) ;
#215 = CARTESIAN_POINT ( 'NONE',  ( 166.0440000000000111, 83.17159999999999798, 3.000000000000000000 ) ) ;
#216 = ORIENTED_EDGE ( 'NONE', *, *, #5192, .T. ) ;
#217 = CARTESIAN_POINT ( 'NONE',  ( 27.02609999999999957, 21.17220000000000368, 0.000000000000000000 ) ) ;
#218 = EDGE_CURVE ( 'NONE', #965, #4216, #12159, .T. ) ;
#219 = DIRECTION ( 'NONE',  ( -0.000000000000000000, -0.000000000000000000, -1.000000000000000000 ) ) ;
#220 = AXIS2_PLACEMENT_3D ( 'NONE', #9966, #1870, #7027 ) ;
#221 = LINE ( 'NONE', #4160, #12236 ) ;
#222 = CARTESIAN_POINT ( 'NONE',  ( 112.1569999999999965, 59.82189999999999941, 3.000000000000000000 ) ) ;
#223 = CARTESIAN_POINT ( 'NONE',  ( 202.3569999999999993, 45.82269999999999754, 0.000000000000000000 ) ) ;
#224 = CARTESIAN_POINT ( 'NONE',  ( 30.32509999999999906, 6.972859999999999836, 3.000000000000000000 ) ) ;
#226 = EDGE_LOOP ( 'NONE', ( #8995, #6506, #11528, #6335 ) ) ;
#225 = CARTESIAN_POINT ( 'NONE',  ( 78.53149999999999409, 26.77250000000000085, 3.000000000000000000 ) ) ;
#227 = VECTOR ( 'NONE', #7903, 1000.000000000000000 ) ;
#228 = ORIENTED_EDGE ( 'NONE', *, *, #1744, .T. ) ;
#229 = EDGE_CURVE ( 'NONE', #6021, #9693, #461, .T. ) ;
#230 = LINE ( 'NONE', #4231, #8230 ) ;
#231 = EDGE_LOOP ( 'NONE', ( #6434, #10295, #5826, #11000 ) ) ;
#232 = ORIENTED_EDGE ( 'NONE', *, *, #6350, .F. ) ;
#233 = EDGE_LOOP ( 'NONE', ( #6046, #5373, #7385, #10819 ) ) ;
#234 = CARTESIAN_POINT ( 'NONE',  ( 196.1319299999999828, -2.065918000000003474, 3.000000000000000000 ) ) ;
#235 = VECTOR ( 'NONE', #516, 1000.000000000000000 ) ;
#236 = EDGE_CURVE ( 'NONE', #8322, #3039, #7203, .T. ) ;
#237 = DIRECTION ( 'NONE',  ( 0.000000000000000000, -0.000000000000000000, -1.000000000000000000 ) ) ;
#238 = DIRECTION ( 'NONE',  ( -0.000000000000000000, 0.000000000000000000, -1.000000000000000000 ) ) ;
#239 = DIRECTION ( 'NONE',  ( -0.000000000000000000, -0.000000000000000000, -1.000000000000000000 ) ) ;
#240 =( GEOMETRIC_REPRESENTATION_CONTEXT ( 3 ) GLOBAL_UNCERTAINTY_ASSIGNED_CONTEXT ( ( #12846 ) ) GLOBAL_UNIT_ASSIGNED_CONTEXT ( ( #1959, #9925, #10648 ) ) REPRESENTATION_CONTEXT ( 'NONE', 'WORKASPACE' ) );
#241 = DIRECTION ( 'NONE',  ( 1.000000000000000000, 0.000000000000000000, 0.000000000000000000 ) ) ;
#242 = CARTESIAN_POINT ( 'NONE',  ( 40.43149999999999977, 126.4969999999999999, 3.000000000000000000 ) ) ;
#243 = DIRECTION ( 'NONE',  ( 0.000000000000000000, 0.000000000000000000, 1.000000000000000000 ) ) ;
#244 = ORIENTED_EDGE ( 'NONE', *, *, #4597, .T. ) ;
#245 = LINE ( 'NONE', #5168, #6354 ) ;
#246 = VERTEX_POINT ( 'NONE', #2433 ) ;
#247 = VERTEX_POINT ( 'NONE', #12356 ) ;
#248 = ORIENTED_EDGE ( 'NONE', *, *, #3906, .T. ) ;
#249 = DIRECTION ( 'NONE',  ( -0.000000000000000000, -0.000000000000000000, -1.000000000000000000 ) ) ;
#250 = ADVANCED_FACE ( 'NONE', ( #331 ), #5247, .T. ) ;
#251 = CARTESIAN_POINT ( 'NONE',  ( 54.71900000000000119, 83.92270000000000607, 0.000000000000000000 ) ) ;
#252 = VECTOR ( 'NONE', #7178, 1000.000000000000000 ) ;
#253 = CARTESIAN_POINT ( 'NONE',  ( 49.10099999999999909, 20.25169999999999959, 3.000000000000000000 ) ) ;
#254 = CARTESIAN_POINT ( 'NONE',  ( 163.6630000000000109, 58.35159999999999769, 0.000000000000000000 ) ) ;
#255 = ADVANCED_FACE ( 'NONE', ( #6418 ), #1447, .F. ) ;
#256 = CARTESIAN_POINT ( 'NONE',  ( 102.3439999999999941, 64.87269999999999470, 0.000000000000000000 ) ) ;
#257 = CARTESIAN_POINT ( 'NONE',  ( 26.43220000000000169, 112.4980000000000047, 3.000000000000000000 ) ) ;
#258 = DIRECTION ( 'NONE',  ( 0.000000000000000000, 1.000000000000000000, 0.000000000000000000 ) ) ;
#259 = DIRECTION ( 'NONE',  ( -1.000000000000000000, 0.000000000000000000, 0.000000000000000000 ) ) ;
#260 = VECTOR ( 'NONE', #9772, 1000.000000000000000 ) ;
#261 = ORIENTED_EDGE ( 'NONE', *, *, #2743, .T. ) ;
#262 = VERTEX_POINT ( 'NONE', #11186 ) ;
#264 = VERTEX_POINT ( 'NONE', #6355 ) ;
#263 = CARTESIAN_POINT ( 'NONE',  ( 164.5449999999999875, 16.95949999999999847, 3.000000000000000000 ) ) ;
#265 = CARTESIAN_POINT ( 'NONE',  ( 208.6330000000000098, 35.43408199999999653, 3.000000000000000000 ) ) ;
#266 = ORIENTED_EDGE ( 'NONE', *, *, #4926, .F. ) ;
#267 = ADVANCED_FACE ( 'NONE', ( #11374 ), #201, .T. ) ;
#268 = DIRECTION ( 'NONE',  ( 0.000000000000000000, 0.000000000000000000, 1.000000000000000000 ) ) ;
#269 = LINE ( 'NONE', #12097, #8844 ) ;
#270 = CIRCLE ( 'NONE', #10087, 1.250000000000001110 ) ;
#271 = EDGE_CURVE ( 'NONE', #12024, #5791, #4270, .T. ) ;
#272 =( NAMED_UNIT ( * ) SI_UNIT ( $, .STERADIAN. ) SOLID_ANGLE_UNIT ( ) );
#273 = EDGE_CURVE ( 'NONE', #7354, #1558, #8243, .T. ) ;
#274 = CARTESIAN_POINT ( 'NONE',  ( 121.6820000000000022, 112.4980000000000047, 3.000000000000000000 ) ) ;
#275 = CARTESIAN_POINT ( 'NONE',  ( 78.53149999999999409, 112.4980000000000047, 0.000000000000000000 ) ) ;
#276 = ORIENTED_EDGE ( 'NONE', *, *, #7468, .T. ) ;
#277 = ORIENTED_EDGE ( 'NONE', *, *, #671, .F. ) ;
#278 = VECTOR ( 'NONE', #10460, 1000.000000000000000 ) ;
#279 = VERTEX_POINT ( 'NONE', #12420 ) ;
#280 = VECTOR ( 'NONE', #2632, 1000.000000000000000 ) ;
#281 = CYLINDRICAL_SURFACE ( 'NONE', #3824, 1.250000000000001110 ) ;
#282 = ORIENTED_EDGE ( 'NONE', *, *, #12036, .T. ) ;
#283 = CARTESIAN_POINT ( 'NONE',  ( 2.619650000000000478, 97.92189999999999372, 3.000000000000000000 ) ) ;
#284 = EDGE_CURVE ( 'NONE', #5866, #2716, #3480, .T. ) ;
#285 = EDGE_CURVE ( 'NONE', #11121, #11930, #6479, .T. ) ;
#286 = VECTOR ( 'NONE', #1374, 1000.000000000000000 ) ;
#287 = DIRECTION ( 'NONE',  ( 1.000000000000000000, 0.000000000000000000, 0.000000000000000000 ) ) ;
#288 = LINE ( 'NONE', #4292, #5295 ) ;
#289 = CARTESIAN_POINT ( 'NONE',  ( 27.02609999999999957, 20.25169999999999959, 3.000000000000000000 ) ) ;
#290 = AXIS2_PLACEMENT_3D ( 'NONE', #4575, #6788, #11742 ) ;
#291 = DIRECTION ( 'NONE',  ( 1.000000000000000000, 0.000000000000000000, -0.000000000000000000 ) ) ;
#293 = ORIENTED_EDGE ( 'NONE', *, *, #11216, .F. ) ;
#292 = ORIENTED_EDGE ( 'NONE', *, *, #8745, .F. ) ;
#294 = ADVANCED_FACE ( 'NONE', ( #6231 ), #11251, .T. ) ;
#295 = VECTOR ( 'NONE', #815, 1000.000000000000000 ) ;
#296 = ORIENTED_EDGE ( 'NONE', *, *, #6509, .F. ) ;
#297 = DIRECTION ( 'NONE',  ( -1.000000000000000000, -0.000000000000000000, -0.000000000000000000 ) ) ;
#298 = ORIENTED_EDGE ( 'NONE', *, *, #7847, .F. ) ;
#299 = ORIENTED_EDGE ( 'NONE', *, *, #9040, .T. ) ;
#300 = EDGE_LOOP ( 'NONE', ( #11818, #5454, #1028, #6540 ) ) ;
#301 = DIRECTION ( 'NONE',  ( -1.000000000000000000, 0.000000000000000000, 0.000000000000000000 ) ) ;
#302 = DIRECTION ( 'NONE',  ( 1.000000000000000000, -0.000000000000000000, -0.000000000000000000 ) ) ;
#303 = CARTESIAN_POINT ( 'NONE',  ( 78.81969999999999743, 97.92189999999999372, 3.000000000000000000 ) ) ;
#304 = DIRECTION ( 'NONE',  ( 0.000000000000000000, -1.000000000000000000, 0.000000000000000000 ) ) ;
#305 = VECTOR ( 'NONE', #6814, 1000.000000000000000 ) ;
#306 = EDGE_CURVE ( 'NONE', #11249, #7059, #5572, .T. ) ;
#307 = DIRECTION ( 'NONE',  ( 0.000000000000000000, 0.000000000000000000, 1.000000000000000000 ) ) ;
#308 = FACE_OUTER_BOUND ( 'NONE', #4166, .T. ) ;
#309 = VECTOR ( 'NONE', #12453, 1000.000000000000000 ) ;
#310 = LINE ( 'NONE', #2348, #11584 ) ;
#311 = EDGE_CURVE ( 'NONE', #10275, #1152, #1575, .T. ) ;
#312 = EDGE_LOOP ( 'NONE', ( #9112, #7164, #3108, #1700 ) ) ;
#313 = LINE ( 'NONE', #2350, #7588 ) ;
#314 = VERTEX_POINT ( 'NONE', #3739 ) ;
#315 = VECTOR ( 'NONE', #1844, 1000.000000000000000 ) ;
#316 = ORIENTED_EDGE ( 'NONE', *, *, #6038, .F. ) ;
#317 = ORIENTED_EDGE ( 'NONE', *, *, #10619, .F. ) ;
#318 = LINE ( 'NONE', #12280, #2793 ) ;
#319 = LINE ( 'NONE', #1366, #8851 ) ;
#320 = CARTESIAN_POINT ( 'NONE',  ( 59.76970000000000027, 83.92270000000000607, 3.000000000000000000 ) ) ;
#321 = FACE_OUTER_BOUND ( 'NONE', #12786, .T. ) ;
#322 = VECTOR ( 'NONE', #1168, 1000.000000000000000 ) ;
#323 = ADVANCED_FACE ( 'NONE', ( #1767 ), #10649, .T. ) ;
#324 = CARTESIAN_POINT ( 'NONE',  ( 69.29470000000000596, 78.87189999999999657, 3.000000000000000000 ) ) ;
#325 = PLANE ( 'NONE',  #3263 ) ;
#326 = DIRECTION ( 'NONE',  ( 1.000000000000000000, 0.000000000000000000, 0.000000000000000000 ) ) ;
#327 = EDGE_CURVE ( 'NONE', #4015, #998, #7711, .T. ) ;
#328 = CARTESIAN_POINT ( 'NONE',  ( 137.2179999999999893, 96.45159999999999911, 0.000000000000000000 ) ) ;
#329 = ORIENTED_EDGE ( 'NONE', *, *, #9645, .F. ) ;
#330 = ORIENTED_EDGE ( 'NONE', *, *, #197, .F. ) ;
#332 = VERTEX_POINT ( 'NONE', #651 ) ;
#331 = FACE_OUTER_BOUND ( 'NONE', #7870, .T. ) ;
#333 = EDGE_CURVE ( 'NONE', #474, #4479, #6609, .T. ) ;
#334 = VECTOR ( 'NONE', #10448, 1000.000000000000000 ) ;
#335 = VECTOR ( 'NONE', #8647, 1000.000000000000000 ) ;
#336 = DIRECTION ( 'NONE',  ( -0.000000000000000000, -0.000000000000000000, -1.000000000000000000 ) ) ;
#337 = ORIENTED_EDGE ( 'NONE', *, *, #8577, .T. ) ;
#338 = EDGE_CURVE ( 'NONE', #5231, #6767, #9479, .T. ) ;
#339 = EDGE_CURVE ( 'NONE', #2089, #12277, #9546, .T. ) ;
#340 = DIRECTION ( 'NONE',  ( 0.000000000000000000, -1.000000000000000000, 0.000000000000000000 ) ) ;
#341 = DIRECTION ( 'NONE',  ( -1.000000000000000000, 0.000000000000000000, 0.000000000000000000 ) ) ;
#342 = CARTESIAN_POINT ( 'NONE',  ( 59.48149999999999693, 40.77190000000000225, 3.000000000000000000 ) ) ;
#343 = AXIS2_PLACEMENT_3D ( 'NONE', #3236, #7212, #7401 ) ;
#344 = DIRECTION ( 'NONE',  ( 0.000000000000000000, 0.000000000000000000, 1.000000000000000000 ) ) ;
#345 = VECTOR ( 'NONE', #8132, 1000.000000000000000 ) ;
#346 = DIRECTION ( 'NONE',  ( -0.000000000000000000, -1.000000000000000000, -0.000000000000000000 ) ) ;
#347 = ORIENTED_EDGE ( 'NONE', *, *, #9437, .T. ) ;
#348 = ORIENTED_EDGE ( 'NONE', *, *, #1362, .F. ) ;
#349 = EDGE_LOOP ( 'NONE', ( #5469, #7625, #11340, #8652 ) ) ;
#350 = VECTOR ( 'NONE', #11986, 1000.000000000000000 ) ;
#351 = VECTOR ( 'NONE', #6665, 1000.000000000000000 ) ;
#352 = EDGE_CURVE ( 'NONE', #7019, #9475, #1704, .T. ) ;
#354 = ADVANCED_FACE ( 'NONE', ( #11690 ), #10716, .T. ) ;
#353 = LINE ( 'NONE', #2574, #1819 ) ;
#355 = EDGE_LOOP ( 'NONE', ( #4397, #296, #6017, #142 ) ) ;
#356 = CARTESIAN_POINT ( 'NONE',  ( 74.05719999999999459, 59.82189999999999941, 3.000000000000000000 ) ) ;
#357 = VECTOR ( 'NONE', #1841, 1000.000000000000000 ) ;
#358 = CARTESIAN_POINT ( 'NONE',  ( 158.2949999999999875, 21.95950000000000557, -7.000000000000000000 ) ) ;
#359 = DIRECTION ( 'NONE',  ( 0.000000000000000000, 0.000000000000000000, 1.000000000000000000 ) ) ;
#360 = LINE ( 'NONE', #6375, #2669 ) ;
#361 = VECTOR ( 'NONE', #4740, 1000.000000000000000 ) ;
#362 = DIRECTION ( 'NONE',  ( 0.000000000000000000, 1.000000000000000000, -0.000000000000000000 ) ) ;
#364 = EDGE_LOOP ( 'NONE', ( #6216, #7343, #3127, #1342 ) ) ;
#363 = EDGE_LOOP ( 'NONE', ( #3352, #8688, #1155, #10967 ) ) ;
#365 = EDGE_CURVE ( 'NONE', #9765, #4104, #716, .T. ) ;
#366 = AXIS2_PLACEMENT_3D ( 'NONE', #1565, #5561, #9531 ) ;
#367 = ORIENTED_EDGE ( 'NONE', *, *, #5620, .F. ) ;
#368 = CARTESIAN_POINT ( 'NONE',  ( 7.856929999999980652, 131.5209999999999866, 0.000000000000000000 ) ) ;
#369 = ORIENTED_EDGE ( 'NONE', *, *, #6076, .F. ) ;
#370 = ORIENTED_EDGE ( 'NONE', *, *, #1809, .F. ) ;
#371 = VERTEX_POINT ( 'NONE', #10522 ) ;
#372 = LINE ( 'NONE', #3130, #8729 ) ;
#373 = AXIS2_PLACEMENT_3D ( 'NONE', #10318, #5428, #4259 ) ;
#374 = PLANE ( 'NONE',  #428 ) ;
#375 = DIRECTION ( 'NONE',  ( -0.000000000000000000, -0.000000000000000000, 1.000000000000000000 ) ) ;
#376 = DIRECTION ( 'NONE',  ( -0.000000000000000000, -0.000000000000000000, 1.000000000000000000 ) ) ;
#377 = EDGE_CURVE ( 'NONE', #8674, #10170, #7642, .T. ) ;
#378 = CARTESIAN_POINT ( 'NONE',  ( 56.67589999999999861, 17.02149999999999963, 3.000000000000000000 ) ) ;
#379 = DIRECTION ( 'NONE',  ( -0.000000000000000000, 1.000000000000000000, -0.000000000000000000 ) ) ;
#380 = AXIS2_PLACEMENT_3D ( 'NONE', #4179, #11164, #8218 ) ;
#381 = CARTESIAN_POINT ( 'NONE',  ( 23.40692999999999202, 43.29100000000001813, 3.000000000000000000 ) ) ;
#382 = CIRCLE ( 'NONE', #3730, 1.250000000000001110 ) ;
#383 = ORIENTED_EDGE ( 'NONE', *, *, #12481, .T. ) ;
#384 = FACE_OUTER_BOUND ( 'NONE', #12597, .T. ) ;
#385 = VERTEX_POINT ( 'NONE', #9666 ) ;
#386 = ORIENTED_EDGE ( 'NONE', *, *, #12438, .T. ) ;
#387 = ORIENTED_EDGE ( 'NONE', *, *, #1624, .F. ) ;
#388 = DIRECTION ( 'NONE',  ( -0.000000000000000000, -0.000000000000000000, -1.000000000000000000 ) ) ;
#389 = FACE_OUTER_BOUND ( 'NONE', #6865, .T. ) ;
#390 = DIRECTION ( 'NONE',  ( 1.000000000000000000, 0.000000000000000000, 0.000000000000000000 ) ) ;
#391 = ADVANCED_FACE ( 'NONE', ( #5762 ), #1643, .T. ) ;
#392 = CARTESIAN_POINT ( 'NONE',  ( 59.48149999999999693, 26.77250000000000085, 3.000000000000000000 ) ) ;
#393 = LINE ( 'NONE', #3284, #1631 ) ;
#394 = LINE ( 'NONE', #12349, #9289 ) ;
#395 = LINE ( 'NONE', #4516, #334 ) ;
#396 = CARTESIAN_POINT ( 'NONE',  ( 93.10720000000000596, 45.82269999999999754, 3.000000000000000000 ) ) ;
#397 = VERTEX_POINT ( 'NONE', #3803 ) ;
#398 = VERTEX_POINT ( 'NONE', #5636 ) ;
#399 = EDGE_CURVE ( 'NONE', #1394, #11236, #3542, .T. ) ;
#401 = ORIENTED_EDGE ( 'NONE', *, *, #5620, .T. ) ;
#400 = CARTESIAN_POINT ( 'NONE',  ( 40.71970000000000312, 97.92189999999999372, 3.000000000000000000 ) ) ;
#402 = FACE_OUTER_BOUND ( 'NONE', #12178, .T. ) ;
#403 = ORIENTED_EDGE ( 'NONE', *, *, #7195, .F. ) ;
#404 = CARTESIAN_POINT ( 'NONE',  ( 32.05040000000000333, 17.02149999999999963, 3.000000000000000000 ) ) ;
#405 = CARTESIAN_POINT ( 'NONE',  ( 188.3569999999999993, 59.82189999999999941, 3.000000000000000000 ) ) ;
#406 = DIRECTION ( 'NONE',  ( -0.000000000000000000, -0.000000000000000000, -1.000000000000000000 ) ) ;
#407 = DIRECTION ( 'NONE',  ( -1.000000000000000000, 0.000000000000000000, 0.000000000000000000 ) ) ;
#408 = DIRECTION ( 'NONE',  ( 0.000000000000000000, 0.000000000000000000, 1.000000000000000000 ) ) ;
#409 = ORIENTED_EDGE ( 'NONE', *, *, #9598, .T. ) ;
#410 = ORIENTED_EDGE ( 'NONE', *, *, #11725, .T. ) ;
#411 = EDGE_LOOP ( 'NONE', ( #4983, #2157, #9364, #7888 ) ) ;
#412 = LINE ( 'NONE', #3312, #10166 ) ;
#413 = ORIENTED_EDGE ( 'NONE', *, *, #11138, .T. ) ;
#414 = FACE_BOUND ( 'NONE', #9889, .T. ) ;
#415 = EDGE_CURVE ( 'NONE', #3325, #1559, #2822, .T. ) ;
#416 = CYLINDRICAL_SURFACE ( 'NONE', #10351, 1.249999999999999334 ) ;
#417 = DIRECTION ( 'NONE',  ( -0.000000000000000000, -1.000000000000000000, -0.000000000000000000 ) ) ;
#418 = CARTESIAN_POINT ( 'NONE',  ( 54.71900000000000119, 97.92189999999999372, 0.000000000000000000 ) ) ;
#419 = ADVANCED_FACE ( 'NONE', ( #8506 ), #9604, .T. ) ;
#420 = EDGE_CURVE ( 'NONE', #4553, #12368, #12312, .T. ) ;
#421 = VECTOR ( 'NONE', #1686, 1000.000000000000000 ) ;
#423 = EDGE_LOOP ( 'NONE', ( #214, #10102, #6287, #12730 ) ) ;
#422 = VERTEX_POINT ( 'NONE', #11628 ) ;
#424 = ORIENTED_EDGE ( 'NONE', *, *, #5874, .F. ) ;
#425 = CARTESIAN_POINT ( 'NONE',  ( 188.3569999999999993, 40.77190000000000225, 3.000000000000000000 ) ) ;
#426 = ORIENTED_EDGE ( 'NONE', *, *, #11119, .F. ) ;
#427 = VERTEX_POINT ( 'NONE', #6674 ) ;
#428 = AXIS2_PLACEMENT_3D ( 'NONE', #10298, #4434, #237 ) ;
#429 = CARTESIAN_POINT ( 'NONE',  ( 145.4950000000000045, 16.95949999999999847, 0.000000000000000000 ) ) ;
#430 = LINE ( 'NONE', #7173, #5246 ) ;
#431 = CARTESIAN_POINT ( 'NONE',  ( 116.9180000000000064, 83.92270000000000607, 3.000000000000000000 ) ) ;
#432 = DIRECTION ( 'NONE',  ( 0.000000000000000000, 1.000000000000000000, 0.000000000000000000 ) ) ;
#433 = EDGE_CURVE ( 'NONE', #12716, #7922, #10411, .T. ) ;
#434 = CARTESIAN_POINT ( 'NONE',  ( 160.7949999999999875, 21.95950000000000557, -7.000000000000000000 ) ) ;
#435 = CARTESIAN_POINT ( 'NONE',  ( 202.3569999999999993, 83.92270000000000607, 0.000000000000000000 ) ) ;
#436 = EDGE_CURVE ( 'NONE', #3798, #609, #1894, .T. ) ;
#437 = VECTOR ( 'NONE', #4788, 1000.000000000000000 ) ;
#438 = CARTESIAN_POINT ( 'NONE',  ( 206.1330000000000098, 105.4340820000000178, 3.000000000000000000 ) ) ;
#439 = EDGE_LOOP ( 'NONE', ( #8576, #4477 ) ) ;
#440 = DIRECTION ( 'NONE',  ( 0.000000000000000000, -0.000000000000000000, -1.000000000000000000 ) ) ;
#441 = ORIENTED_EDGE ( 'NONE', *, *, #285, .F. ) ;
#442 = AXIS2_PLACEMENT_3D ( 'NONE', #5425, #3281, #12345 ) ;
#443 = ORIENTED_EDGE ( 'NONE', *, *, #8692, .F. ) ;
#444 = ORIENTED_EDGE ( 'NONE', *, *, #10508, .F. ) ;
#445 = DIRECTION ( 'NONE',  ( 0.000000000000000000, 1.000000000000000000, 0.000000000000000000 ) ) ;
#446 = DIRECTION ( 'NONE',  ( 0.000000000000000000, -1.000000000000000000, 0.000000000000000000 ) ) ;
#447 = VECTOR ( 'NONE', #11133, 1000.000000000000000 ) ;
#448 = PLANE ( 'NONE',  #2540 ) ;
#449 = EDGE_CURVE ( 'NONE', #2496, #2672, #4062, .T. ) ;
#450 = CARTESIAN_POINT ( 'NONE',  ( 59.76970000000000027, 83.92270000000000607, 0.000000000000000000 ) ) ;
#451 = AXIS2_PLACEMENT_3D ( 'NONE', #823, #11533, #1614 ) ;
#452 = PLANE ( 'NONE',  #3941 ) ;
#453 = LINE ( 'NONE', #7383, #3037 ) ;
#454 = CARTESIAN_POINT ( 'NONE',  ( 111.8689999999999998, 83.92270000000000607, 3.000000000000000000 ) ) ;
#455 = CARTESIAN_POINT ( 'NONE',  ( 150.2570000000000050, 64.87269999999999470, 3.000000000000000000 ) ) ;
#456 = CARTESIAN_POINT ( 'NONE',  ( 166.0440000000000111, 96.45159999999999911, 3.000000000000000000 ) ) ;
#457 = ORIENTED_EDGE ( 'NONE', *, *, #496, .F. ) ;
#458 = ORIENTED_EDGE ( 'NONE', *, *, #5951, .T. ) ;
#459 = ADVANCED_FACE ( 'NONE', ( #1960 ), #4849, .T. ) ;
#460 = CARTESIAN_POINT ( 'NONE',  ( 59.48149999999999693, 40.77190000000000225, 0.000000000000000000 ) ) ;
#462 = EDGE_LOOP ( 'NONE', ( #12513, #3094, #7201, #9460 ) ) ;
#461 = LINE ( 'NONE', #8441, #12148 ) ;
#463 = LINE ( 'NONE', #3484, #3844 ) ;
#464 = ORIENTED_EDGE ( 'NONE', *, *, #6706, .F. ) ;
#465 = DIRECTION ( 'NONE',  ( -0.000000000000000000, -0.000000000000000000, -1.000000000000000000 ) ) ;
#466 = DIRECTION ( 'NONE',  ( -2.276539994720219842E-16, 1.000000000000000000, 0.000000000000000000 ) ) ;
#467 = DIRECTION ( 'NONE',  ( 0.000000000000000000, 0.000000000000000000, 1.000000000000000000 ) ) ;
#468 = CARTESIAN_POINT ( 'NONE',  ( 197.3819299999999828, -2.065918000000003474, 0.000000000000000000 ) ) ;
#469 = EDGE_CURVE ( 'NONE', #5631, #2030, #62, .T. ) ;
#470 = VECTOR ( 'NONE', #2998, 1000.000000000000000 ) ;
#471 = LINE ( 'NONE', #6490, #12209 ) ;
#472 = VECTOR ( 'NONE', #835, 1000.000000000000000 ) ;
#473 = CARTESIAN_POINT ( 'NONE',  ( 59.48149999999999693, 126.4969999999999999, 3.000000000000000000 ) ) ;
#474 = VERTEX_POINT ( 'NONE', #2027 ) ;
#475 = ADVANCED_FACE ( 'NONE', ( #7905 ), #10844, .T. ) ;
#476 = ORIENTED_EDGE ( 'NONE', *, *, #7466, .T. ) ;
#477 = CARTESIAN_POINT ( 'NONE',  ( 92.81900000000000261, 83.92270000000000607, 3.000000000000000000 ) ) ;
#478 = ORIENTED_EDGE ( 'NONE', *, *, #1037, .T. ) ;
#479 = FACE_BOUND ( 'NONE', #576, .T. ) ;
#480 = CIRCLE ( 'NONE', #11125, 0.5000000000000004441 ) ;
#481 = CARTESIAN_POINT ( 'NONE',  ( 116.6320000000000192, 26.77250000000000085, 0.000000000000000000 ) ) ;
#482 = DIRECTION ( 'NONE',  ( -0.000000000000000000, -0.000000000000000000, -1.000000000000000000 ) ) ;
#483 = DIRECTION ( 'NONE',  ( 0.000000000000000000, 0.000000000000000000, -1.000000000000000000 ) ) ;
#484 = AXIS2_PLACEMENT_3D ( 'NONE', #4189, #445, #2419 ) ;
#485 = EDGE_CURVE ( 'NONE', #12162, #6925, #8890, .T. ) ;
#486 = VECTOR ( 'NONE', #12422, 1000.000000000000000 ) ;
#487 = EDGE_CURVE ( 'NONE', #5039, #2047, #12081, .T. ) ;
#488 = VECTOR ( 'NONE', #16, 1000.000000000000000 ) ;
#490 = ORIENTED_EDGE ( 'NONE', *, *, #8498, .F. ) ;
#489 = VERTEX_POINT ( 'NONE', #3143 ) ;
#491 = EDGE_LOOP ( 'NONE', ( #3898, #9569, #12601, #1815 ) ) ;
#492 = CARTESIAN_POINT ( 'NONE',  ( 47.57529999999999859, 21.72200000000000131, 3.000000000000000000 ) ) ;
#493 = EDGE_LOOP ( 'NONE', ( #4431, #8574, #5538, #3867 ) ) ;
#494 = ORIENTED_EDGE ( 'NONE', *, *, #12662, .T. ) ;
#495 = LINE ( 'NONE', #4685, #12204 ) ;
#496 = EDGE_CURVE ( 'NONE', #7664, #9692, #5954, .T. ) ;
#497 = CARTESIAN_POINT ( 'NONE',  ( 164.5449999999999875, 22.01000000000000156, 3.000000000000000000 ) ) ;
#498 = VECTOR ( 'NONE', #2544, 1000.000000000000000 ) ;
#499 = PLANE ( 'NONE',  #11114 ) ;
#500 = DIRECTION ( 'NONE',  ( -0.000000000000000000, -1.000000000000000000, -0.000000000000000000 ) ) ;
#501 = ADVANCED_FACE ( 'NONE', ( #8102 ), #11949, .T. ) ;
#502 = LINE ( 'NONE', #12201, #7977 ) ;
#503 = DIRECTION ( 'NONE',  ( -0.000000000000000000, -0.000000000000000000, -1.000000000000000000 ) ) ;
#504 = VECTOR ( 'NONE', #9332, 1000.000000000000000 ) ;
#505 = DIRECTION ( 'NONE',  ( 0.000000000000000000, 1.000000000000000000, 0.000000000000000000 ) ) ;
#506 = EDGE_LOOP ( 'NONE', ( #1042, #11155, #10971, #10053 ) ) ;
#507 = CARTESIAN_POINT ( 'NONE',  ( 12.14470000000000205, 78.87189999999999657, 3.000000000000000000 ) ) ;
#508 = ORIENTED_EDGE ( 'NONE', *, *, #415, .T. ) ;
#509 = ORIENTED_EDGE ( 'NONE', *, *, #3012, .T. ) ;
#510 = VERTEX_POINT ( 'NONE', #3011 ) ;
#511 = DIRECTION ( 'NONE',  ( 0.000000000000000000, 1.000000000000000000, -0.000000000000000000 ) ) ;
#512 = ADVANCED_FACE ( 'NONE', ( #9926 ), #5107, .T. ) ;
#513 = DIRECTION ( 'NONE',  ( 0.000000000000000000, -1.000000000000000000, 0.000000000000000000 ) ) ;
#514 = EDGE_CURVE ( 'NONE', #7482, #9099, #5042, .T. ) ;
#515 = VECTOR ( 'NONE', #10746, 1000.000000000000000 ) ;
#516 = DIRECTION ( 'NONE',  ( -1.000000000000000000, -0.000000000000000000, -0.000000000000000000 ) ) ;
#517 = LINE ( 'NONE', #10637, #6416 ) ;
#518 = DIRECTION ( 'NONE',  ( -0.000000000000000000, -0.000000000000000000, 1.000000000000000000 ) ) ;
#519 = CARTESIAN_POINT ( 'NONE',  ( 40.71970000000000312, 97.92189999999999372, 3.000000000000000000 ) ) ;
#520 = DIRECTION ( 'NONE',  ( -0.000000000000000000, -1.000000000000000000, -0.000000000000000000 ) ) ;
#521 = DIRECTION ( 'NONE',  ( 0.000000000000000000, -0.000000000000000000, 1.000000000000000000 ) ) ;
#522 = VECTOR ( 'NONE', #10274, 1000.000000000000000 ) ;
#523 = VERTEX_POINT ( 'NONE', #9018 ) ;
#524 = CARTESIAN_POINT ( 'NONE',  ( 158.6370000000000005, 55.12149999999999750, 0.000000000000000000 ) ) ;
#525 = ORIENTED_EDGE ( 'NONE', *, *, #2085, .F. ) ;
#526 = ORIENTED_EDGE ( 'NONE', *, *, #1458, .F. ) ;
#527 = ADVANCED_FACE ( 'NONE', ( #4984 ), #8031, .T. ) ;
#528 = PLANE ( 'NONE',  #5878 ) ;
#530 = ORIENTED_EDGE ( 'NONE', *, *, #3577, .F. ) ;
#529 = DIRECTION ( 'NONE',  ( -0.000000000000000000, 1.000000000000000000, -0.000000000000000000 ) ) ;
#531 = CARTESIAN_POINT ( 'NONE',  ( 55.85040000000000049, 20.25169999999999959, 0.000000000000000000 ) ) ;
#532 = ORIENTED_EDGE ( 'NONE', *, *, #4505, .T. ) ;
#533 = AXIS2_PLACEMENT_3D ( 'NONE', #11833, #4856, #6619 ) ;
#534 = LINE ( 'NONE', #4532, #5044 ) ;
#535 = DIRECTION ( 'NONE',  ( 0.000000000000000000, 0.000000000000000000, 1.000000000000000000 ) ) ;
#536 = CARTESIAN_POINT ( 'NONE',  ( 78.81969999999999743, 83.92270000000000607, 0.000000000000000000 ) ) ;
#537 = ADVANCED_FACE ( 'NONE', ( #983 ), #10058, .F. ) ;
#538 = CARTESIAN_POINT ( 'NONE',  ( 188.3569999999999993, 97.92189999999999372, 3.000000000000000000 ) ) ;
#539 = FACE_OUTER_BOUND ( 'NONE', #4044, .T. ) ;
#540 = VECTOR ( 'NONE', #4055, 1000.000000000000000 ) ;
#541 = VERTEX_POINT ( 'NONE', #6082 ) ;
#542 = EDGE_LOOP ( 'NONE', ( #10949, #7517, #11807, #5741 ) ) ;
#543 = DIRECTION ( 'NONE',  ( 0.000000000000000000, 0.000000000000000000, 1.000000000000000000 ) ) ;
#544 = EDGE_LOOP ( 'NONE', ( #5813, #4681, #10827, #8770 ) ) ;
#545 = EDGE_CURVE ( 'NONE', #7884, #2434, #9797, .T. ) ;
#546 = DIRECTION ( 'NONE',  ( -0.000000000000000000, -1.000000000000000000, -0.000000000000000000 ) ) ;
#547 = CARTESIAN_POINT ( 'NONE',  ( 10.11892999999999532, 62.84100000000002240, 0.000000000000000000 ) ) ;
#548 = VECTOR ( 'NONE', #12631, 1000.000000000000000 ) ;
#549 = PLANE ( 'NONE',  #2578 ) ;
#550 = CIRCLE ( 'NONE', #4324, 1.250000000000001110 ) ;
#551 = EDGE_CURVE ( 'NONE', #5071, #9165, #11823, .T. ) ;
#552 = DIRECTION ( 'NONE',  ( 0.000000000000000000, 0.000000000000000000, -1.000000000000000000 ) ) ;
#554 = ORIENTED_EDGE ( 'NONE', *, *, #2879, .T. ) ;
#553 = ORIENTED_EDGE ( 'NONE', *, *, #11309, .F. ) ;
#555 = VECTOR ( 'NONE', #7508, 1000.000000000000000 ) ;
#556 = ORIENTED_EDGE ( 'NONE', *, *, #4580, .F. ) ;
#557 = LINE ( 'NONE', #7543, #11558 ) ;
#558 = EDGE_LOOP ( 'NONE', ( #6626, #5151, #6210, #2768 ) ) ;
#559 = VECTOR ( 'NONE', #8763, 1000.000000000000000 ) ;
#560 = VERTEX_POINT ( 'NONE', #9209 ) ;
#561 = EDGE_CURVE ( 'NONE', #4216, #6816, #318, .T. ) ;
#562 = DIRECTION ( 'NONE',  ( -0.000000000000000000, -0.000000000000000000, -1.000000000000000000 ) ) ;
#563 = DIRECTION ( 'NONE',  ( -0.000000000000000000, 1.000000000000000000, -0.000000000000000000 ) ) ;
#564 = CARTESIAN_POINT ( 'NONE',  ( 183.5949999999999989, 2.960030000000000161, 3.000000000000000000 ) ) ;
#565 = AXIS2_PLACEMENT_3D ( 'NONE', #6555, #291, #5583 ) ;
#566 = CARTESIAN_POINT ( 'NONE',  ( 64.53220000000000312, 112.4980000000000047, 3.000000000000000000 ) ) ;
#567 = ADVANCED_FACE ( 'NONE', ( #2294 ), #6149, .T. ) ;
#568 = VECTOR ( 'NONE', #2320, 1000.000000000000000 ) ;
#569 = CIRCLE ( 'NONE', #8077, 1.250000000000001110 ) ;
#570 = DIRECTION ( 'NONE',  ( 1.000000000000000000, 0.000000000000000000, 0.000000000000000000 ) ) ;
#571 = EDGE_CURVE ( 'NONE', #9440, #6450, #5360, .T. ) ;
#572 = CARTESIAN_POINT ( 'NONE',  ( 188.3569999999999993, 45.82269999999999754, 3.000000000000000000 ) ) ;
#573 = ORIENTED_EDGE ( 'NONE', *, *, #4537, .T. ) ;
#574 = DIRECTION ( 'NONE',  ( 0.000000000000000000, 0.000000000000000000, 1.000000000000000000 ) ) ;
#575 = VERTEX_POINT ( 'NONE', #8296 ) ;
#576 = EDGE_LOOP ( 'NONE', ( #3428, #10729, #4677, #6306, #10565, #9380, #1685, #9813, #1121, #11789, #1717, #3742, #8819, #8293, #12074, #7735, #370, #2522, #2141, #10710, #1912, #12436, #5089, #1340, #7991, #4204, #2211, #11775, #7734, #9492, #4678, #348, #9945, #8801, #3254, #731, #7437, #7622, #3564, #6954, #11896, #3765, #8966, #6879 ) ) ;
#577 = ORIENTED_EDGE ( 'NONE', *, *, #1937, .T. ) ;
#578 = ADVANCED_FACE ( 'NONE', ( #10193 ), #7258, .T. ) ;
#579 = CARTESIAN_POINT ( 'NONE',  ( 137.2179999999999893, 93.22150000000000603, 3.000000000000000000 ) ) ;
#580 = CARTESIAN_POINT ( 'NONE',  ( 54.12530000000000285, 20.25169999999999959, 0.000000000000000000 ) ) ;
#581 = EDGE_CURVE ( 'NONE', #7300, #8976, #5236, .T. ) ;
#582 = CARTESIAN_POINT ( 'NONE',  ( 23.90692999999999913, 24.74100000000002098, 0.000000000000000000 ) ) ;
#583 = LINE ( 'NONE', #3727, #12256 ) ;
#584 = VECTOR ( 'NONE', #3861, 1000.000000000000000 ) ;
#585 = LINE ( 'NONE', #1757, #2684 ) ;
#586 = ADVANCED_FACE ( 'NONE', ( #2227 ), #10252, .T. ) ;
#587 = CARTESIAN_POINT ( 'NONE',  ( 0.09392999999999207539, 81.39100000000000534, 3.000000000000000000 ) ) ;
#588 = EDGE_CURVE ( 'NONE', #3260, #11930, #4319, .T. ) ;
#589 = DIRECTION ( 'NONE',  ( 0.000000000000000000, -0.000000000000000000, -1.000000000000000000 ) ) ;
#590 = PLANE ( 'NONE',  #945 ) ;
#591 = ORIENTED_EDGE ( 'NONE', *, *, #9515, .T. ) ;
#592 = EDGE_LOOP ( 'NONE', ( #5132, #3296, #8244, #4400 ) ) ;
#593 = LINE ( 'NONE', #11494, #3802 ) ;
#594 = DIRECTION ( 'NONE',  ( -1.000000000000000000, -0.000000000000000000, -0.000000000000000000 ) ) ;
#595 = CARTESIAN_POINT ( 'NONE',  ( 47.57529999999999859, 21.72200000000000131, 3.000000000000000000 ) ) ;
#596 = ORIENTED_EDGE ( 'NONE', *, *, #6570, .T. ) ;
#597 = LINE ( 'NONE', #4222, #3167 ) ;
#598 = LINE ( 'NONE', #10527, #8287 ) ;
#599 = EDGE_CURVE ( 'NONE', #332, #8321, #2357, .T. ) ;
#600 = FACE_OUTER_BOUND ( 'NONE', #355, .T. ) ;
#601 = FACE_OUTER_BOUND ( 'NONE', #5799, .T. ) ;
#602 = DIRECTION ( 'NONE',  ( 0.000000000000000000, 0.000000000000000000, 1.000000000000000000 ) ) ;
#603 = DIRECTION ( 'NONE',  ( 0.000000000000000000, 0.000000000000000000, 1.000000000000000000 ) ) ;
#604 = LINE ( 'NONE', #6365, #1774 ) ;
#605 = VERTEX_POINT ( 'NONE', #9150 ) ;
#607 = ORIENTED_EDGE ( 'NONE', *, *, #12478, .F. ) ;
#606 = VERTEX_POINT ( 'NONE', #8228 ) ;
#608 = FACE_BOUND ( 'NONE', #9731, .T. ) ;
#609 = VERTEX_POINT ( 'NONE', #8422 ) ;
#610 = FACE_BOUND ( 'NONE', #6959, .T. ) ;
#611 = CYLINDRICAL_SURFACE ( 'NONE', #7633, 1.250000000000001110 ) ;
#612 = CARTESIAN_POINT ( 'NONE',  ( 159.4939999999999998, 97.92189999999999372, 3.000000000000000000 ) ) ;
#613 = EDGE_CURVE ( 'NONE', #6898, #2856, #9395, .T. ) ;
#614 = CARTESIAN_POINT ( 'NONE',  ( 90.67530000000000712, 14.24100000000001920, 0.000000000000000000 ) ) ;
#616 = ORIENTED_EDGE ( 'NONE', *, *, #1981, .F. ) ;
#615 = ORIENTED_EDGE ( 'NONE', *, *, #53, .T. ) ;
#617 = ORIENTED_EDGE ( 'NONE', *, *, #5328, .T. ) ;
#618 = DIRECTION ( 'NONE',  ( -1.000000000000000000, -0.000000000000000000, -0.000000000000000000 ) ) ;
#619 = EDGE_LOOP ( 'NONE', ( #4011, #8531, #3698, #946 ) ) ;
#620 = EDGE_CURVE ( 'NONE', #6767, #7962, #11295, .T. ) ;
#621 = ORIENTED_EDGE ( 'NONE', *, *, #8580, .T. ) ;
#622 = CARTESIAN_POINT ( 'NONE',  ( 107.3950000000000102, 64.87269999999999470, 3.000000000000000000 ) ) ;
#623 = CARTESIAN_POINT ( 'NONE',  ( 166.2119999999999891, 55.12149999999999750, 3.000000000000000000 ) ) ;
#624 = PLANE ( 'NONE',  #2148 ) ;
#625 = CARTESIAN_POINT ( 'NONE',  ( 137.2179999999999893, 84.15269999999999584, 3.000000000000000000 ) ) ;
#626 = PLANE ( 'NONE',  #4743 ) ;
#627 = EDGE_CURVE ( 'NONE', #510, #9964, #1302, .T. ) ;
#628 = ORIENTED_EDGE ( 'NONE', *, *, #2512, .T. ) ;
#629 = ORIENTED_EDGE ( 'NONE', *, *, #469, .T. ) ;
#630 = CARTESIAN_POINT ( 'NONE',  ( 30.90660000000000451, 59.82189999999999941, 3.000000000000000000 ) ) ;
#631 = ORIENTED_EDGE ( 'NONE', *, *, #12581, .T. ) ;
#632 = VERTEX_POINT ( 'NONE', #12143 ) ;
#633 = VERTEX_POINT ( 'NONE', #9269 ) ;
#634 = EDGE_CURVE ( 'NONE', #2976, #7619, #6401, .T. ) ;
#635 = DIRECTION ( 'NONE',  ( 0.000000000000000000, 0.000000000000000000, 1.000000000000000000 ) ) ;
#636 = CARTESIAN_POINT ( 'NONE',  ( 143.1119999999999948, 45.82269999999999754, 3.000000000000000000 ) ) ;
#637 = DIRECTION ( 'NONE',  ( -0.000000000000000000, -0.000000000000000000, -1.000000000000000000 ) ) ;
#638 = AXIS2_PLACEMENT_3D ( 'NONE', #9484, #3116, #5206 ) ;
#639 = FACE_OUTER_BOUND ( 'NONE', #12502, .T. ) ;
#640 = DIRECTION ( 'NONE',  ( 0.000000000000000000, 0.000000000000000000, 1.000000000000000000 ) ) ;
#641 = DIRECTION ( 'NONE',  ( 0.000000000000000000, 1.000000000000000000, 0.000000000000000000 ) ) ;
#642 = LINE ( 'NONE', #8751, #8062 ) ;
#643 = ORIENTED_EDGE ( 'NONE', *, *, #3521, .T. ) ;
#644 = CARTESIAN_POINT ( 'NONE',  ( 27.02609999999999957, 6.972859999999999836, 0.000000000000000000 ) ) ;
#645 = ORIENTED_EDGE ( 'NONE', *, *, #8514, .T. ) ;
#646 = ADVANCED_FACE ( 'NONE', ( #12403 ), #12341, .T. ) ;
#647 = ORIENTED_EDGE ( 'NONE', *, *, #1652, .F. ) ;
#648 = ORIENTED_EDGE ( 'NONE', *, *, #3872, .T. ) ;
#649 = LINE ( 'NONE', #1207, #1075 ) ;
#650 = VECTOR ( 'NONE', #2853, 1000.000000000000000 ) ;
#651 = CARTESIAN_POINT ( 'NONE',  ( 85.67529999999999291, 21.72200000000000131, 3.000000000000000000 ) ) ;
#652 = FACE_OUTER_BOUND ( 'NONE', #6130, .T. ) ;
#653 = ORIENTED_EDGE ( 'NONE', *, *, #8539, .T. ) ;
#654 = EDGE_CURVE ( 'NONE', #10692, #7019, #7189, .T. ) ;
#655 = AXIS2_PLACEMENT_3D ( 'NONE', #7490, #11470, #5611 ) ;
#656 = DIRECTION ( 'NONE',  ( 0.000000000000000000, 1.000000000000000000, -0.000000000000000000 ) ) ;
#657 = FACE_OUTER_BOUND ( 'NONE', #3619, .T. ) ;
#658 = CARTESIAN_POINT ( 'NONE',  ( 12.14470000000000205, 78.87189999999999657, 0.000000000000000000 ) ) ;
#659 = DIRECTION ( 'NONE',  ( -0.000000000000000000, -0.000000000000000000, -1.000000000000000000 ) ) ;
#660 = CARTESIAN_POINT ( 'NONE',  ( 20.63193000000000055, 102.9218999999999937, 3.000000000000000000 ) ) ;
#661 = LINE ( 'NONE', #2765, #12234 ) ;
#662 = FACE_OUTER_BOUND ( 'NONE', #10584, .T. ) ;
#663 = ORIENTED_EDGE ( 'NONE', *, *, #2456, .T. ) ;
#665 = EDGE_LOOP ( 'NONE', ( #7874, #6448, #6382, #10678 ) ) ;
#664 = VERTEX_POINT ( 'NONE', #11173 ) ;
#666 = FACE_BOUND ( 'NONE', #4713, .T. ) ;
#667 = VERTEX_POINT ( 'NONE', #1432 ) ;
#668 = ADVANCED_FACE ( 'NONE', ( #6217 ), #5423, .T. ) ;
#669 = CARTESIAN_POINT ( 'NONE',  ( 35.95720000000000027, 45.82269999999999754, 3.000000000000000000 ) ) ;
#670 = ADVANCED_FACE ( 'NONE', ( #12655 ), #12527, .T. ) ;
#671 = EDGE_CURVE ( 'NONE', #1880, #6767, #5621, .T. ) ;
#672 = DIRECTION ( 'NONE',  ( 1.000000000000000000, -0.000000000000000000, -0.000000000000000000 ) ) ;
#673 = AXIS2_PLACEMENT_3D ( 'NONE', #1454, #2761, #9074 ) ;
#674 = LINE ( 'NONE', #4672, #7794 ) ;
#675 = DIRECTION ( 'NONE',  ( 0.000000000000000000, -0.000000000000000000, 1.000000000000000000 ) ) ;
#676 = DIRECTION ( 'NONE',  ( 0.000000000000000000, 0.000000000000000000, -1.000000000000000000 ) ) ;
#678 = VERTEX_POINT ( 'NONE', #9589 ) ;
#677 = ORIENTED_EDGE ( 'NONE', *, *, #40, .T. ) ;
#679 = ORIENTED_EDGE ( 'NONE', *, *, #6097, .T. ) ;
#680 = LINE ( 'NONE', #4679, #9421 ) ;
#681 = VECTOR ( 'NONE', #12844, 1000.000000000000000 ) ;
#682 = ORIENTED_EDGE ( 'NONE', *, *, #1668, .F. ) ;
#683 = EDGE_CURVE ( 'NONE', #10757, #11647, #4574, .T. ) ;
#684 = EDGE_CURVE ( 'NONE', #2466, #632, #1751, .T. ) ;
#685 = ORIENTED_EDGE ( 'NONE', *, *, #7564, .T. ) ;
#686 = LINE ( 'NONE', #5540, #1356 ) ;
#687 = DIRECTION ( 'NONE',  ( -1.000000000000000000, -0.000000000000000000, -0.000000000000000000 ) ) ;
#688 = DIRECTION ( 'NONE',  ( -0.000000000000000000, -0.000000000000000000, 1.000000000000000000 ) ) ;
#689 = CARTESIAN_POINT ( 'NONE',  ( 202.3569999999999993, 78.87189999999999657, 3.000000000000000000 ) ) ;
#690 = VECTOR ( 'NONE', #7668, 1000.000000000000000 ) ;
#691 = FACE_OUTER_BOUND ( 'NONE', #11575, .T. ) ;
#692 = VERTEX_POINT ( 'NONE', #7500 ) ;
#693 = ORIENTED_EDGE ( 'NONE', *, *, #5700, .F. ) ;
#694 = FACE_OUTER_BOUND ( 'NONE', #8080, .T. ) ;
#695 = ORIENTED_EDGE ( 'NONE', *, *, #11296, .F. ) ;
#696 = ORIENTED_EDGE ( 'NONE', *, *, #10907, .T. ) ;
#697 = ORIENTED_EDGE ( 'NONE', *, *, #9261, .F. ) ;
#698 = AXIS2_PLACEMENT_3D ( 'NONE', #2437, #5439, #8375 ) ;
#699 = FACE_OUTER_BOUND ( 'NONE', #423, .T. ) ;
#700 = CARTESIAN_POINT ( 'NONE',  ( 54.12530000000000285, 20.25169999999999959, 3.000000000000000000 ) ) ;
#701 = ADVANCED_FACE ( 'NONE', ( #6528 ), #10440, .T. ) ;
#702 = CARTESIAN_POINT ( 'NONE',  ( 50.82469999999999999, 7.952670000000000350, 3.000000000000000000 ) ) ;
#703 = AXIS2_PLACEMENT_3D ( 'NONE', #10899, #11880, #11099 ) ;
#704 = DIRECTION ( 'NONE',  ( 0.000000000000000000, 0.000000000000000000, -1.000000000000000000 ) ) ;
#705 = ADVANCED_FACE ( 'NONE', ( #2736 ), #5488, .T. ) ;
#706 = DIRECTION ( 'NONE',  ( -1.000000000000000000, -0.000000000000000000, -0.000000000000000000 ) ) ;
#707 = CARTESIAN_POINT ( 'NONE',  ( 23.90692999999999557, 42.79100000000001813, 0.000000000000000000 ) ) ;
#708 = DIRECTION ( 'NONE',  ( 0.000000000000000000, -1.000000000000000000, 0.000000000000000000 ) ) ;
#709 = ORIENTED_EDGE ( 'NONE', *, *, #968, .T. ) ;
#710 = LINE ( 'NONE', #3734, #5518 ) ;
#711 = ORIENTED_EDGE ( 'NONE', *, *, #4321, .T. ) ;
#712 = ORIENTED_EDGE ( 'NONE', *, *, #1024, .T. ) ;
#713 = EDGE_LOOP ( 'NONE', ( #10799, #9782, #8723, #9483 ) ) ;
#714 = LINE ( 'NONE', #10715, #7122 ) ;
#715 = VECTOR ( 'NONE', #9779, 1000.000000000000000 ) ;
#716 = LINE ( 'NONE', #3668, #3744 ) ;
#717 = CARTESIAN_POINT ( 'NONE',  ( 83.58220000000000027, 126.4969999999999999, 0.000000000000000000 ) ) ;
#718 = VERTEX_POINT ( 'NONE', #3651 ) ;
#719 = DIRECTION ( 'NONE',  ( -0.000000000000000000, -1.000000000000000000, -0.000000000000000000 ) ) ;
#720 = EDGE_CURVE ( 'NONE', #3028, #8983, #4509, .T. ) ;
#721 = CARTESIAN_POINT ( 'NONE',  ( 14.88192999999999877, 24.24100000000002453, 3.000000000000000000 ) ) ;
#722 = DIRECTION ( 'NONE',  ( 0.000000000000000000, -1.000000000000000000, 0.000000000000000000 ) ) ;
#723 = EDGE_CURVE ( 'NONE', #6192, #10289, #8488, .T. ) ;
#724 = FACE_OUTER_BOUND ( 'NONE', #8225, .T. ) ;
#725 = VECTOR ( 'NONE', #5118, 1000.000000000000000 ) ;
#726 = CARTESIAN_POINT ( 'NONE',  ( 145.4930000000000234, 88.62170000000001835, 0.000000000000000000 ) ) ;
#727 = CARTESIAN_POINT ( 'NONE',  ( 134.8369999999999891, 58.35159999999999769, 0.000000000000000000 ) ) ;
#728 = DIRECTION ( 'NONE',  ( 0.000000000000000000, 0.000000000000000000, 1.000000000000000000 ) ) ;
#729 = EDGE_CURVE ( 'NONE', #6128, #10249, #6659, .T. ) ;
#730 = ORIENTED_EDGE ( 'NONE', *, *, #5874, .T. ) ;
#732 = EDGE_LOOP ( 'NONE', ( #6001, #966, #11067, #950 ) ) ;
#731 = ORIENTED_EDGE ( 'NONE', *, *, #1269, .F. ) ;
#733 = VECTOR ( 'NONE', #4794, 1000.000000000000000 ) ;
#734 = FACE_BOUND ( 'NONE', #3341, .T. ) ;
#735 = ORIENTED_EDGE ( 'NONE', *, *, #11044, .T. ) ;
#736 = EDGE_CURVE ( 'NONE', #10070, #3764, #4633, .T. ) ;
#737 = FACE_BOUND ( 'NONE', #8314, .T. ) ;
#738 = FACE_OUTER_BOUND ( 'NONE', #3329, .T. ) ;
#739 = LINE ( 'NONE', #12697, #11755 ) ;
#740 = CARTESIAN_POINT ( 'NONE',  ( 140.4439999999999884, 64.87269999999999470, 3.000000000000000000 ) ) ;
#741 = AXIS2_PLACEMENT_3D ( 'NONE', #9724, #4776, #8750 ) ;
#742 = LINE ( 'NONE', #7671, #9929 ) ;
#744 = ORIENTED_EDGE ( 'NONE', *, *, #9490, .F. ) ;
#743 = ORIENTED_EDGE ( 'NONE', *, *, #9161, .F. ) ;
#745 = EDGE_CURVE ( 'NONE', #7884, #718, #7626, .T. ) ;
#746 = ADVANCED_FACE ( 'NONE', ( #5682 ), #4769, .T. ) ;
#747 = ORIENTED_EDGE ( 'NONE', *, *, #3414, .T. ) ;
#748 = CARTESIAN_POINT ( 'NONE',  ( 107.1070000000000135, 45.82269999999999754, 0.000000000000000000 ) ) ;
#749 = VERTEX_POINT ( 'NONE', #10504 ) ;
#750 = ORIENTED_EDGE ( 'NONE', *, *, #1473, .T. ) ;
#751 = LINE ( 'NONE', #12911, #3911 ) ;
#752 = VECTOR ( 'NONE', #10212, 1000.000000000000000 ) ;
#753 = VECTOR ( 'NONE', #1060, 1000.000000000000000 ) ;
#754 = DIRECTION ( 'NONE',  ( -0.000000000000000000, -0.000000000000000000, -1.000000000000000000 ) ) ;
#755 = CARTESIAN_POINT ( 'NONE',  ( 197.5939999999999941, 2.960030000000000161, 3.000000000000000000 ) ) ;
#756 = CARTESIAN_POINT ( 'NONE',  ( 138.9430000000000121, 84.15269999999999584, 3.000000000000000000 ) ) ;
#757 = ADVANCED_FACE ( 'NONE', ( #1560 ), #1627, .T. ) ;
#758 = VECTOR ( 'NONE', #2747, 1000.000000000000000 ) ;
#759 = LINE ( 'NONE', #11600, #4328 ) ;
#760 = ORIENTED_EDGE ( 'NONE', *, *, #2161, .F. ) ;
#761 = VECTOR ( 'NONE', #2895, 1000.000000000000000 ) ;
#762 = EDGE_LOOP ( 'NONE', ( #6436, #1814 ) ) ;
#763 = DIRECTION ( 'NONE',  ( 0.000000000000000000, -1.000000000000000000, 0.000000000000000000 ) ) ;
#764 = ORIENTED_EDGE ( 'NONE', *, *, #5964, .T. ) ;
#765 = ORIENTED_EDGE ( 'NONE', *, *, #9136, .T. ) ;
#766 = ORIENTED_EDGE ( 'NONE', *, *, #11327, .F. ) ;
#767 = EDGE_LOOP ( 'NONE', ( #12206, #12600, #12385, #6930 ) ) ;
#768 = CARTESIAN_POINT ( 'NONE',  ( 116.6320000000000192, 126.4969999999999999, 3.000000000000000000 ) ) ;
#769 = AXIS2_PLACEMENT_3D ( 'NONE', #12186, #10096, #4599 ) ;
#770 = AXIS2_PLACEMENT_3D ( 'NONE', #5565, #708, #589 ) ;
#771 = DIRECTION ( 'NONE',  ( 1.000000000000000000, 0.000000000000000000, 0.000000000000000000 ) ) ;
#772 = FACE_OUTER_BOUND ( 'NONE', #9856, .T. ) ;
#773 = VECTOR ( 'NONE', #4773, 1000.000000000000000 ) ;
#774 = CARTESIAN_POINT ( 'NONE',  ( 69.00650000000000261, 45.82269999999999754, 3.000000000000000000 ) ) ;
#775 = CARTESIAN_POINT ( 'NONE',  ( 136.5620000000000118, 59.27230000000000132, 3.000000000000000000 ) ) ;
#776 = AXIS2_PLACEMENT_3D ( 'NONE', #6762, #4673, #6694 ) ;
#777 = PLANE ( 'NONE',  #2425 ) ;
#778 = CARTESIAN_POINT ( 'NONE',  ( 59.48149999999999693, 112.4980000000000047, 0.000000000000000000 ) ) ;
#779 = ORIENTED_EDGE ( 'NONE', *, *, #5033, .T. ) ;
#780 = CARTESIAN_POINT ( 'NONE',  ( 178.5440000000000111, 16.95949999999999847, 0.000000000000000000 ) ) ;
#781 = ORIENTED_EDGE ( 'NONE', *, *, #1601, .F. ) ;
#782 = EDGE_LOOP ( 'NONE', ( #2622, #5742, #760, #9493 ) ) ;
#783 = CIRCLE ( 'NONE', #1409, 1.250000000000001110 ) ;
#784 = ORIENTED_EDGE ( 'NONE', *, *, #6456, .F. ) ;
#785 = CARTESIAN_POINT ( 'NONE',  ( 97.86830000000000496, 83.92270000000000607, 0.000000000000000000 ) ) ;
#786 = DIRECTION ( 'NONE',  ( 0.000000000000000000, -1.000000000000000000, 0.000000000000000000 ) ) ;
#787 = ADVANCED_FACE ( 'NONE', ( #699 ), #3722, .F. ) ;
#788 = CARTESIAN_POINT ( 'NONE',  ( 165.3880000000000052, 58.35159999999999769, 3.000000000000000000 ) ) ;
#789 = ORIENTED_EDGE ( 'NONE', *, *, #2817, .F. ) ;
#790 = VECTOR ( 'NONE', #7323, 1000.000000000000000 ) ;
#791 = CARTESIAN_POINT ( 'NONE',  ( 165.3880000000000052, 52.32260000000000133, 0.000000000000000000 ) ) ;
#792 = DIRECTION ( 'NONE',  ( 1.000000000000000000, -0.000000000000000000, -0.000000000000000000 ) ) ;
#793 = CARTESIAN_POINT ( 'NONE',  ( 50.82469999999999999, 7.952670000000000350, 0.000000000000000000 ) ) ;
#794 = LINE ( 'NONE', #12682, #12665 ) ;
#795 = CARTESIAN_POINT ( 'NONE',  ( 14.38192999999999344, 62.34100000000002240, 0.000000000000000000 ) ) ;
#796 = CARTESIAN_POINT ( 'NONE',  ( 164.5449999999999875, 2.960030000000000161, 3.000000000000000000 ) ) ;
#797 = ADVANCED_FACE ( 'NONE', ( #11543 ), #6596, .T. ) ;
#798 = CARTESIAN_POINT ( 'NONE',  ( 90.67530000000000712, 14.24100000000001920, 0.000000000000000000 ) ) ;
#799 = ORIENTED_EDGE ( 'NONE', *, *, #10123, .F. ) ;
#800 = VECTOR ( 'NONE', #5410, 1000.000000000000000 ) ;
#802 = ORIENTED_EDGE ( 'NONE', *, *, #12878, .F. ) ;
#801 = LINE ( 'NONE', #10264, #5687 ) ;
#803 = ADVANCED_FACE ( 'NONE', ( #1944 ), #5939, .T. ) ;
#804 = FACE_BOUND ( 'NONE', #9235, .T. ) ;
#805 = VERTEX_POINT ( 'NONE', #11808 ) ;
#806 = FACE_BOUND ( 'NONE', #1797, .T. ) ;
#807 = CARTESIAN_POINT ( 'NONE',  ( 45.48219999999999885, 40.77190000000000225, 3.000000000000000000 ) ) ;
#808 = CARTESIAN_POINT ( 'NONE',  ( 55.85040000000000049, 14.22269999999999968, 3.000000000000000000 ) ) ;
#809 = LINE ( 'NONE', #1789, #4757 ) ;
#810 = CARTESIAN_POINT ( 'NONE',  ( 25.30079999999999885, 20.25169999999999959, 3.000000000000000000 ) ) ;
#811 = CARTESIAN_POINT ( 'NONE',  ( 165.3880000000000052, 46.05270000000000152, 0.000000000000000000 ) ) ;
#813 = VERTEX_POINT ( 'NONE', #10042 ) ;
#812 = ORIENTED_EDGE ( 'NONE', *, *, #10657, .F. ) ;
#814 = ORIENTED_EDGE ( 'NONE', *, *, #9503, .F. ) ;
#815 = DIRECTION ( 'NONE',  ( -0.000000000000000000, -0.000000000000000000, -1.000000000000000000 ) ) ;
#816 = VERTEX_POINT ( 'NONE', #1093 ) ;
#817 = EDGE_CURVE ( 'NONE', #4810, #7418, #7953, .T. ) ;
#818 = VERTEX_POINT ( 'NONE', #1030 ) ;
#819 = CARTESIAN_POINT ( 'NONE',  ( 69.29470000000000596, 64.87269999999999470, 0.000000000000000000 ) ) ;
#820 = CARTESIAN_POINT ( 'NONE',  ( 21.38169999999999860, 112.4980000000000047, 3.000000000000000000 ) ) ;
#821 = CARTESIAN_POINT ( 'NONE',  ( 16.61919999999999931, 83.92270000000000607, 0.000000000000000000 ) ) ;
#822 = EDGE_CURVE ( 'NONE', #7418, #6199, #109, .T. ) ;
#823 = CARTESIAN_POINT ( 'NONE',  ( 92.81900000000000261, 97.92189999999999372, 3.000000000000000000 ) ) ;
#824 = CARTESIAN_POINT ( 'NONE',  ( 50.24470000000000169, 78.87189999999999657, 0.000000000000000000 ) ) ;
#825 = ORIENTED_EDGE ( 'NONE', *, *, #6060, .F. ) ;
#826 = ORIENTED_EDGE ( 'NONE', *, *, #1512, .F. ) ;
#827 = LINE ( 'NONE', #9584, #92 ) ;
#828 = EDGE_LOOP ( 'NONE', ( #9764, #7817, #59, #1626 ) ) ;
#829 = ORIENTED_EDGE ( 'NONE', *, *, #2597, .T. ) ;
#830 = ORIENTED_EDGE ( 'NONE', *, *, #8945, .F. ) ;
#831 = VERTEX_POINT ( 'NONE', #1882 ) ;
#832 = CARTESIAN_POINT ( 'NONE',  ( 188.3569999999999993, 83.92270000000000607, 3.000000000000000000 ) ) ;
#833 = CARTESIAN_POINT ( 'NONE',  ( 136.5620000000000118, 59.27230000000000132, 0.000000000000000000 ) ) ;
#834 = EDGE_CURVE ( 'NONE', #4863, #5217, #2009, .T. ) ;
#835 = DIRECTION ( 'NONE',  ( -0.000000000000000000, -1.000000000000000000, -0.000000000000000000 ) ) ;
#836 = EDGE_CURVE ( 'NONE', #10551, #10484, #5029, .T. ) ;
#837 = FACE_OUTER_BOUND ( 'NONE', #8708, .T. ) ;
#838 = DIRECTION ( 'NONE',  ( 0.000000000000000000, -1.000000000000000000, 0.000000000000000000 ) ) ;
#839 = ORIENTED_EDGE ( 'NONE', *, *, #9557, .T. ) ;
#840 = DIRECTION ( 'NONE',  ( -0.000000000000000000, 1.000000000000000000, -0.000000000000000000 ) ) ;
#841 = ORIENTED_EDGE ( 'NONE', *, *, #10547, .F. ) ;
#842 = AXIS2_PLACEMENT_3D ( 'NONE', #3529, #9526, #11480 ) ;
#843 = ORIENTED_EDGE ( 'NONE', *, *, #3489, .T. ) ;
#844 = ORIENTED_EDGE ( 'NONE', *, *, #8161, .F. ) ;
#845 = CARTESIAN_POINT ( 'NONE',  ( 159.4939999999999998, 93.22150000000000603, 3.000000000000000000 ) ) ;
#846 = DIRECTION ( 'NONE',  ( -1.000000000000000000, -0.000000000000000000, -0.000000000000000000 ) ) ;
#847 = ADVANCED_FACE ( 'NONE', ( #2078 ), #9784, .F. ) ;
#848 = CARTESIAN_POINT ( 'NONE',  ( 26.14410000000000167, 64.87269999999999470, 3.000000000000000000 ) ) ;
#849 = ORIENTED_EDGE ( 'NONE', *, *, #3505, .F. ) ;
#850 = VECTOR ( 'NONE', #9383, 1000.000000000000000 ) ;
#851 = CARTESIAN_POINT ( 'NONE',  ( 178.5440000000000111, 16.95949999999999847, 3.000000000000000000 ) ) ;
#852 = CARTESIAN_POINT ( 'NONE',  ( 206.1330000000000098, 35.43408199999999653, 3.000000000000000000 ) ) ;
#853 = CARTESIAN_POINT ( 'NONE',  ( 0.5939299999999926305, 81.39100000000000534, 0.000000000000000000 ) ) ;
#854 = PLANE ( 'NONE',  #7881 ) ;
#855 = LINE ( 'NONE', #10794, #10538 ) ;
#856 = CARTESIAN_POINT ( 'NONE',  ( 136.3940000000000055, 93.22150000000000603, 3.000000000000000000 ) ) ;
#857 = ADVANCED_FACE ( 'NONE', ( #4968 ), #7891, .T. ) ;
#858 = VECTOR ( 'NONE', #12873, 1000.000000000000000 ) ;
#859 = VECTOR ( 'NONE', #7909, 1000.000000000000000 ) ;
#860 = DIRECTION ( 'NONE',  ( -1.000000000000000000, -0.000000000000000000, -0.000000000000000000 ) ) ;
#861 = ORIENTED_EDGE ( 'NONE', *, *, #10972, .F. ) ;
#863 = EDGE_LOOP ( 'NONE', ( #3481, #7983, #12783, #1089 ) ) ;
#862 = EDGE_LOOP ( 'NONE', ( #6926, #7841, #11631, #2553 ) ) ;
#864 = AXIS2_PLACEMENT_3D ( 'NONE', #12860, #3986, #5032 ) ;
#865 = FACE_BOUND ( 'NONE', #5600, .T. ) ;
#866 = ORIENTED_EDGE ( 'NONE', *, *, #8514, .F. ) ;
#867 = FACE_BOUND ( 'NONE', #5921, .T. ) ;
#868 = ADVANCED_FACE ( 'NONE', ( #5091 ), #3064, .T. ) ;
#869 = LINE ( 'NONE', #2646, #9307 ) ;
#870 = DIRECTION ( 'NONE',  ( -0.000000000000000000, -0.000000000000000000, -1.000000000000000000 ) ) ;
#871 = DIRECTION ( 'NONE',  ( 0.000000000000000000, -1.000000000000000000, 0.000000000000000000 ) ) ;
#872 = DIRECTION ( 'NONE',  ( 0.000000000000000000, 1.000000000000000000, 0.000000000000000000 ) ) ;
#873 = EDGE_CURVE ( 'NONE', #10019, #6214, #9068, .T. ) ;
#874 = DIRECTION ( 'NONE',  ( 0.000000000000000000, -0.000000000000000000, -1.000000000000000000 ) ) ;
#876 = ORIENTED_EDGE ( 'NONE', *, *, #10891, .T. ) ;
#875 = ORIENTED_EDGE ( 'NONE', *, *, #3927, .T. ) ;
#877 = ORIENTED_EDGE ( 'NONE', *, *, #13, .F. ) ;
#878 = CARTESIAN_POINT ( 'NONE',  ( 208.8830000000000098, 133.0209999999999866, 0.000000000000000000 ) ) ;
#879 = ORIENTED_EDGE ( 'NONE', *, *, #2766, .F. ) ;
#880 = VERTEX_POINT ( 'NONE', #11740 ) ;
#881 = FACE_OUTER_BOUND ( 'NONE', #3276, .T. ) ;
#882 = AXIS2_PLACEMENT_3D ( 'NONE', #8317, #3360, #2376 ) ;
#883 = CARTESIAN_POINT ( 'NONE',  ( 143.1119999999999948, 50.52170000000000272, 0.000000000000000000 ) ) ;
#884 = CIRCLE ( 'NONE', #9232, 1.250000000000001110 ) ;
#885 = DIRECTION ( 'NONE',  ( -1.000000000000000000, 0.000000000000000000, 0.000000000000000000 ) ) ;
#886 = LINE ( 'NONE', #7943, #2962 ) ;
#887 = ADVANCED_FACE ( 'NONE', ( #3984 ), #2807, .T. ) ;
#888 = LINE ( 'NONE', #5020, #12031 ) ;
#889 = VECTOR ( 'NONE', #885, 1000.000000000000000 ) ;
#890 = ORIENTED_EDGE ( 'NONE', *, *, #12817, .T. ) ;
#891 = VERTEX_POINT ( 'NONE', #4047 ) ;
#892 = DIRECTION ( 'NONE',  ( -0.000000000000000000, -0.000000000000000000, 1.000000000000000000 ) ) ;
#893 = ORIENTED_EDGE ( 'NONE', *, *, #2597, .F. ) ;
#894 = ADVANCED_FACE ( 'NONE', ( #10958 ), #5815, .T. ) ;
#895 = ORIENTED_EDGE ( 'NONE', *, *, #12014, .F. ) ;
#896 = ORIENTED_EDGE ( 'NONE', *, *, #5436, .F. ) ;
#897 = EDGE_CURVE ( 'NONE', #6175, #4825, #7824, .T. ) ;
#898 = DIRECTION ( 'NONE',  ( -0.000000000000000000, -0.000000000000000000, 1.000000000000000000 ) ) ;
#899 = DIRECTION ( 'NONE',  ( -0.000000000000000000, -0.000000000000000000, 1.000000000000000000 ) ) ;
#900 = EDGE_CURVE ( 'NONE', #1558, #8175, #10832, .T. ) ;
#901 = VECTOR ( 'NONE', #5209, 1000.000000000000000 ) ;
#902 = DIRECTION ( 'NONE',  ( 0.000000000000000000, 1.000000000000000000, 0.000000000000000000 ) ) ;
#903 = CARTESIAN_POINT ( 'NONE',  ( 208.8830000000000098, -4.565917999999999921, 0.000000000000000000 ) ) ;
#904 = CARTESIAN_POINT ( 'NONE',  ( 165.3880000000000052, 46.05270000000000152, 0.000000000000000000 ) ) ;
#905 = VECTOR ( 'NONE', #11359, 1000.000000000000000 ) ;
#906 = ORIENTED_EDGE ( 'NONE', *, *, #10632, .F. ) ;
#907 = DIRECTION ( 'NONE',  ( 1.000000000000000000, 0.000000000000000000, 0.000000000000000000 ) ) ;
#908 = AXIS2_PLACEMENT_3D ( 'NONE', #6545, #12738, #5637 ) ;
#909 = ORIENTED_EDGE ( 'NONE', *, *, #4607, .F. ) ;
#910 = VECTOR ( 'NONE', #10269, 1000.000000000000000 ) ;
#911 = VERTEX_POINT ( 'NONE', #6003 ) ;
#912 = ORIENTED_EDGE ( 'NONE', *, *, #3063, .F. ) ;
#913 = LINE ( 'NONE', #785, #5672 ) ;
#914 = ADVANCED_FACE ( 'NONE', ( #12858 ), #11873, .T. ) ;
#915 = ADVANCED_FACE ( 'NONE', ( #4372 ), #1158, .T. ) ;
#916 = CARTESIAN_POINT ( 'NONE',  ( 111.8689999999999998, 83.92270000000000607, 3.000000000000000000 ) ) ;
#917 = DIRECTION ( 'NONE',  ( -1.000000000000000000, -0.000000000000000000, -0.000000000000000000 ) ) ;
#918 = ORIENTED_EDGE ( 'NONE', *, *, #2681, .F. ) ;
#919 = AXIS2_PLACEMENT_3D ( 'NONE', #3339, #1359, #4315 ) ;
#920 = LINE ( 'NONE', #2759, #11701 ) ;
#921 = DIRECTION ( 'NONE',  ( 1.000000000000000000, 0.000000000000000000, 0.000000000000000000 ) ) ;
#922 = VECTOR ( 'NONE', #8877, 1000.000000000000000 ) ;
#923 = CARTESIAN_POINT ( 'NONE',  ( 139.8630000000000280, 58.35159999999999769, 3.000000000000000000 ) ) ;
#924 = LINE ( 'NONE', #726, #315 ) ;
#925 = CARTESIAN_POINT ( 'NONE',  ( 59.48149999999999693, 112.4980000000000047, 0.000000000000000000 ) ) ;
#926 = EDGE_CURVE ( 'NONE', #4488, #523, #6200, .T. ) ;
#927 = VECTOR ( 'NONE', #11400, 1000.000000000000000 ) ;
#928 = FACE_OUTER_BOUND ( 'NONE', #4782, .T. ) ;
#929 = ORIENTED_EDGE ( 'NONE', *, *, #12896, .F. ) ;
#931 = ORIENTED_EDGE ( 'NONE', *, *, #3241, .T. ) ;
#930 = CARTESIAN_POINT ( 'NONE',  ( 97.85692999999997710, 131.5209999999999866, 3.000000000000000000 ) ) ;
#932 = FACE_BOUND ( 'NONE', #1539, .T. ) ;
#933 = VERTEX_POINT ( 'NONE', #11225 ) ;
#934 = FACE_BOUND ( 'NONE', #5566, .T. ) ;
#935 = VECTOR ( 'NONE', #860, 1000.000000000000000 ) ;
#936 = CARTESIAN_POINT ( 'NONE',  ( 14.38193000000002364, -3.565918000000004806, 0.000000000000000000 ) ) ;
#937 = FACE_OUTER_BOUND ( 'NONE', #491, .T. ) ;
#938 = CARTESIAN_POINT ( 'NONE',  ( 0.09392999999999207539, 109.4709999999999894, 3.000000000000000000 ) ) ;
#939 = VECTOR ( 'NONE', #7998, 1000.000000000000000 ) ;
#940 = CARTESIAN_POINT ( 'NONE',  ( 47.57529999999999859, 17.02149999999999963, 3.000000000000000000 ) ) ;
#941 = DIRECTION ( 'NONE',  ( 0.000000000000000000, -1.000000000000000000, 0.000000000000000000 ) ) ;
#942 = VECTOR ( 'NONE', #9471, 1000.000000000000000 ) ;
#944 = EDGE_LOOP ( 'NONE', ( #2207, #8872, #9159, #3463 ) ) ;
#943 = ORIENTED_EDGE ( 'NONE', *, *, #11585, .F. ) ;
#945 = AXIS2_PLACEMENT_3D ( 'NONE', #8555, #5499, #5432 ) ;
#946 = ORIENTED_EDGE ( 'NONE', *, *, #11858, .F. ) ;
#947 = ADVANCED_FACE ( 'NONE', ( #9320 ), #12264, .F. ) ;
#948 = CARTESIAN_POINT ( 'NONE',  ( 13.88192999999999344, 61.84100000000002240, 0.000000000000000000 ) ) ;
#949 = VERTEX_POINT ( 'NONE', #10296 ) ;
#950 = ORIENTED_EDGE ( 'NONE', *, *, #7275, .T. ) ;
#951 = LINE ( 'NONE', #4951, #10571 ) ;
#952 = EDGE_CURVE ( 'NONE', #6459, #10019, #6322, .T. ) ;
#953 = PLANE ( 'NONE',  #8986 ) ;
#954 = PLANE ( 'NONE',  #4730 ) ;
#955 = VECTOR ( 'NONE', #9389, 1000.000000000000000 ) ;
#956 = UNCERTAINTY_MEASURE_WITH_UNIT (LENGTH_MEASURE( 1.000000000000000082E-05 ), #10270, 'distance_accuracy_value', 'NONE');
#957 = CARTESIAN_POINT ( 'NONE',  ( 49.95649999999999835, 59.82189999999999941, 3.000000000000000000 ) ) ;
#958 = DIRECTION ( 'NONE',  ( -1.000000000000000000, -0.000000000000000000, -0.000000000000000000 ) ) ;
#959 = ORIENTED_EDGE ( 'NONE', *, *, #9557, .F. ) ;
#960 = VERTEX_POINT ( 'NONE', #3330 ) ;
#961 = EDGE_CURVE ( 'NONE', #6671, #7358, #382, .T. ) ;
#962 = CARTESIAN_POINT ( 'NONE',  ( 165.3880000000000052, 58.35159999999999769, 3.000000000000000000 ) ) ;
#963 = VERTEX_POINT ( 'NONE', #176 ) ;
#964 = AXIS2_PLACEMENT_3D ( 'NONE', #6030, #5051, #7002 ) ;
#965 = VERTEX_POINT ( 'NONE', #8145 ) ;
#966 = ORIENTED_EDGE ( 'NONE', *, *, #9937, .F. ) ;
#967 = DIRECTION ( 'NONE',  ( 1.000000000000000000, 0.000000000000000000, -0.000000000000000000 ) ) ;
#968 = EDGE_CURVE ( 'NONE', #12599, #7075, #1285, .T. ) ;
#969 = DIRECTION ( 'NONE',  ( -1.000000000000000000, -0.000000000000000000, -0.000000000000000000 ) ) ;
#970 = CARTESIAN_POINT ( 'NONE',  ( 59.48149999999999693, 26.77250000000000085, 0.000000000000000000 ) ) ;
#971 = ADVANCED_FACE ( 'NONE', ( #6131 ), #2403, .T. ) ;
#972 = AXIS2_PLACEMENT_3D ( 'NONE', #7469, #9422, #344 ) ;
#973 = AXIS2_PLACEMENT_3D ( 'NONE', #10417, #8393, #12247 ) ;
#974 = CARTESIAN_POINT ( 'NONE',  ( 208.6330000000000098, 105.4340820000000178, 0.000000000000000000 ) ) ;
#975 = CARTESIAN_POINT ( 'NONE',  ( 138.9430000000000121, 96.45159999999999911, 3.000000000000000000 ) ) ;
#976 = EDGE_CURVE ( 'NONE', #9588, #6971, #4172, .T. ) ;
#977 = ORIENTED_EDGE ( 'NONE', *, *, #23, .T. ) ;
#978 = DIRECTION ( 'NONE',  ( 1.000000000000000000, 0.000000000000000000, 0.000000000000000000 ) ) ;
#979 = ORIENTED_EDGE ( 'NONE', *, *, #12629, .T. ) ;
#980 = ORIENTED_EDGE ( 'NONE', *, *, #12840, .T. ) ;
#981 = VECTOR ( 'NONE', #3114, 1000.000000000000000 ) ;
#982 = ORIENTED_EDGE ( 'NONE', *, *, #2766, .T. ) ;
#983 = FACE_OUTER_BOUND ( 'NONE', #8028, .T. ) ;
#984 = EDGE_CURVE ( 'NONE', #7170, #960, #11342, .T. ) ;
#985 = CARTESIAN_POINT ( 'NONE',  ( 102.6320000000000050, 126.4969999999999999, 3.000000000000000000 ) ) ;
#986 = ORIENTED_EDGE ( 'NONE', *, *, #12761, .T. ) ;
#987 = CARTESIAN_POINT ( 'NONE',  ( 20.63193000000001120, 14.24100000000001742, 0.000000000000000000 ) ) ;
#988 = LINE ( 'NONE', #7845, #7247 ) ;
#989 = EDGE_CURVE ( 'NONE', #11932, #7217, #9134, .T. ) ;
#990 = EDGE_CURVE ( 'NONE', #5956, #3010, #7171, .T. ) ;
#991 = PLANE ( 'NONE',  #6845 ) ;
#992 = DIRECTION ( 'NONE',  ( -0.000000000000000000, -1.000000000000000000, -0.000000000000000000 ) ) ;
#993 = PLANE ( 'NONE',  #1597 ) ;
#994 = VECTOR ( 'NONE', #8395, 1000.000000000000000 ) ;
#995 = LINE ( 'NONE', #10132, #8655 ) ;
#996 = ORIENTED_EDGE ( 'NONE', *, *, #12375, .T. ) ;
#998 = VERTEX_POINT ( 'NONE', #7361 ) ;
#997 = LINE ( 'NONE', #10919, #1718 ) ;
#999 = AXIS2_PLACEMENT_3D ( 'NONE', #10077, #8915, #4147 ) ;
#1000 = FACE_BOUND ( 'NONE', #5086, .T. ) ;
#1001 = ORIENTED_EDGE ( 'NONE', *, *, #12792, .F. ) ;
#1002 = DIRECTION ( 'NONE',  ( 0.000000000000000000, -1.000000000000000000, 0.000000000000000000 ) ) ;
#1003 = LINE ( 'NONE', #8971, #2170 ) ;
#1004 = EDGE_CURVE ( 'NONE', #4154, #2689, #12065, .T. ) ;
#1005 = FACE_OUTER_BOUND ( 'NONE', #9979, .T. ) ;
#1006 = VECTOR ( 'NONE', #7957, 1000.000000000000000 ) ;
#1007 = DIRECTION ( 'NONE',  ( -0.000000000000000000, -0.000000000000000000, -1.000000000000000000 ) ) ;
#1008 = FACE_OUTER_BOUND ( 'NONE', #1769, .T. ) ;
#1009 = VERTEX_POINT ( 'NONE', #8280 ) ;
#1010 = ORIENTED_EDGE ( 'NONE', *, *, #1422, .T. ) ;
#1011 = CARTESIAN_POINT ( 'NONE',  ( 202.3569999999999993, 97.92189999999999372, 3.000000000000000000 ) ) ;
#1012 = ORIENTED_EDGE ( 'NONE', *, *, #9760, .F. ) ;
#1013 = DIRECTION ( 'NONE',  ( 1.000000000000000000, 0.000000000000000000, 0.000000000000000000 ) ) ;
#1014 = ORIENTED_EDGE ( 'NONE', *, *, #3322, .F. ) ;
#1015 = LINE ( 'NONE', #4752, #9906 ) ;
#1016 = EDGE_CURVE ( 'NONE', #2856, #1173, #11157, .T. ) ;
#1017 = DIRECTION ( 'NONE',  ( 0.000000000000000000, -1.000000000000000000, 0.000000000000000000 ) ) ;
#1018 = CARTESIAN_POINT ( 'NONE',  ( 166.0440000000000111, 84.15269999999999584, 0.000000000000000000 ) ) ;
#1019 = LINE ( 'NONE', #4096, #9452 ) ;
#1020 = CARTESIAN_POINT ( 'NONE',  ( 141.5879999999999939, 55.12149999999999750, 0.000000000000000000 ) ) ;
#1021 = LINE ( 'NONE', #12917, #5367 ) ;
#1023 = EDGE_LOOP ( 'NONE', ( #6853, #8029, #2319, #2118 ) ) ;
#1022 = PLANE ( 'NONE',  #2441 ) ;
#1024 = EDGE_CURVE ( 'NONE', #4354, #2307, #6385, .T. ) ;
#1025 = ORIENTED_EDGE ( 'NONE', *, *, #11296, .T. ) ;
#1026 = DIRECTION ( 'NONE',  ( 0.000000000000000000, -1.000000000000000000, 0.000000000000000000 ) ) ;
#1027 = VERTEX_POINT ( 'NONE', #234 ) ;
#1028 = ORIENTED_EDGE ( 'NONE', *, *, #10149, .T. ) ;
#1029 = VERTEX_POINT ( 'NONE', #4109 ) ;
#1030 = CARTESIAN_POINT ( 'NONE',  ( 54.12530000000000285, 21.17220000000000368, 3.000000000000000000 ) ) ;
#1031 = CARTESIAN_POINT ( 'NONE',  ( 164.2570000000000050, 64.87269999999999470, 0.000000000000000000 ) ) ;
#1032 = DIRECTION ( 'NONE',  ( -0.000000000000000000, -0.000000000000000000, -1.000000000000000000 ) ) ;
#1033 = CARTESIAN_POINT ( 'NONE',  ( 134.0130000000000337, 55.12149999999999750, 3.000000000000000000 ) ) ;
#1034 = EDGE_CURVE ( 'NONE', #891, #7788, #2339, .T. ) ;
#1035 = CARTESIAN_POINT ( 'NONE',  ( 15.38193000000002542, -4.565918000000003474, 3.000000000000000000 ) ) ;
#1036 = DIRECTION ( 'NONE',  ( -0.000000000000000000, 1.000000000000000000, -0.000000000000000000 ) ) ;
#1037 = EDGE_CURVE ( 'NONE', #10714, #575, #372, .T. ) ;
#1038 = ORIENTED_EDGE ( 'NONE', *, *, #7553, .F. ) ;
#1039 = CARTESIAN_POINT ( 'NONE',  ( 97.58150000000000546, 26.77250000000000085, 0.000000000000000000 ) ) ;
#1040 = VERTEX_POINT ( 'NONE', #10107 ) ;
#1041 = EDGE_LOOP ( 'NONE', ( #6572, #7084, #9205, #6235 ) ) ;
#1042 = ORIENTED_EDGE ( 'NONE', *, *, #3243, .F. ) ;
#1043 = DIRECTION ( 'NONE',  ( 0.000000000000000000, 0.000000000000000000, 1.000000000000000000 ) ) ;
#1044 = CARTESIAN_POINT ( 'NONE',  ( 55.85040000000000049, 14.22269999999999968, 0.000000000000000000 ) ) ;
#1045 = ORIENTED_EDGE ( 'NONE', *, *, #10003, .F. ) ;
#1046 = DIRECTION ( 'NONE',  ( -0.000000000000000000, -1.000000000000000000, -0.000000000000000000 ) ) ;
#1047 = LINE ( 'NONE', #66, #3291 ) ;
#1048 = DIRECTION ( 'NONE',  ( 0.000000000000000000, 0.000000000000000000, 1.000000000000000000 ) ) ;
#1049 = EDGE_CURVE ( 'NONE', #818, #4997, #9446, .T. ) ;
#1050 = CARTESIAN_POINT ( 'NONE',  ( 185.9759999999999991, 112.4980000000000047, 3.000000000000000000 ) ) ;
#1051 = DIRECTION ( 'NONE',  ( -0.000000000000000000, -0.000000000000000000, -1.000000000000000000 ) ) ;
#1052 = LINE ( 'NONE', #5053, #1569 ) ;
#1053 = ORIENTED_EDGE ( 'NONE', *, *, #7375, .T. ) ;
#1054 = VECTOR ( 'NONE', #11158, 1000.000000000000000 ) ;
#1056 = ORIENTED_EDGE ( 'NONE', *, *, #8745, .T. ) ;
#1055 = FACE_OUTER_BOUND ( 'NONE', #5084, .T. ) ;
#1057 = EDGE_CURVE ( 'NONE', #371, #8556, #6645, .T. ) ;
#1058 = FACE_BOUND ( 'NONE', #10081, .T. ) ;
#1059 = ORIENTED_EDGE ( 'NONE', *, *, #7308, .T. ) ;
#1060 = DIRECTION ( 'NONE',  ( -0.000000000000000000, -0.000000000000000000, -1.000000000000000000 ) ) ;
#1061 = LINE ( 'NONE', #6826, #4050 ) ;
#1062 = FACE_OUTER_BOUND ( 'NONE', #11993, .T. ) ;
#1063 = VECTOR ( 'NONE', #1770, 1000.000000000000000 ) ;
#1064 = CARTESIAN_POINT ( 'NONE',  ( 145.4950000000000045, 16.95949999999999847, 3.000000000000000000 ) ) ;
#1065 = CARTESIAN_POINT ( 'NONE',  ( 7.382159999999999833, 112.4980000000000047, 3.000000000000000000 ) ) ;
#1066 = CIRCLE ( 'NONE', #3377, 1.250000000000001110 ) ;
#1067 = ORIENTED_EDGE ( 'NONE', *, *, #10891, .F. ) ;
#1068 = VERTEX_POINT ( 'NONE', #2529 ) ;
#1069 = LINE ( 'NONE', #1989, #650 ) ;
#1070 = EDGE_LOOP ( 'NONE', ( #3847, #10955 ) ) ;
#1071 = EDGE_CURVE ( 'NONE', #11538, #12708, #12574, .T. ) ;
#1073 = EDGE_CURVE ( 'NONE', #4350, #3239, #495, .T. ) ;
#1072 = DIRECTION ( 'NONE',  ( -0.000000000000000000, -0.000000000000000000, 1.000000000000000000 ) ) ;
#1074 = VERTEX_POINT ( 'NONE', #8471 ) ;
#1075 = VECTOR ( 'NONE', #10395, 1000.000000000000000 ) ;
#1076 = DIRECTION ( 'NONE',  ( 0.000000000000000000, 1.000000000000000000, -0.000000000000000000 ) ) ;
#1077 = LINE ( 'NONE', #12912, #2105 ) ;
#1078 = CARTESIAN_POINT ( 'NONE',  ( 167.7680000000000007, 84.15269999999999584, 0.000000000000000000 ) ) ;
#1079 = VECTOR ( 'NONE', #11863, 1000.000000000000000 ) ;
#1080 = CARTESIAN_POINT ( 'NONE',  ( 40.43149999999999977, 112.4980000000000047, 0.000000000000000000 ) ) ;
#1081 = CARTESIAN_POINT ( 'NONE',  ( 78.53149999999999409, 40.77190000000000225, 0.000000000000000000 ) ) ;
#1082 = CARTESIAN_POINT ( 'NONE',  ( 202.3569999999999993, 64.87269999999999470, 3.000000000000000000 ) ) ;
#1084 = ORIENTED_EDGE ( 'NONE', *, *, #2746, .F. ) ;
#1083 = CARTESIAN_POINT ( 'NONE',  ( 54.12530000000000285, 7.952670000000000350, 0.000000000000000000 ) ) ;
#1085 = EDGE_CURVE ( 'NONE', #12841, #11659, #4494, .T. ) ;
#1086 = EDGE_CURVE ( 'NONE', #8953, #8209, #3514, .T. ) ;
#1087 = ORIENTED_EDGE ( 'NONE', *, *, #11599, .T. ) ;
#1088 = CARTESIAN_POINT ( 'NONE',  ( 145.4950000000000045, 126.4969999999999999, 3.000000000000000000 ) ) ;
#1089 = ORIENTED_EDGE ( 'NONE', *, *, #9375, .T. ) ;
#1090 = EDGE_LOOP ( 'NONE', ( #5792, #8420, #6624, #12717 ) ) ;
#1091 = ORIENTED_EDGE ( 'NONE', *, *, #11465, .F. ) ;
#1092 = CLOSED_SHELL ( 'NONE', ( #6638, #2977, #6744, #6414, #9613, #5862, #947, #537, #6338, #4082, #6230, #3091, #12476, #3978, #11857, #255, #1484, #2051, #6577, #11914, #10334, #3125, #1973, #12330, #8183, #12140, #787, #5818, #6811, #8799, #3203, #1132, #4991, #11700, #4595, #3546, #267, #9732, #12559, #3996, #3822, #2284, #8178, #6633, #6622, #10845, #5085, #11654, #4464, #3787, #1218, #797, #3081, #9464, #8563, #586, #11867, #6183, #8049, #6498, #5857, #857, #1402, #11570, #6289, #8346, #5612, #8733, #3403, #6243, #5197, #10346, #2268, #7672, #6650, #6041, #3750, #9872, #7519, #9683, #914, #2556, #8332, #5317, #11720, #1376, #3465, #2546, #1323, #7842, #12125, #9787, #4227, #3952, #6891, #2491, #4692, #1854, #3695, #8272, #9498, #11108, #11927, #7340, #2624, #7698, #8349, #7861, #2564, #8613, #8982, #12674, #10798, #7477, #7934, #12558, #3001, #5226, #1399, #9340, #7653, #8476, #501, #3080, #10916, #7169, #5606, #5531, #12257, #8033, #6148, #7675, #915, #5222, #8101, #3186, #705, #10835, #1692, #8546, #10711, #4772, #7762, #2272, #354, #2328, #2947, #4759, #2342, #2017, #887, #2, #3388, #71, #3570, #4401, #1561, #4052, #11122, #8309, #5532, #3987, #6221, #3164, #9035, #12068, #4146, #2380, #10494, #10183, #8216, #4811, #1551, #6673, #2069, #8532, #8032, #10481, #7425, #10291, #9481, #5769, #11779, #11110, #9194, #8994, #10000, #670, #391, #7349, #10556, #746, #11422, #3231, #5503, #11523, #3616, #11970, #7268, #3592, #11876, #4424, #90, #9845, #12272, #6968, #3161, #10251, #10550, #9611, #9178, #12098, #5280, #10222, #6012, #2206, #8233, #4499, #475, #5876, #7797, #7494, #8592, #8081, #6349, #10611, #7629, #97, #646, #11649, #1346, #3304, #1252, #5794, #3726, #7411, #9577, #9895, #10961, #3002, #1107, #512, #10983, #3214, #9125, #8016, #5655, #757, #668, #11185, #7807, #11367, #10635, #2797, #5629, #11903, #7053, #10596, #2012, #5941, #6311, #1642, #8993, #7372, #11261, #11832, #5547, #5716, #5370, #12448, #2370, #10355, #294, #5265, #11018, #12025, #971, #6906, #9229, #6684, #8245, #9404, #10347, #7860, #5068, #5597, #4447, #5061, #1616, #10791, #9045, #7917, #12778, #7740, #323, #2398, #2365, #11078, #11176, #4377, #578, #5774, #459, #2122, #9755, #6089, #7069, #2634, #6493, #894, #5161, #1917, #1243, #11794, #250, #9775, #6667, #6153, #9544, #15, #527, #4379, #567, #10879, #7530, #4276, #10403, #1526, #10815, #7491, #5312, #2099, #868, #11815, #8487, #2302, #2599, #2245, #7696, #3346, #3362, #8315, #9281, #2651, #7729, #7682, #10113, #7192, #10495, #7179, #12134, #3474, #9094, #701, #8666, #10097, #9545, #12591, #8438, #419, #10944, #10858, #9980, #9288, #847, #4267, #4977, #8704, #4362, #803, #11351, #5570, #5000, #10957, #5935, #4702, #5541, #9344, #4760, #2187, #11201, #7912 ) ) ;
#1093 = CARTESIAN_POINT ( 'NONE',  ( 178.5440000000000111, 22.01000000000000156, 3.000000000000000000 ) ) ;
#1094 = LINE ( 'NONE', #5092, #12389 ) ;
#1095 = PLANE ( 'NONE',  #8610 ) ;
#1096 = CARTESIAN_POINT ( 'NONE',  ( 165.3880000000000052, 52.32260000000000133, 3.000000000000000000 ) ) ;
#1097 = LINE ( 'NONE', #5097, #4264 ) ;
#1098 = AXIS2_PLACEMENT_3D ( 'NONE', #7716, #9741, #7778 ) ;
#1099 = VECTOR ( 'NONE', #10963, 1000.000000000000000 ) ;
#1100 = FACE_OUTER_BOUND ( 'NONE', #2204, .T. ) ;
#1101 = DIRECTION ( 'NONE',  ( 0.000000000000000000, 0.000000000000000000, 1.000000000000000000 ) ) ;
#1102 = VERTEX_POINT ( 'NONE', #7610 ) ;
#1103 = DIRECTION ( 'NONE',  ( 0.000000000000000000, 0.000000000000000000, -1.000000000000000000 ) ) ;
#1104 = ORIENTED_EDGE ( 'NONE', *, *, #10873, .T. ) ;
#1105 = ORIENTED_EDGE ( 'NONE', *, *, #415, .F. ) ;
#1106 = EDGE_LOOP ( 'NONE', ( #6353, #7510, #7023, #9188 ) ) ;
#1107 = ADVANCED_FACE ( 'NONE', ( #11593 ), #1737, .T. ) ;
#1108 = VECTOR ( 'NONE', #7242, 1000.000000000000000 ) ;
#1109 = DIRECTION ( 'NONE',  ( 0.000000000000000000, 0.000000000000000000, 1.000000000000000000 ) ) ;
#1110 = LINE ( 'NONE', #5177, #2794 ) ;
#1111 = CARTESIAN_POINT ( 'NONE',  ( 160.3619999999999948, 46.05270000000000152, 3.000000000000000000 ) ) ;
#1112 = EDGE_CURVE ( 'NONE', #11722, #2383, #10488, .T. ) ;
#1113 = CARTESIAN_POINT ( 'NONE',  ( 55.85040000000000049, 20.25169999999999959, 3.000000000000000000 ) ) ;
#1114 = VECTOR ( 'NONE', #125, 1000.000000000000000 ) ;
#1115 = FACE_OUTER_BOUND ( 'NONE', #12011, .T. ) ;
#1116 = VECTOR ( 'NONE', #6357, 1000.000000000000000 ) ;
#1117 = LINE ( 'NONE', #11955, #1361 ) ;
#1118 = LINE ( 'NONE', #134, #2638 ) ;
#1119 = VECTOR ( 'NONE', #3957, 1000.000000000000000 ) ;
#1120 = CARTESIAN_POINT ( 'NONE',  ( 188.3569999999999993, 59.82189999999999941, 0.000000000000000000 ) ) ;
#1121 = ORIENTED_EDGE ( 'NONE', *, *, #2346, .F. ) ;
#1123 = ORIENTED_EDGE ( 'NONE', *, *, #2035, .F. ) ;
#1122 = DIRECTION ( 'NONE',  ( -0.000000000000000000, -0.000000000000000000, -1.000000000000000000 ) ) ;
#1124 = FACE_BOUND ( 'NONE', #5691, .T. ) ;
#1125 = ORIENTED_EDGE ( 'NONE', *, *, #9218, .T. ) ;
#1126 = VECTOR ( 'NONE', #8810, 1000.000000000000000 ) ;
#1127 = EDGE_CURVE ( 'NONE', #1156, #1607, #11530, .T. ) ;
#1128 = CARTESIAN_POINT ( 'NONE',  ( 2.619650000000000478, 83.92270000000000607, 3.000000000000000000 ) ) ;
#1129 = LINE ( 'NONE', #147, #10271 ) ;
#1130 = LINE ( 'NONE', #12037, #9968 ) ;
#1131 = CIRCLE ( 'NONE', #703, 1.250000000000001110 ) ;
#1132 = ADVANCED_FACE ( 'NONE', ( #8661 ), #2662, .T. ) ;
#1133 = CARTESIAN_POINT ( 'NONE',  ( 88.34470000000000312, 78.87189999999999657, 0.000000000000000000 ) ) ;
#1134 = CARTESIAN_POINT ( 'NONE',  ( 145.4930000000000234, 93.22150000000000603, 3.000000000000000000 ) ) ;
#1135 = ORIENTED_EDGE ( 'NONE', *, *, #6190, .T. ) ;
#1136 = ORIENTED_EDGE ( 'NONE', *, *, #3652, .F. ) ;
#1137 = EDGE_CURVE ( 'NONE', #10250, #9263, #1672, .T. ) ;
#1138 = DIRECTION ( 'NONE',  ( 0.000000000000000000, 0.000000000000000000, 1.000000000000000000 ) ) ;
#1139 = ORIENTED_EDGE ( 'NONE', *, *, #11615, .T. ) ;
#1140 = DIRECTION ( 'NONE',  ( 0.000000000000000000, 0.000000000000000000, 1.000000000000000000 ) ) ;
#1141 = VECTOR ( 'NONE', #1154, 1000.000000000000000 ) ;
#1142 = VERTEX_POINT ( 'NONE', #4560 ) ;
#1143 = FACE_OUTER_BOUND ( 'NONE', #3369, .T. ) ;
#1144 = DIRECTION ( 'NONE',  ( 0.000000000000000000, -1.000000000000000000, 0.000000000000000000 ) ) ;
#1145 = LINE ( 'NONE', #5208, #345 ) ;
#1146 = LINE ( 'NONE', #34, #11095 ) ;
#1147 = PLANE ( 'NONE',  #11004 ) ;
#1148 = FACE_OUTER_BOUND ( 'NONE', #4247, .T. ) ;
#1149 = EDGE_CURVE ( 'NONE', #4350, #4072, #686, .T. ) ;
#1150 = CIRCLE ( 'NONE', #10744, 0.9999999999999991118 ) ;
#1152 = VERTEX_POINT ( 'NONE', #12638 ) ;
#1151 = CARTESIAN_POINT ( 'NONE',  ( 167.7680000000000007, 84.15269999999999584, 3.000000000000000000 ) ) ;
#1153 = ORIENTED_EDGE ( 'NONE', *, *, #7030, .F. ) ;
#1154 = DIRECTION ( 'NONE',  ( 1.000000000000000000, 0.000000000000000000, 0.000000000000000000 ) ) ;
#1155 = ORIENTED_EDGE ( 'NONE', *, *, #11069, .F. ) ;
#1156 = VERTEX_POINT ( 'NONE', #3449 ) ;
#1157 = VERTEX_POINT ( 'NONE', #429 ) ;
#1158 = PLANE ( 'NONE',  #8105 ) ;
#1159 = AXIS2_PLACEMENT_3D ( 'NONE', #3677, #8766, #10598 ) ;
#1160 = LINE ( 'NONE', #8211, #1054 ) ;
#1161 = CARTESIAN_POINT ( 'NONE',  ( 142.2439999999999998, 83.17159999999999798, 3.000000000000000000 ) ) ;
#1162 = CARTESIAN_POINT ( 'NONE',  ( 145.4950000000000045, 112.4980000000000047, 3.000000000000000000 ) ) ;
#1163 = EDGE_CURVE ( 'NONE', #1591, #1068, #12387, .T. ) ;
#1164 = DIRECTION ( 'NONE',  ( -1.000000000000000000, 0.000000000000000000, 0.000000000000000000 ) ) ;
#1165 = CARTESIAN_POINT ( 'NONE',  ( 116.6320000000000192, 112.4980000000000047, 3.000000000000000000 ) ) ;
#1166 = VECTOR ( 'NONE', #11886, 1000.000000000000000 ) ;
#1167 = AXIS2_PLACEMENT_3D ( 'NONE', #10187, #7311, #2476 ) ;
#1168 = DIRECTION ( 'NONE',  ( -0.000000000000000000, -1.000000000000000000, -0.000000000000000000 ) ) ;
#1169 = ORIENTED_EDGE ( 'NONE', *, *, #4365, .T. ) ;
#1170 = DIRECTION ( 'NONE',  ( -0.000000000000000000, -0.000000000000000000, 1.000000000000000000 ) ) ;
#1171 = VERTEX_POINT ( 'NONE', #11405 ) ;
#1172 = ORIENTED_EDGE ( 'NONE', *, *, #2504, .F. ) ;
#1173 = VERTEX_POINT ( 'NONE', #2468 ) ;
#1174 = DIRECTION ( 'NONE',  ( 0.000000000000000000, -0.000000000000000000, -1.000000000000000000 ) ) ;
#1175 = DIRECTION ( 'NONE',  ( 0.000000000000000000, -1.000000000000000000, 0.000000000000000000 ) ) ;
#1176 = VECTOR ( 'NONE', #7280, 1000.000000000000000 ) ;
#1177 = DIRECTION ( 'NONE',  ( 0.000000000000000000, 0.000000000000000000, 1.000000000000000000 ) ) ;
#1178 = EDGE_CURVE ( 'NONE', #1171, #2060, #6451, .T. ) ;
#1179 = VECTOR ( 'NONE', #3374, 1000.000000000000000 ) ;
#1180 = LINE ( 'NONE', #193, #2015 ) ;
#1181 = DIRECTION ( 'NONE',  ( 0.000000000000000000, -1.000000000000000000, 0.000000000000000000 ) ) ;
#1182 = DIRECTION ( 'NONE',  ( 0.000000000000000000, -1.000000000000000000, 0.000000000000000000 ) ) ;
#1183 = DIRECTION ( 'NONE',  ( -0.000000000000000000, -1.000000000000000000, -0.000000000000000000 ) ) ;
#1184 = VECTOR ( 'NONE', #10449, 1000.000000000000000 ) ;
#1185 = DIRECTION ( 'NONE',  ( -0.000000000000000000, -0.000000000000000000, 1.000000000000000000 ) ) ;
#1186 = ORIENTED_EDGE ( 'NONE', *, *, #12751, .F. ) ;
#1187 = ORIENTED_EDGE ( 'NONE', *, *, #11281, .T. ) ;
#1188 = AXIS2_PLACEMENT_3D ( 'NONE', #3018, #4003, #8036 ) ;
#1189 = EDGE_CURVE ( 'NONE', #1625, #2641, #1479, .T. ) ;
#1191 = ORIENTED_EDGE ( 'NONE', *, *, #6323, .T. ) ;
#1190 = LINE ( 'NONE', #3025, #10480 ) ;
#1192 = FACE_BOUND ( 'NONE', #12259, .T. ) ;
#1193 = ORIENTED_EDGE ( 'NONE', *, *, #8087, .T. ) ;
#1194 = VECTOR ( 'NONE', #11699, 1000.000000000000000 ) ;
#1195 = VECTOR ( 'NONE', #38, 1000.000000000000000 ) ;
#1196 = DIRECTION ( 'NONE',  ( -0.000000000000000000, -1.000000000000000000, -0.000000000000000000 ) ) ;
#1197 = CARTESIAN_POINT ( 'NONE',  ( 54.12530000000000285, 21.17220000000000368, 0.000000000000000000 ) ) ;
#1198 = VECTOR ( 'NONE', #1405, 1000.000000000000000 ) ;
#1199 = DIRECTION ( 'NONE',  ( 1.000000000000000000, 0.000000000000000000, 0.000000000000000000 ) ) ;
#1200 = EDGE_CURVE ( 'NONE', #9412, #9753, #3573, .T. ) ;
#1201 = FACE_OUTER_BOUND ( 'NONE', #8808, .T. ) ;
#1202 = LINE ( 'NONE', #8187, #12613 ) ;
#1203 =( GEOMETRIC_REPRESENTATION_CONTEXT ( 3 ) GLOBAL_UNCERTAINTY_ASSIGNED_CONTEXT ( ( #956 ) ) GLOBAL_UNIT_ASSIGNED_CONTEXT ( ( #10270, #6553, #272 ) ) REPRESENTATION_CONTEXT ( 'NONE', 'WORKASPACE' ) );
#1204 = VERTEX_POINT ( 'NONE', #10555 ) ;
#1205 = EDGE_CURVE ( 'NONE', #11751, #5956, #1610, .T. ) ;
#1206 = ORIENTED_EDGE ( 'NONE', *, *, #5521, .T. ) ;
#1207 = CARTESIAN_POINT ( 'NONE',  ( 32.05040000000000333, 17.02149999999999963, 3.000000000000000000 ) ) ;
#1208 = ORIENTED_EDGE ( 'NONE', *, *, #9565, .F. ) ;
#1209 = DIRECTION ( 'NONE',  ( -1.000000000000000000, 0.000000000000000000, 0.000000000000000000 ) ) ;
#1210 = ORIENTED_EDGE ( 'NONE', *, *, #7307, .F. ) ;
#1211 = CARTESIAN_POINT ( 'NONE',  ( 55.85040000000000049, 14.22269999999999968, 0.000000000000000000 ) ) ;
#1212 = CARTESIAN_POINT ( 'NONE',  ( 107.1070000000000135, 59.82189999999999941, 3.000000000000000000 ) ) ;
#1213 = CARTESIAN_POINT ( 'NONE',  ( 64.24399999999999977, 78.87189999999999657, 3.000000000000000000 ) ) ;
#1214 = VECTOR ( 'NONE', #5495, 1000.000000000000000 ) ;
#1215 = CARTESIAN_POINT ( 'NONE',  ( 14.88192999999999877, 23.74100000000002098, 3.000000000000000000 ) ) ;
#1216 = CARTESIAN_POINT ( 'NONE',  ( 143.1119999999999948, 59.82189999999999941, 3.000000000000000000 ) ) ;
#1217 = CARTESIAN_POINT ( 'NONE',  ( 83.58220000000000027, 112.4980000000000047, 3.000000000000000000 ) ) ;
#1218 = ADVANCED_FACE ( 'NONE', ( #9830 ), #1800, .T. ) ;
#1220 = VERTEX_POINT ( 'NONE', #30 ) ;
#1219 = DIRECTION ( 'NONE',  ( 1.000000000000000000, -0.000000000000000000, -0.000000000000000000 ) ) ;
#1221 = EDGE_LOOP ( 'NONE', ( #9923, #369, #877, #11322 ) ) ;
#1222 = CARTESIAN_POINT ( 'NONE',  ( 140.4439999999999884, 64.87269999999999470, 0.000000000000000000 ) ) ;
#1223 = VERTEX_POINT ( 'NONE', #11980 ) ;
#1224 = ORIENTED_EDGE ( 'NONE', *, *, #4110, .T. ) ;
#1225 = ORIENTED_EDGE ( 'NONE', *, *, #5717, .F. ) ;
#1226 = DIRECTION ( 'NONE',  ( -0.000000000000000000, -0.000000000000000000, -1.000000000000000000 ) ) ;
#1227 = EDGE_CURVE ( 'NONE', #2075, #6658, #7878, .T. ) ;
#1228 = DIRECTION ( 'NONE',  ( -0.000000000000000000, -0.000000000000000000, -1.000000000000000000 ) ) ;
#1229 = CARTESIAN_POINT ( 'NONE',  ( 55.00719999999999743, 45.82269999999999754, 3.000000000000000000 ) ) ;
#1230 = CARTESIAN_POINT ( 'NONE',  ( 159.4939999999999998, 93.22150000000000603, 0.000000000000000000 ) ) ;
#1231 = CARTESIAN_POINT ( 'NONE',  ( 159.4939999999999998, 97.92189999999999372, 0.000000000000000000 ) ) ;
#1232 = LINE ( 'NONE', #8348, #8727 ) ;
#1233 = DIRECTION ( 'NONE',  ( -0.000000000000000000, -0.000000000000000000, -1.000000000000000000 ) ) ;
#1234 = EDGE_LOOP ( 'NONE', ( #7416, #3687, #10215, #106 ) ) ;
#1235 = CARTESIAN_POINT ( 'NONE',  ( 47.57529999999999859, 17.02149999999999963, 3.000000000000000000 ) ) ;
#1236 = ORIENTED_EDGE ( 'NONE', *, *, #9317, .T. ) ;
#1237 = ORIENTED_EDGE ( 'NONE', *, *, #7419, .T. ) ;
#1238 = VERTEX_POINT ( 'NONE', #1869 ) ;
#1239 = EDGE_CURVE ( 'NONE', #2479, #3902, #1015, .T. ) ;
#1240 = CARTESIAN_POINT ( 'NONE',  ( 30.90660000000000451, 59.82189999999999941, 0.000000000000000000 ) ) ;
#1241 = EDGE_CURVE ( 'NONE', #4143, #11218, #5859, .T. ) ;
#1242 = DIRECTION ( 'NONE',  ( 0.000000000000000000, -0.000000000000000000, -1.000000000000000000 ) ) ;
#1243 = ADVANCED_FACE ( 'NONE', ( #1994 ), #8726, .T. ) ;
#1244 = LINE ( 'NONE', #9212, #9416 ) ;
#1245 = CARTESIAN_POINT ( 'NONE',  ( 23.90692999999999913, 24.24100000000002098, 0.000000000000000000 ) ) ;
#1246 = PLANE ( 'NONE',  #373 ) ;
#1247 = CARTESIAN_POINT ( 'NONE',  ( 40.43149999999999977, 126.4969999999999999, 0.000000000000000000 ) ) ;
#1248 = DIRECTION ( 'NONE',  ( -0.000000000000000000, 1.000000000000000000, -0.000000000000000000 ) ) ;
#1249 = FACE_OUTER_BOUND ( 'NONE', #3368, .T. ) ;
#1250 = EDGE_LOOP ( 'NONE', ( #2483, #3171, #7136, #11183 ) ) ;
#1251 = ORIENTED_EDGE ( 'NONE', *, *, #12303, .F. ) ;
#1252 = ADVANCED_FACE ( 'NONE', ( #881 ), #10750, .T. ) ;
#1253 = EDGE_CURVE ( 'NONE', #4104, #11369, #1927, .T. ) ;
#1255 = ORIENTED_EDGE ( 'NONE', *, *, #4966, .T. ) ;
#1254 = CARTESIAN_POINT ( 'NONE',  ( 21.38169999999999860, 112.4980000000000047, 3.000000000000000000 ) ) ;
#1256 = DIRECTION ( 'NONE',  ( 1.000000000000000000, 0.000000000000000000, 0.000000000000000000 ) ) ;
#1257 = VERTEX_POINT ( 'NONE', #8861 ) ;
#1258 = CARTESIAN_POINT ( 'NONE',  ( 145.4930000000000234, 83.92270000000000607, 3.000000000000000000 ) ) ;
#1259 = CARTESIAN_POINT ( 'NONE',  ( 2.619650000000000478, 97.92189999999999372, 3.000000000000000000 ) ) ;
#1260 = EDGE_CURVE ( 'NONE', #7257, #12648, #4882, .T. ) ;
#1261 = CARTESIAN_POINT ( 'NONE',  ( 164.5449999999999875, 16.95949999999999847, 0.000000000000000000 ) ) ;
#1262 = DIRECTION ( 'NONE',  ( -0.000000000000000000, -1.000000000000000000, -0.000000000000000000 ) ) ;
#1263 = LINE ( 'NONE', #11198, #9511 ) ;
#1264 = ORIENTED_EDGE ( 'NONE', *, *, #9072, .F. ) ;
#1265 = VERTEX_POINT ( 'NONE', #6842 ) ;
#1266 = ORIENTED_EDGE ( 'NONE', *, *, #2804, .T. ) ;
#1267 = LINE ( 'NONE', #11137, #9442 ) ;
#1268 = ORIENTED_EDGE ( 'NONE', *, *, #6469, .F. ) ;
#1269 = EDGE_CURVE ( 'NONE', #9381, #8012, #7025, .T. ) ;
#1270 = CARTESIAN_POINT ( 'NONE',  ( 30.32509999999999906, 7.952670000000000350, 3.000000000000000000 ) ) ;
#1271 = VECTOR ( 'NONE', #11861, 1000.000000000000000 ) ;
#1272 = DIRECTION ( 'NONE',  ( -1.000000000000000000, 0.000000000000000000, 0.000000000000000000 ) ) ;
#1273 = CARTESIAN_POINT ( 'NONE',  ( 88.05649999999999977, 59.82189999999999941, 3.000000000000000000 ) ) ;
#1274 = EDGE_CURVE ( 'NONE', #2259, #186, #5331, .T. ) ;
#1275 = DIRECTION ( 'NONE',  ( 0.000000000000000000, 0.000000000000000000, -1.000000000000000000 ) ) ;
#1276 = LINE ( 'NONE', #8767, #143 ) ;
#1278 = ORIENTED_EDGE ( 'NONE', *, *, #12625, .T. ) ;
#1277 = VERTEX_POINT ( 'NONE', #819 ) ;
#1279 = VECTOR ( 'NONE', #3767, 1000.000000000000000 ) ;
#1280 = ORIENTED_EDGE ( 'NONE', *, *, #5951, .F. ) ;
#1281 = FACE_OUTER_BOUND ( 'NONE', #11166, .T. ) ;
#1282 = ORIENTED_EDGE ( 'NONE', *, *, #8041, .T. ) ;
#1283 = ORIENTED_EDGE ( 'NONE', *, *, #12724, .T. ) ;
#1284 = ORIENTED_EDGE ( 'NONE', *, *, #3631, .T. ) ;
#1285 = LINE ( 'NONE', #6262, #4775 ) ;
#1286 = VECTOR ( 'NONE', #11347, 1000.000000000000000 ) ;
#1287 = EDGE_CURVE ( 'NONE', #6059, #4601, #951, .T. ) ;
#1288 = LINE ( 'NONE', #5281, #7112 ) ;
#1289 = FACE_OUTER_BOUND ( 'NONE', #2870, .T. ) ;
#1290 = DIRECTION ( 'NONE',  ( -0.000000000000000000, -0.000000000000000000, -1.000000000000000000 ) ) ;
#1291 = EDGE_CURVE ( 'NONE', #11262, #10486, #12709, .T. ) ;
#1292 = CARTESIAN_POINT ( 'NONE',  ( 95.48710000000001230, 7.722520000000000273, 3.000000000000000000 ) ) ;
#1293 = CARTESIAN_POINT ( 'NONE',  ( 31.19470000000000098, 78.87189999999999657, 0.000000000000000000 ) ) ;
#1294 = EDGE_CURVE ( 'NONE', #10294, #8558, #8793, .T. ) ;
#1295 = PLANE ( 'NONE',  #1167 ) ;
#1296 = EDGE_LOOP ( 'NONE', ( #4603, #9011, #7804, #712 ) ) ;
#1297 = PLANE ( 'NONE',  #2590 ) ;
#1298 = EDGE_LOOP ( 'NONE', ( #11943, #3903, #9838, #8058 ) ) ;
#1299 = ORIENTED_EDGE ( 'NONE', *, *, #4665, .T. ) ;
#1300 = EDGE_LOOP ( 'NONE', ( #2572, #12433, #4296, #1427 ) ) ;
#1301 = EDGE_CURVE ( 'NONE', #606, #7748, #8984, .T. ) ;
#1302 = LINE ( 'NONE', #8160, #12171 ) ;
#1303 = DIRECTION ( 'NONE',  ( 0.000000000000000000, -1.000000000000000000, 0.000000000000000000 ) ) ;
#1304 = AXIS2_PLACEMENT_3D ( 'NONE', #8513, #2506, #467 ) ;
#1305 = CARTESIAN_POINT ( 'NONE',  ( 24.47530000000000072, 17.02149999999999963, 0.000000000000000000 ) ) ;
#1306 = LINE ( 'NONE', #10256, #9318 ) ;
#1307 = DIRECTION ( 'NONE',  ( -0.000000000000000000, 1.000000000000000000, -0.000000000000000000 ) ) ;
#1308 = DIRECTION ( 'NONE',  ( -1.000000000000000000, 0.000000000000000000, 0.000000000000000000 ) ) ;
#1309 = LINE ( 'NONE', #10260, #4952 ) ;
#1310 = EDGE_CURVE ( 'NONE', #186, #6941, #751, .T. ) ;
#1311 = EDGE_CURVE ( 'NONE', #9457, #10415, #7940, .T. ) ;
#1312 = DIRECTION ( 'NONE',  ( -1.000000000000000000, 0.000000000000000000, 0.000000000000000000 ) ) ;
#1313 = VECTOR ( 'NONE', #4049, 1000.000000000000000 ) ;
#1314 = VERTEX_POINT ( 'NONE', #2789 ) ;
#1315 = ORIENTED_EDGE ( 'NONE', *, *, #178, .F. ) ;
#1317 = ORIENTED_EDGE ( 'NONE', *, *, #7308, .F. ) ;
#1316 = LINE ( 'NONE', #11311, #4862 ) ;
#1318 = PLANE ( 'NONE',  #8842 ) ;
#1319 = ORIENTED_EDGE ( 'NONE', *, *, #11486, .F. ) ;
#1320 = FACE_OUTER_BOUND ( 'NONE', #2885, .T. ) ;
#1321 = CARTESIAN_POINT ( 'NONE',  ( 64.53220000000000312, 126.4969999999999999, 0.000000000000000000 ) ) ;
#1322 = VECTOR ( 'NONE', #7413, 1000.000000000000000 ) ;
#1323 = ADVANCED_FACE ( 'NONE', ( #2980 ), #6960, .T. ) ;
#1324 = DIRECTION ( 'NONE',  ( 0.000000000000000000, 0.000000000000000000, 1.000000000000000000 ) ) ;
#1325 = LINE ( 'NONE', #1521, #8276 ) ;
#1326 = DIRECTION ( 'NONE',  ( 0.000000000000000000, -0.000000000000000000, -1.000000000000000000 ) ) ;
#1327 = EDGE_LOOP ( 'NONE', ( #2696, #3073, #3665, #4797 ) ) ;
#1328 = ORIENTED_EDGE ( 'NONE', *, *, #1549, .F. ) ;
#1329 = VECTOR ( 'NONE', #7967, 1000.000000000000000 ) ;
#1330 = VERTEX_POINT ( 'NONE', #5139 ) ;
#1331 = PLANE ( 'NONE',  #6215 ) ;
#1332 = VERTEX_POINT ( 'NONE', #356 ) ;
#1333 = DIRECTION ( 'NONE',  ( -1.000000000000000000, -0.000000000000000000, -0.000000000000000000 ) ) ;
#1334 = AXIS2_PLACEMENT_3D ( 'NONE', #1889, #7705, #11682 ) ;
#1335 = DIRECTION ( 'NONE',  ( 0.000000000000000000, 0.000000000000000000, 1.000000000000000000 ) ) ;
#1336 = CARTESIAN_POINT ( 'NONE',  ( 140.4439999999999884, 64.87269999999999470, 3.000000000000000000 ) ) ;
#1337 = LINE ( 'NONE', #2581, #12887 ) ;
#1338 = DIRECTION ( 'NONE',  ( -1.000000000000000000, -0.000000000000000000, -0.000000000000000000 ) ) ;
#1340 = ORIENTED_EDGE ( 'NONE', *, *, #2444, .F. ) ;
#1339 = ORIENTED_EDGE ( 'NONE', *, *, #7318, .T. ) ;
#1341 = VECTOR ( 'NONE', #6511, 1000.000000000000000 ) ;
#1342 = ORIENTED_EDGE ( 'NONE', *, *, #4939, .T. ) ;
#1343 = DIRECTION ( 'NONE',  ( -0.000000000000000000, -0.000000000000000000, -1.000000000000000000 ) ) ;
#1344 = VERTEX_POINT ( 'NONE', #9179 ) ;
#1345 = VERTEX_POINT ( 'NONE', #283 ) ;
#1346 = ADVANCED_FACE ( 'NONE', ( #10090 ), #11328, .T. ) ;
#1347 = ORIENTED_EDGE ( 'NONE', *, *, #6780, .T. ) ;
#1348 = DIRECTION ( 'NONE',  ( -0.000000000000000000, -0.000000000000000000, -1.000000000000000000 ) ) ;
#1349 = CARTESIAN_POINT ( 'NONE',  ( 10.11892999999999532, 62.34100000000002240, 3.000000000000000000 ) ) ;
#1350 = CARTESIAN_POINT ( 'NONE',  ( 163.6630000000000109, 45.07159999999999656, 3.000000000000000000 ) ) ;
#1351 = DIRECTION ( 'NONE',  ( -0.000000000000000000, 1.000000000000000000, -0.000000000000000000 ) ) ;
#1352 = AXIS2_PLACEMENT_3D ( 'NONE', #4796, #4928, #10854 ) ;
#1353 = CARTESIAN_POINT ( 'NONE',  ( 7.382159999999999833, 126.4969999999999999, 0.000000000000000000 ) ) ;
#1354 = PLANE ( 'NONE',  #3104 ) ;
#1355 = EDGE_CURVE ( 'NONE', #8707, #1220, #6051, .T. ) ;
#1356 = VECTOR ( 'NONE', #9576, 1000.000000000000000 ) ;
#1357 = LINE ( 'NONE', #11352, #4941 ) ;
#1358 = EDGE_LOOP ( 'NONE', ( #7933, #6848, #5054, #4912 ) ) ;
#1359 = DIRECTION ( 'NONE',  ( 1.000000000000000000, 0.000000000000000000, -0.000000000000000000 ) ) ;
#1360 = VERTEX_POINT ( 'NONE', #10027 ) ;
#1361 = VECTOR ( 'NONE', #6934, 1000.000000000000000 ) ;
#1362 = EDGE_CURVE ( 'NONE', #5071, #8707, #3314, .T. ) ;
#1363 = ORIENTED_EDGE ( 'NONE', *, *, #1601, .T. ) ;
#1364 = VERTEX_POINT ( 'NONE', #5074 ) ;
#1365 = DIRECTION ( 'NONE',  ( -0.000000000000000000, -1.000000000000000000, -0.000000000000000000 ) ) ;
#1366 = CARTESIAN_POINT ( 'NONE',  ( 25.30079999999999885, 7.952670000000000350, 0.000000000000000000 ) ) ;
#1367 = DIRECTION ( 'NONE',  ( 0.000000000000000000, -1.000000000000000000, 0.000000000000000000 ) ) ;
#1368 = LINE ( 'NONE', #9399, #5798 ) ;
#1369 = VECTOR ( 'NONE', #1036, 1000.000000000000000 ) ;
#1370 = DIRECTION ( 'NONE',  ( 1.000000000000000000, -0.000000000000000000, -0.000000000000000000 ) ) ;
#1371 = EDGE_CURVE ( 'NONE', #10232, #5321, #12109, .T. ) ;
#1372 = CARTESIAN_POINT ( 'NONE',  ( 134.0130000000000337, 52.32260000000000133, 0.000000000000000000 ) ) ;
#1373 = LINE ( 'NONE', #9347, #11392 ) ;
#1374 = DIRECTION ( 'NONE',  ( -0.000000000000000000, -1.000000000000000000, -0.000000000000000000 ) ) ;
#1375 = VERTEX_POINT ( 'NONE', #6114 ) ;
#1376 = ADVANCED_FACE ( 'NONE', ( #12309 ), #8065, .T. ) ;
#1377 = VERTEX_POINT ( 'NONE', #7089 ) ;
#1379 = ORIENTED_EDGE ( 'NONE', *, *, #11310, .T. ) ;
#1378 = DIRECTION ( 'NONE',  ( -0.000000000000000000, 1.000000000000000000, -0.000000000000000000 ) ) ;
#1380 = AXIS2_PLACEMENT_3D ( 'NONE', #10320, #6409, #11430 ) ;
#1381 = VECTOR ( 'NONE', #1531, 1000.000000000000000 ) ;
#1382 = LINE ( 'NONE', #7516, #486 ) ;
#1383 = ORIENTED_EDGE ( 'NONE', *, *, #12700, .F. ) ;
#1384 = EDGE_CURVE ( 'NONE', #10020, #5725, #2322, .T. ) ;
#1385 = EDGE_CURVE ( 'NONE', #8541, #12210, #7348, .T. ) ;
#1386 = CARTESIAN_POINT ( 'NONE',  ( 31.19470000000000098, 64.87269999999999470, 3.000000000000000000 ) ) ;
#1387 = CARTESIAN_POINT ( 'NONE',  ( 102.3439999999999941, 64.87269999999999470, 3.000000000000000000 ) ) ;
#1388 = PLANE ( 'NONE',  #2033 ) ;
#1389 = DIRECTION ( 'NONE',  ( -1.000000000000000000, 0.000000000000000000, 0.000000000000000000 ) ) ;
#1390 = VECTOR ( 'NONE', #12548, 1000.000000000000000 ) ;
#1391 = LINE ( 'NONE', #473, #6168 ) ;
#1392 = ORIENTED_EDGE ( 'NONE', *, *, #12414, .T. ) ;
#1393 = EDGE_LOOP ( 'NONE', ( #11979, #5245, #11003, #9571 ) ) ;
#1394 = VERTEX_POINT ( 'NONE', #2126 ) ;
#1395 = VECTOR ( 'NONE', #8990, 1000.000000000000000 ) ;
#1396 = AXIS2_PLACEMENT_3D ( 'NONE', #12245, #5264, #4158 ) ;
#1397 = DIRECTION ( 'NONE',  ( -0.000000000000000000, 1.000000000000000000, -0.000000000000000000 ) ) ;
#1398 = ORIENTED_EDGE ( 'NONE', *, *, #7893, .F. ) ;
#1399 = ADVANCED_FACE ( 'NONE', ( #1143 ), #9239, .T. ) ;
#1400 = FACE_BOUND ( 'NONE', #122, .T. ) ;
#1401 = VECTOR ( 'NONE', #11925, 1000.000000000000000 ) ;
#1402 = ADVANCED_FACE ( 'NONE', ( #7221 ), #8129, .T. ) ;
#1403 = CARTESIAN_POINT ( 'NONE',  ( 102.6320000000000050, 26.77250000000000085, 3.000000000000000000 ) ) ;
#1404 = CARTESIAN_POINT ( 'NONE',  ( 137.2179999999999893, 90.42260000000000275, 3.000000000000000000 ) ) ;
#1405 = DIRECTION ( 'NONE',  ( 0.000000000000000000, -1.000000000000000000, 0.000000000000000000 ) ) ;
#1406 = VECTOR ( 'NONE', #3676, 1000.000000000000000 ) ;
#1408 = EDGE_LOOP ( 'NONE', ( #2818, #1524, #4554, #10106 ) ) ;
#1407 = ORIENTED_EDGE ( 'NONE', *, *, #8461, .F. ) ;
#1409 = AXIS2_PLACEMENT_3D ( 'NONE', #1857, #9690, #7730 ) ;
#1410 = EDGE_LOOP ( 'NONE', ( #11929, #5138, #5135, #2781 ) ) ;
#1411 = CARTESIAN_POINT ( 'NONE',  ( 165.3880000000000052, 55.12149999999999750, 0.000000000000000000 ) ) ;
#1412 = ORIENTED_EDGE ( 'NONE', *, *, #7618, .T. ) ;
#1413 = VERTEX_POINT ( 'NONE', #11140 ) ;
#1414 = EDGE_CURVE ( 'NONE', #2369, #9067, #6182, .T. ) ;
#1415 = ORIENTED_EDGE ( 'NONE', *, *, #9933, .T. ) ;
#1416 = CARTESIAN_POINT ( 'NONE',  ( 164.2570000000000050, 78.87189999999999657, 0.000000000000000000 ) ) ;
#1417 = VECTOR ( 'NONE', #12794, 1000.000000000000000 ) ;
#1418 = LINE ( 'NONE', #177, #11693 ) ;
#1419 = DIRECTION ( 'NONE',  ( -1.000000000000000000, 8.326672684688674053E-14, 0.000000000000000000 ) ) ;
#1420 = CARTESIAN_POINT ( 'NONE',  ( 7.856929999999980652, 131.5209999999999866, 3.000000000000000000 ) ) ;
#1421 = CARTESIAN_POINT ( 'NONE',  ( 159.4939999999999998, 88.62170000000001835, 0.000000000000000000 ) ) ;
#1422 = EDGE_CURVE ( 'NONE', #5171, #10884, #5205, .T. ) ;
#1423 = CARTESIAN_POINT ( 'NONE',  ( 209.8830000000000098, -4.565917999999999921, 0.000000000000000000 ) ) ;
#1424 = VECTOR ( 'NONE', #10371, 1000.000000000000000 ) ;
#1425 = CARTESIAN_POINT ( 'NONE',  ( 165.3880000000000052, 52.32260000000000133, 3.000000000000000000 ) ) ;
#1426 = VECTOR ( 'NONE', #3194, 1000.000000000000000 ) ;
#1427 = ORIENTED_EDGE ( 'NONE', *, *, #10492, .T. ) ;
#1428 = PLANE ( 'NONE',  #4269 ) ;
#1429 = EDGE_LOOP ( 'NONE', ( #11353, #2537, #7660, #9681 ) ) ;
#1430 = ORIENTED_EDGE ( 'NONE', *, *, #2424, .F. ) ;
#1431 = EDGE_LOOP ( 'NONE', ( #2852, #6384, #4009, #8643 ) ) ;
#1432 = CARTESIAN_POINT ( 'NONE',  ( 165.3880000000000052, 52.32260000000000133, 3.000000000000000000 ) ) ;
#1433 = CARTESIAN_POINT ( 'NONE',  ( 160.3619999999999948, 46.05270000000000152, 0.000000000000000000 ) ) ;
#1434 = EDGE_CURVE ( 'NONE', #397, #4027, #4221, .T. ) ;
#1435 = DIRECTION ( 'NONE',  ( 0.000000000000000000, 0.000000000000000000, 1.000000000000000000 ) ) ;
#1436 = DIRECTION ( 'NONE',  ( -0.000000000000000000, -0.000000000000000000, 1.000000000000000000 ) ) ;
#1437 = EDGE_CURVE ( 'NONE', #11369, #6160, #12179, .T. ) ;
#1438 = FACE_OUTER_BOUND ( 'NONE', #11870, .T. ) ;
#1439 = CARTESIAN_POINT ( 'NONE',  ( 9.618929999999991765, 80.89100000000001955, 0.000000000000000000 ) ) ;
#1440 = FACE_OUTER_BOUND ( 'NONE', #12526, .T. ) ;
#1441 = LINE ( 'NONE', #8499, #12446 ) ;
#1442 = ORIENTED_EDGE ( 'NONE', *, *, #9151, .F. ) ;
#1443 = DIRECTION ( 'NONE',  ( -1.000000000000000000, 0.000000000000000000, 0.000000000000000000 ) ) ;
#1444 = ORIENTED_EDGE ( 'NONE', *, *, #5782, .F. ) ;
#1445 = ORIENTED_EDGE ( 'NONE', *, *, #4366, .T. ) ;
#1446 = CARTESIAN_POINT ( 'NONE',  ( 133.3000000000000114, 7.722520000000000273, 0.000000000000000000 ) ) ;
#1448 = ORIENTED_EDGE ( 'NONE', *, *, #6965, .F. ) ;
#1447 = CYLINDRICAL_SURFACE ( 'NONE', #1515, 1.250000000000001110 ) ;
#1449 = CARTESIAN_POINT ( 'NONE',  ( 111.8689999999999998, 97.92189999999999372, 3.000000000000000000 ) ) ;
#1450 = ORIENTED_EDGE ( 'NONE', *, *, #1535, .F. ) ;
#1451 = LINE ( 'NONE', #9118, #2740 ) ;
#1452 = PLANE ( 'NONE',  #6827 ) ;
#1453 = EDGE_CURVE ( 'NONE', #11916, #1171, #10220, .T. ) ;
#1454 = CARTESIAN_POINT ( 'NONE',  ( 102.6320000000000050, 26.77250000000000085, 3.000000000000000000 ) ) ;
#1455 = FACE_OUTER_BOUND ( 'NONE', #12499, .T. ) ;
#1456 = PLANE ( 'NONE',  #2213 ) ;
#1457 = LINE ( 'NONE', #10338, #7199 ) ;
#1458 = EDGE_CURVE ( 'NONE', #1220, #3536, #8264, .T. ) ;
#1459 = VERTEX_POINT ( 'NONE', #12503 ) ;
#1460 = VERTEX_POINT ( 'NONE', #8645 ) ;
#1461 = EDGE_CURVE ( 'NONE', #11703, #5634, #6372, .T. ) ;
#1462 = ORIENTED_EDGE ( 'NONE', *, *, #5235, .T. ) ;
#1463 = CARTESIAN_POINT ( 'NONE',  ( 78.53149999999999409, 26.77250000000000085, 3.000000000000000000 ) ) ;
#1464 = EDGE_LOOP ( 'NONE', ( #7852, #12417, #5322, #8605 ) ) ;
#1465 = FACE_BOUND ( 'NONE', #6702, .T. ) ;
#1466 = CARTESIAN_POINT ( 'NONE',  ( 45.19400000000000261, 78.87189999999999657, 0.000000000000000000 ) ) ;
#1467 = DIRECTION ( 'NONE',  ( -0.000000000000000000, 1.000000000000000000, -0.000000000000000000 ) ) ;
#1468 = DIRECTION ( 'NONE',  ( -0.000000000000000000, -1.000000000000000000, -0.000000000000000000 ) ) ;
#1469 = AXIS2_PLACEMENT_3D ( 'NONE', #3587, #7560, #4698 ) ;
#1471 = VERTEX_POINT ( 'NONE', #669 ) ;
#1470 = ORIENTED_EDGE ( 'NONE', *, *, #6917, .F. ) ;
#1472 = EDGE_CURVE ( 'NONE', #6925, #9660, #1529, .T. ) ;
#1473 = EDGE_CURVE ( 'NONE', #5013, #1364, #5455, .T. ) ;
#1474 = ORIENTED_EDGE ( 'NONE', *, *, #6277, .F. ) ;
#1475 = DIRECTION ( 'NONE',  ( 0.000000000000000000, 1.000000000000000000, 0.000000000000000000 ) ) ;
#1476 = ORIENTED_EDGE ( 'NONE', *, *, #10973, .T. ) ;
#1477 = ORIENTED_EDGE ( 'NONE', *, *, #7580, .T. ) ;
#1478 = VECTOR ( 'NONE', #6249, 1000.000000000000000 ) ;
#1479 = LINE ( 'NONE', #8534, #7609 ) ;
#1480 = CARTESIAN_POINT ( 'NONE',  ( 142.8249999999999886, 40.77190000000000225, 3.000000000000000000 ) ) ;
#1481 = FACE_OUTER_BOUND ( 'NONE', #1720, .T. ) ;
#1482 = LINE ( 'NONE', #9449, #6087 ) ;
#1483 = LINE ( 'NONE', #5477, #7584 ) ;
#1484 = ADVANCED_FACE ( 'NONE', ( #1660, #11390, #1465, #5652, #4546, #8578, #8522, #5526, #2455, #9623, #3436, #3688, #12624, #610, #6438, #7534, #10416, #5593, #7665, #2388, #10345, #6565, #5396, #4418, #6499, #1400, #9497, #7410, #9430, #479, #7596, #12562, #4480, #3558, #9369, #11580, #414, #3501, #7476, #8392, #11455, #2515, #4606, #10474, #11515, #2576, #9564, #10542, #1594, #3623, #12757, #11648, #11778, #3757, #867, #6885, #737, #5846, #7924, #3890, #934, #9814, #4867, #3955, #806, #11902 ), #4935, .F. ) ;
#1485 = CARTESIAN_POINT ( 'NONE',  ( 27.02609999999999957, 6.972859999999999836, 3.000000000000000000 ) ) ;
#1486 = AXIS2_PLACEMENT_3D ( 'NONE', #5571, #2555, #9409 ) ;
#1487 = VECTOR ( 'NONE', #11563, 1000.000000000000000 ) ;
#1488 = DIRECTION ( 'NONE',  ( -0.000000000000000000, -0.000000000000000000, -1.000000000000000000 ) ) ;
#1489 = ORIENTED_EDGE ( 'NONE', *, *, #12258, .T. ) ;
#1490 = CARTESIAN_POINT ( 'NONE',  ( 133.3000000000000114, 21.72200000000000131, 0.000000000000000000 ) ) ;
#1491 = ORIENTED_EDGE ( 'NONE', *, *, #8598, .F. ) ;
#1492 = VECTOR ( 'NONE', #11090, 1000.000000000000000 ) ;
#1493 = ORIENTED_EDGE ( 'NONE', *, *, #3783, .F. ) ;
#1494 = ORIENTED_EDGE ( 'NONE', *, *, #6437, .F. ) ;
#1495 = CARTESIAN_POINT ( 'NONE',  ( 143.9689999999999941, 84.15269999999999584, 0.000000000000000000 ) ) ;
#1496 = LINE ( 'NONE', #8298, #3422 ) ;
#1497 = CARTESIAN_POINT ( 'NONE',  ( 64.53220000000000312, 112.4980000000000047, 3.000000000000000000 ) ) ;
#1498 = CARTESIAN_POINT ( 'NONE',  ( 16.61919999999999931, 97.92189999999999372, 0.000000000000000000 ) ) ;
#1499 = CARTESIAN_POINT ( 'NONE',  ( 30.32509999999999906, 7.952670000000000350, 3.000000000000000000 ) ) ;
#1500 = DIRECTION ( 'NONE',  ( -0.000000000000000000, -0.000000000000000000, -1.000000000000000000 ) ) ;
#1501 = PLANE ( 'NONE',  #9721 ) ;
#1502 = PLANE ( 'NONE',  #8073 ) ;
#1503 = EDGE_CURVE ( 'NONE', #12633, #422, #1853, .T. ) ;
#1504 = ORIENTED_EDGE ( 'NONE', *, *, #1993, .T. ) ;
#1505 = DIRECTION ( 'NONE',  ( -1.000000000000000000, 0.000000000000000000, 0.000000000000000000 ) ) ;
#1506 = EDGE_LOOP ( 'NONE', ( #2922, #5202, #11962, #4631 ) ) ;
#1507 = ORIENTED_EDGE ( 'NONE', *, *, #11597, .F. ) ;
#1508 = DIRECTION ( 'NONE',  ( 1.000000000000000000, -0.000000000000000000, -0.000000000000000000 ) ) ;
#1509 = AXIS2_PLACEMENT_3D ( 'NONE', #9292, #12166, #341 ) ;
#1511 = ORIENTED_EDGE ( 'NONE', *, *, #229, .T. ) ;
#1510 = CARTESIAN_POINT ( 'NONE',  ( 21.38169999999999860, 112.4980000000000047, 0.000000000000000000 ) ) ;
#1512 = EDGE_CURVE ( 'NONE', #1040, #10630, #10861, .T. ) ;
#1513 = CARTESIAN_POINT ( 'NONE',  ( 9.118929999999991765, 80.89100000000001955, 0.000000000000000000 ) ) ;
#1514 = EDGE_LOOP ( 'NONE', ( #2240, #9238, #11672, #11100 ) ) ;
#1515 = AXIS2_PLACEMENT_3D ( 'NONE', #3417, #8310, #7393 ) ;
#1516 = CARTESIAN_POINT ( 'NONE',  ( 112.1569999999999965, 45.82269999999999754, 3.000000000000000000 ) ) ;
#1517 = DIRECTION ( 'NONE',  ( -0.000000000000000000, -1.000000000000000000, -0.000000000000000000 ) ) ;
#1518 = FACE_OUTER_BOUND ( 'NONE', #7229, .T. ) ;
#1519 = SURFACE_STYLE_USAGE ( .BOTH. , #5253 ) ;
#1520 = AXIS2_PLACEMENT_3D ( 'NONE', #1229, #7427, #8409 ) ;
#1521 = CARTESIAN_POINT ( 'NONE',  ( 32.05040000000000333, 17.02149999999999963, 0.000000000000000000 ) ) ;
#1522 = EDGE_CURVE ( 'NONE', #10374, #2153, #12826, .T. ) ;
#1523 = DIRECTION ( 'NONE',  ( -0.000000000000000000, -0.000000000000000000, 1.000000000000000000 ) ) ;
#1524 = ORIENTED_EDGE ( 'NONE', *, *, #6279, .F. ) ;
#1525 = ORIENTED_EDGE ( 'NONE', *, *, #7005, .T. ) ;
#1526 = ADVANCED_FACE ( 'NONE', ( #12895 ), #5906, .T. ) ;
#1527 = LINE ( 'NONE', #4544, #3498 ) ;
#1528 = EDGE_LOOP ( 'NONE', ( #5713, #2293, #3735, #8277 ) ) ;
#1529 = LINE ( 'NONE', #12373, #1604 ) ;
#1530 = AXIS2_PLACEMENT_3D ( 'NONE', #1215, #3439, #5399 ) ;
#1531 = DIRECTION ( 'NONE',  ( -0.000000000000000000, -0.000000000000000000, 1.000000000000000000 ) ) ;
#1532 = FACE_OUTER_BOUND ( 'NONE', #3477, .T. ) ;
#1533 = CARTESIAN_POINT ( 'NONE',  ( 159.4939999999999998, 93.22150000000000603, 3.000000000000000000 ) ) ;
#1534 = VECTOR ( 'NONE', #9996, 1000.000000000000000 ) ;
#1535 = EDGE_CURVE ( 'NONE', #8593, #104, #11844, .T. ) ;
#1536 = AXIS2_PLACEMENT_3D ( 'NONE', #12936, #4190, #11104 ) ;
#1538 = ORIENTED_EDGE ( 'NONE', *, *, #6019, .F. ) ;
#1537 = ORIENTED_EDGE ( 'NONE', *, *, #4636, .F. ) ;
#1539 = EDGE_LOOP ( 'NONE', ( #12466, #509, #12291, #11386 ) ) ;
#1540 = DIRECTION ( 'NONE',  ( -1.000000000000000000, 0.000000000000000000, 0.000000000000000000 ) ) ;
#1541 = EDGE_LOOP ( 'NONE', ( #9903, #7775, #10976, #6922 ) ) ;
#1542 = EDGE_CURVE ( 'NONE', #3024, #8209, #5783, .T. ) ;
#1543 = VECTOR ( 'NONE', #1829, 1000.000000000000000 ) ;
#1544 = ORIENTED_EDGE ( 'NONE', *, *, #6112, .F. ) ;
#1545 = DIRECTION ( 'NONE',  ( -0.000000000000000000, -0.000000000000000000, -1.000000000000000000 ) ) ;
#1546 = CARTESIAN_POINT ( 'NONE',  ( 32.05040000000000333, 12.42159999999999975, 3.000000000000000000 ) ) ;
#1547 = VECTOR ( 'NONE', #12859, 1000.000000000000000 ) ;
#1548 = DIRECTION ( 'NONE',  ( 1.000000000000000000, -0.000000000000000000, -0.000000000000000000 ) ) ;
#1549 = EDGE_CURVE ( 'NONE', #6951, #8572, #2908, .T. ) ;
#1550 = DIRECTION ( 'NONE',  ( -1.000000000000000000, -0.000000000000000000, -0.000000000000000000 ) ) ;
#1551 = ADVANCED_FACE ( 'NONE', ( #1723 ), #9754, .T. ) ;
#1552 = CARTESIAN_POINT ( 'NONE',  ( 45.19400000000000261, 78.87189999999999657, 3.000000000000000000 ) ) ;
#1553 = VECTOR ( 'NONE', #7234, 1000.000000000000000 ) ;
#1554 = DIRECTION ( 'NONE',  ( 0.000000000000000000, 0.000000000000000000, 1.000000000000000000 ) ) ;
#1555 = EDGE_LOOP ( 'NONE', ( #697, #3630, #6463, #12839 ) ) ;
#1556 = PLANE ( 'NONE',  #11547 ) ;
#1557 = ORIENTED_EDGE ( 'NONE', *, *, #8146, .F. ) ;
#1558 = VERTEX_POINT ( 'NONE', #12695 ) ;
#1559 = VERTEX_POINT ( 'NONE', #3821 ) ;
#1560 = FACE_OUTER_BOUND ( 'NONE', #2354, .T. ) ;
#1561 = ADVANCED_FACE ( 'NONE', ( #11709 ), #2774, .T. ) ;
#1562 = CARTESIAN_POINT ( 'NONE',  ( 139.8630000000000280, 59.27230000000000132, 3.000000000000000000 ) ) ;
#1563 = VECTOR ( 'NONE', #8963, 1000.000000000000000 ) ;
#1564 = LINE ( 'NONE', #1629, #8167 ) ;
#1565 = CARTESIAN_POINT ( 'NONE',  ( 178.5440000000000111, 126.4969999999999999, 3.000000000000000000 ) ) ;
#1566 = CARTESIAN_POINT ( 'NONE',  ( 102.6320000000000050, 40.77190000000000225, 3.000000000000000000 ) ) ;
#1567 = LINE ( 'NONE', #5564, #11178 ) ;
#1568 = CARTESIAN_POINT ( 'NONE',  ( 143.1119999999999948, 45.82269999999999754, 0.000000000000000000 ) ) ;
#1569 = VECTOR ( 'NONE', #9027, 1000.000000000000000 ) ;
#1570 = ORIENTED_EDGE ( 'NONE', *, *, #12471, .T. ) ;
#1571 = LINE ( 'NONE', #9406, #8249 ) ;
#1572 = EDGE_LOOP ( 'NONE', ( #3849, #8604, #7010, #9680 ) ) ;
#1573 = VERTEX_POINT ( 'NONE', #5431 ) ;
#1574 = DIRECTION ( 'NONE',  ( -0.000000000000000000, 0.000000000000000000, 1.000000000000000000 ) ) ;
#1576 = VERTEX_POINT ( 'NONE', #6473 ) ;
#1575 = LINE ( 'NONE', #2694, #2517 ) ;
#1577 = EDGE_CURVE ( 'NONE', #1009, #4119, #10514, .T. ) ;
#1578 = LINE ( 'NONE', #12543, #2384 ) ;
#1579 = VERTEX_POINT ( 'NONE', #1568 ) ;
#1580 = VECTOR ( 'NONE', #10468, 1000.000000000000000 ) ;
#1581 = CARTESIAN_POINT ( 'NONE',  ( 157.1129999999999995, 45.82269999999999754, 3.000000000000000000 ) ) ;
#1582 = DIRECTION ( 'NONE',  ( -0.000000000000000000, -0.000000000000000000, 1.000000000000000000 ) ) ;
#1583 = CARTESIAN_POINT ( 'NONE',  ( 14.38193000000002009, -4.565918000000003474, 3.000000000000000000 ) ) ;
#1584 = DIRECTION ( 'NONE',  ( -0.000000000000000000, -0.000000000000000000, 1.000000000000000000 ) ) ;
#1585 = DIRECTION ( 'NONE',  ( -0.000000000000000000, -1.000000000000000000, -0.000000000000000000 ) ) ;
#1586 = CARTESIAN_POINT ( 'NONE',  ( 119.3010000000000019, 21.72200000000000131, 0.000000000000000000 ) ) ;
#1587 = EDGE_CURVE ( 'NONE', #9392, #949, #2687, .T. ) ;
#1588 = CARTESIAN_POINT ( 'NONE',  ( 26.43220000000000169, 26.77250000000000085, 3.000000000000000000 ) ) ;
#1589 = VECTOR ( 'NONE', #12833, 1000.000000000000000 ) ;
#1590 = EDGE_LOOP ( 'NONE', ( #11024, #9622, #6522, #2139 ) ) ;
#1591 = VERTEX_POINT ( 'NONE', #6535 ) ;
#1592 = LINE ( 'NONE', #12307, #8921 ) ;
#1593 = VERTEX_POINT ( 'NONE', #11431 ) ;
#1594 = FACE_BOUND ( 'NONE', #10775, .T. ) ;
#1595 = EDGE_CURVE ( 'NONE', #8464, #4042, #9659, .T. ) ;
#1596 = LINE ( 'NONE', #3689, #6395 ) ;
#1597 = AXIS2_PLACEMENT_3D ( 'NONE', #1969, #5963, #5 ) ;
#1598 = CYLINDRICAL_SURFACE ( 'NONE', #11957, 1.250000000000001110 ) ;
#1599 = VECTOR ( 'NONE', #1914, 1000.000000000000000 ) ;
#1600 = CARTESIAN_POINT ( 'NONE',  ( 83.58220000000000027, 26.77250000000000085, 3.000000000000000000 ) ) ;
#1601 = EDGE_CURVE ( 'NONE', #9700, #11218, #1441, .T. ) ;
#1603 = EDGE_LOOP ( 'NONE', ( #8116, #5520, #7980, #986 ) ) ;
#1602 = EDGE_LOOP ( 'NONE', ( #12490, #9377 ) ) ;
#1604 = VECTOR ( 'NONE', #8458, 1000.000000000000000 ) ;
#1605 = VERTEX_POINT ( 'NONE', #1696 ) ;
#1606 = CARTESIAN_POINT ( 'NONE',  ( 167.7680000000000007, 93.22150000000000603, 3.000000000000000000 ) ) ;
#1607 = VERTEX_POINT ( 'NONE', #10582 ) ;
#1608 = VECTOR ( 'NONE', #11502, 1000.000000000000000 ) ;
#1609 = ORIENTED_EDGE ( 'NONE', *, *, #10413, .F. ) ;
#1610 = LINE ( 'NONE', #5607, #4704 ) ;
#1611 = DIRECTION ( 'NONE',  ( 0.000000000000000000, 1.000000000000000000, -0.000000000000000000 ) ) ;
#1612 = CARTESIAN_POINT ( 'NONE',  ( 126.4450000000000074, 78.87189999999999657, 0.000000000000000000 ) ) ;
#1613 = VECTOR ( 'NONE', #6967, 1000.000000000000000 ) ;
#1614 = DIRECTION ( 'NONE',  ( 0.000000000000000000, 0.000000000000000000, 1.000000000000000000 ) ) ;
#1615 = AXIS2_PLACEMENT_3D ( 'NONE', #11989, #11015, #2070 ) ;
#1616 = ADVANCED_FACE ( 'NONE', ( #9403 ), #4708, .T. ) ;
#1617 = VECTOR ( 'NONE', #6964, 1000.000000000000000 ) ;
#1618 = DIRECTION ( 'NONE',  ( 0.000000000000000000, 0.000000000000000000, 1.000000000000000000 ) ) ;
#1619 = LINE ( 'NONE', #3829, #2847 ) ;
#1620 = ORIENTED_EDGE ( 'NONE', *, *, #7231, .T. ) ;
#1621 = PLANE ( 'NONE',  #4904 ) ;
#1622 = VECTOR ( 'NONE', #9102, 1000.000000000000000 ) ;
#1623 = VERTEX_POINT ( 'NONE', #4582 ) ;
#1624 = EDGE_CURVE ( 'NONE', #2467, #9560, #10642, .T. ) ;
#1625 = VERTEX_POINT ( 'NONE', #12667 ) ;
#1626 = ORIENTED_EDGE ( 'NONE', *, *, #5987, .T. ) ;
#1627 = PLANE ( 'NONE',  #6069 ) ;
#1628 = DIRECTION ( 'NONE',  ( -0.000000000000000000, -0.000000000000000000, -1.000000000000000000 ) ) ;
#1629 = CARTESIAN_POINT ( 'NONE',  ( 78.53149999999999409, 126.4969999999999999, 3.000000000000000000 ) ) ;
#1630 = CARTESIAN_POINT ( 'NONE',  ( 126.4450000000000074, 78.87189999999999657, 3.000000000000000000 ) ) ;
#1631 = VECTOR ( 'NONE', #518, 1000.000000000000000 ) ;
#1632 = FACE_OUTER_BOUND ( 'NONE', #8468, .T. ) ;
#1633 = LINE ( 'NONE', #9789, #9712 ) ;
#1634 = CARTESIAN_POINT ( 'NONE',  ( 159.4939999999999998, 88.62170000000001835, 3.000000000000000000 ) ) ;
#1635 = ORIENTED_EDGE ( 'NONE', *, *, #12927, .F. ) ;
#1636 = EDGE_CURVE ( 'NONE', #5464, #5743, #8553, .T. ) ;
#1637 = DIRECTION ( 'NONE',  ( -0.000000000000000000, -0.000000000000000000, -1.000000000000000000 ) ) ;
#1638 = ORIENTED_EDGE ( 'NONE', *, *, #8978, .F. ) ;
#1639 = VERTEX_POINT ( 'NONE', #12536 ) ;
#1640 = CARTESIAN_POINT ( 'NONE',  ( 141.5879999999999939, 50.52170000000000272, 3.000000000000000000 ) ) ;
#1641 = EDGE_CURVE ( 'NONE', #7271, #1763, #8616, .T. ) ;
#1642 = ADVANCED_FACE ( 'NONE', ( #7636 ), #1502, .T. ) ;
#1643 = PLANE ( 'NONE',  #3146 ) ;
#1644 = CARTESIAN_POINT ( 'NONE',  ( 136.5620000000000118, 45.07159999999999656, 3.000000000000000000 ) ) ;
#1645 = ORIENTED_EDGE ( 'NONE', *, *, #2165, .T. ) ;
#1646 = LINE ( 'NONE', #9669, #8372 ) ;
#1647 = FACE_OUTER_BOUND ( 'NONE', #12569, .T. ) ;
#1648 = CARTESIAN_POINT ( 'NONE',  ( 102.6320000000000050, 40.77190000000000225, 0.000000000000000000 ) ) ;
#1649 = CARTESIAN_POINT ( 'NONE',  ( 159.5449999999999875, 21.95950000000000557, 0.000000000000000000 ) ) ;
#1650 = DIRECTION ( 'NONE',  ( -0.000000000000000000, -0.000000000000000000, -1.000000000000000000 ) ) ;
#1651 = DIRECTION ( 'NONE',  ( 1.000000000000000000, 0.000000000000000000, -0.000000000000000000 ) ) ;
#1652 = EDGE_CURVE ( 'NONE', #2940, #12467, #3595, .T. ) ;
#1653 = EDGE_CURVE ( 'NONE', #10549, #12585, #7568, .T. ) ;
#1654 = DIRECTION ( 'NONE',  ( -0.000000000000000000, -0.000000000000000000, -1.000000000000000000 ) ) ;
#1655 = ORIENTED_EDGE ( 'NONE', *, *, #11908, .T. ) ;
#1657 = ORIENTED_EDGE ( 'NONE', *, *, #4548, .F. ) ;
#1656 = ORIENTED_EDGE ( 'NONE', *, *, #9900, .T. ) ;
#1658 = PLANE ( 'NONE',  #4124 ) ;
#1659 = ORIENTED_EDGE ( 'NONE', *, *, #12258, .F. ) ;
#1660 = FACE_BOUND ( 'NONE', #9314, .T. ) ;
#1661 = EDGE_CURVE ( 'NONE', #12599, #75, #10390, .T. ) ;
#1662 = CARTESIAN_POINT ( 'NONE',  ( 106.1319299999999828, -2.065918000000003474, 3.000000000000000000 ) ) ;
#1663 = PLANE ( 'NONE',  #7176 ) ;
#1664 = LINE ( 'NONE', #7669, #3704 ) ;
#1666 = ORIENTED_EDGE ( 'NONE', *, *, #1458, .T. ) ;
#1665 = VERTEX_POINT ( 'NONE', #11552 ) ;
#1667 = ORIENTED_EDGE ( 'NONE', *, *, #1636, .F. ) ;
#1668 = EDGE_CURVE ( 'NONE', #11101, #560, #4456, .T. ) ;
#1669 = CARTESIAN_POINT ( 'NONE',  ( 69.29470000000000596, 64.87269999999999470, 3.000000000000000000 ) ) ;
#1670 = ORIENTED_EDGE ( 'NONE', *, *, #1241, .F. ) ;
#1671 = ORIENTED_EDGE ( 'NONE', *, *, #3198, .F. ) ;
#1672 = LINE ( 'NONE', #8594, #2615 ) ;
#1673 = EDGE_CURVE ( 'NONE', #11218, #8226, #4641, .T. ) ;
#1674 = DIRECTION ( 'NONE',  ( 0.000000000000000000, -0.000000000000000000, -1.000000000000000000 ) ) ;
#1675 = CARTESIAN_POINT ( 'NONE',  ( 49.10099999999999909, 7.952670000000000350, 3.000000000000000000 ) ) ;
#1676 = CARTESIAN_POINT ( 'NONE',  ( 33.57589999999999719, 12.42159999999999975, 0.000000000000000000 ) ) ;
#1677 = DIRECTION ( 'NONE',  ( -1.000000000000000000, -0.000000000000000000, -0.000000000000000000 ) ) ;
#1678 = VERTEX_POINT ( 'NONE', #9597 ) ;
#1679 = ORIENTED_EDGE ( 'NONE', *, *, #8654, .T. ) ;
#1680 = VECTOR ( 'NONE', #2724, 1000.000000000000000 ) ;
#1681 = DIRECTION ( 'NONE',  ( 0.000000000000000000, -1.000000000000000000, 0.000000000000000000 ) ) ;
#1682 = ORIENTED_EDGE ( 'NONE', *, *, #9201, .F. ) ;
#1683 = VERTEX_POINT ( 'NONE', #7452 ) ;
#1684 = EDGE_CURVE ( 'NONE', #3666, #44, #12480, .T. ) ;
#1685 = ORIENTED_EDGE ( 'NONE', *, *, #2843, .F. ) ;
#1686 = DIRECTION ( 'NONE',  ( 0.000000000000000000, 1.000000000000000000, 0.000000000000000000 ) ) ;
#1687 = EDGE_CURVE ( 'NONE', #7872, #8556, #642, .T. ) ;
#1688 = CARTESIAN_POINT ( 'NONE',  ( 168.5929999999999893, 90.42260000000000275, 3.000000000000000000 ) ) ;
#1689 = CARTESIAN_POINT ( 'NONE',  ( 97.85692999999997710, 131.5209999999999866, 0.000000000000000000 ) ) ;
#1690 = VECTOR ( 'NONE', #5958, 1000.000000000000000 ) ;
#1691 = LINE ( 'NONE', #2683, #2878 ) ;
#1692 = ADVANCED_FACE ( 'NONE', ( #5755 ), #1022, .T. ) ;
#1693 = CARTESIAN_POINT ( 'NONE',  ( 49.10099999999999909, 20.25169999999999959, 3.000000000000000000 ) ) ;
#1694 = VECTOR ( 'NONE', #3345, 1000.000000000000000 ) ;
#1695 = PLANE ( 'NONE',  #8037 ) ;
#1696 = CARTESIAN_POINT ( 'NONE',  ( 64.53220000000000312, 40.77190000000000225, 3.000000000000000000 ) ) ;
#1697 = EDGE_CURVE ( 'NONE', #3769, #4314, #4100, .T. ) ;
#1698 = EDGE_LOOP ( 'NONE', ( #10459, #10148, #86, #2869 ) ) ;
#1699 = CARTESIAN_POINT ( 'NONE',  ( 185.9759999999999991, 112.4980000000000047, 0.000000000000000000 ) ) ;
#1700 = ORIENTED_EDGE ( 'NONE', *, *, #10013, .T. ) ;
#1701 = ORIENTED_EDGE ( 'NONE', *, *, #12909, .F. ) ;
#1702 = ORIENTED_EDGE ( 'NONE', *, *, #10075, .T. ) ;
#1703 = AXIS2_PLACEMENT_3D ( 'NONE', #10485, #2588, #4813 ) ;
#1704 = LINE ( 'NONE', #6737, #6037 ) ;
#1705 = LINE ( 'NONE', #4850, #12800 ) ;
#1706 = ORIENTED_EDGE ( 'NONE', *, *, #6112, .T. ) ;
#1707 = AXIS2_PLACEMENT_3D ( 'NONE', #8345, #11229, #12391 ) ;
#1708 = CARTESIAN_POINT ( 'NONE',  ( 50.82469999999999999, 6.972859999999999836, 3.000000000000000000 ) ) ;
#1709 = CARTESIAN_POINT ( 'NONE',  ( 111.8689999999999998, 97.92189999999999372, 3.000000000000000000 ) ) ;
#1710 = DIRECTION ( 'NONE',  ( -0.000000000000000000, -0.000000000000000000, -1.000000000000000000 ) ) ;
#1711 = EDGE_CURVE ( 'NONE', #4317, #5260, #12117, .T. ) ;
#1712 = LINE ( 'NONE', #9803, #10802 ) ;
#1713 = EDGE_CURVE ( 'NONE', #10170, #560, #2203, .T. ) ;
#1714 = CARTESIAN_POINT ( 'NONE',  ( 45.19400000000000261, 64.87269999999999470, 0.000000000000000000 ) ) ;
#1715 = DIRECTION ( 'NONE',  ( -0.000000000000000000, -0.000000000000000000, -1.000000000000000000 ) ) ;
#1716 = DIRECTION ( 'NONE',  ( -0.000000000000000000, 1.000000000000000000, -0.000000000000000000 ) ) ;
#1717 = ORIENTED_EDGE ( 'NONE', *, *, #1587, .F. ) ;
#1718 = VECTOR ( 'NONE', #1974, 1000.000000000000000 ) ;
#1720 = EDGE_LOOP ( 'NONE', ( #812, #11420, #12227, #9636 ) ) ;
#1719 = ORIENTED_EDGE ( 'NONE', *, *, #1999, .F. ) ;
#1721 = CARTESIAN_POINT ( 'NONE',  ( 196.1319299999999828, -2.065918000000003474, 0.000000000000000000 ) ) ;
#1722 = ORIENTED_EDGE ( 'NONE', *, *, #12163, .T. ) ;
#1723 = FACE_OUTER_BOUND ( 'NONE', #2464, .T. ) ;
#1724 = EDGE_CURVE ( 'NONE', #11220, #264, #10034, .T. ) ;
#1725 = CARTESIAN_POINT ( 'NONE',  ( 107.3950000000000102, 78.87189999999999657, 3.000000000000000000 ) ) ;
#1726 = AXIS2_PLACEMENT_3D ( 'NONE', #11411, #9386, #8347 ) ;
#1727 = DIRECTION ( 'NONE',  ( 0.000000000000000000, -1.000000000000000000, 0.000000000000000000 ) ) ;
#1728 = CARTESIAN_POINT ( 'NONE',  ( 159.4939999999999998, 93.22150000000000603, 0.000000000000000000 ) ) ;
#1729 = FACE_OUTER_BOUND ( 'NONE', #11450, .T. ) ;
#1731 = ORIENTED_EDGE ( 'NONE', *, *, #2442, .F. ) ;
#1730 = VERTEX_POINT ( 'NONE', #5021 ) ;
#1732 = VERTEX_POINT ( 'NONE', #12057 ) ;
#1733 = DIRECTION ( 'NONE',  ( -1.000000000000000000, -0.000000000000000000, -0.000000000000000000 ) ) ;
#1734 = AXIS2_PLACEMENT_3D ( 'NONE', #2262, #10218, #3175 ) ;
#1735 = ORIENTED_EDGE ( 'NONE', *, *, #9914, .F. ) ;
#1736 = ORIENTED_EDGE ( 'NONE', *, *, #9086, .F. ) ;
#1737 = PLANE ( 'NONE',  #10952 ) ;
#1738 = CARTESIAN_POINT ( 'NONE',  ( 0.09392999999999207539, 81.39100000000000534, 3.000000000000000000 ) ) ;
#1739 = CARTESIAN_POINT ( 'NONE',  ( 111.8689999999999998, 97.92189999999999372, 0.000000000000000000 ) ) ;
#1740 = DIRECTION ( 'NONE',  ( 1.000000000000000000, 0.000000000000000000, 0.000000000000000000 ) ) ;
#1741 = VECTOR ( 'NONE', #12377, 1000.000000000000000 ) ;
#1742 = CARTESIAN_POINT ( 'NONE',  ( 134.8369999999999891, 46.05270000000000152, 3.000000000000000000 ) ) ;
#1743 = EDGE_LOOP ( 'NONE', ( #4518, #1363, #3461, #2260 ) ) ;
#1744 = EDGE_CURVE ( 'NONE', #8482, #1344, #5784, .T. ) ;
#1745 = ORIENTED_EDGE ( 'NONE', *, *, #273, .F. ) ;
#1746 = LINE ( 'NONE', #11605, #1970 ) ;
#1747 = ORIENTED_EDGE ( 'NONE', *, *, #2085, .T. ) ;
#1748 = VERTEX_POINT ( 'NONE', #1759 ) ;
#1749 = ORIENTED_EDGE ( 'NONE', *, *, #1901, .T. ) ;
#1750 = VECTOR ( 'NONE', #8103, 1000.000000000000000 ) ;
#1751 = LINE ( 'NONE', #11674, #2102 ) ;
#1752 = DIRECTION ( 'NONE',  ( 1.000000000000000000, -0.000000000000000000, -0.000000000000000000 ) ) ;
#1753 = DIRECTION ( 'NONE',  ( -0.000000000000000000, -0.000000000000000000, -1.000000000000000000 ) ) ;
#1754 = AXIS2_PLACEMENT_3D ( 'NONE', #3796, #10644, #5690 ) ;
#1755 = EDGE_CURVE ( 'NONE', #155, #9190, #9186, .T. ) ;
#1756 = DIRECTION ( 'NONE',  ( 0.000000000000000000, 0.000000000000000000, 1.000000000000000000 ) ) ;
#1757 = CARTESIAN_POINT ( 'NONE',  ( 49.10099999999999909, 17.02149999999999963, 3.000000000000000000 ) ) ;
#1758 = PLANE ( 'NONE',  #12630 ) ;
#1759 = CARTESIAN_POINT ( 'NONE',  ( 35.66899999999999693, 83.92270000000000607, 3.000000000000000000 ) ) ;
#1760 = ORIENTED_EDGE ( 'NONE', *, *, #10138, .T. ) ;
#1761 = DIRECTION ( 'NONE',  ( 0.000000000000000000, -1.000000000000000000, 0.000000000000000000 ) ) ;
#1762 = ORIENTED_EDGE ( 'NONE', *, *, #551, .T. ) ;
#1763 = VERTEX_POINT ( 'NONE', #5213 ) ;
#1764 = EDGE_LOOP ( 'NONE', ( #1847, #2542, #8587, #11432 ) ) ;
#1765 = DIRECTION ( 'NONE',  ( -0.000000000000000000, -1.000000000000000000, -0.000000000000000000 ) ) ;
#1766 = VECTOR ( 'NONE', #11803, 1000.000000000000000 ) ;
#1767 = FACE_OUTER_BOUND ( 'NONE', #9981, .T. ) ;
#1768 = DIRECTION ( 'NONE',  ( 0.000000000000000000, 0.000000000000000000, 1.000000000000000000 ) ) ;
#1769 = EDGE_LOOP ( 'NONE', ( #10437, #10354, #5854, #3543 ) ) ;
#1770 = DIRECTION ( 'NONE',  ( 1.000000000000000000, -0.000000000000000000, -0.000000000000000000 ) ) ;
#1771 = CARTESIAN_POINT ( 'NONE',  ( 14.38192999999999699, 24.24100000000002453, 3.000000000000000000 ) ) ;
#1772 = DIRECTION ( 'NONE',  ( -1.000000000000000000, 0.000000000000000000, 0.000000000000000000 ) ) ;
#1773 = CARTESIAN_POINT ( 'NONE',  ( 32.05040000000000333, 12.42159999999999975, 3.000000000000000000 ) ) ;
#1774 = VECTOR ( 'NONE', #7403, 1000.000000000000000 ) ;
#1775 = EDGE_CURVE ( 'NONE', #6730, #9505, #10706, .T. ) ;
#1776 = DIRECTION ( 'NONE',  ( -1.000000000000000000, -0.000000000000000000, -0.000000000000000000 ) ) ;
#1777 = DIRECTION ( 'NONE',  ( -0.000000000000000000, 1.000000000000000000, -0.000000000000000000 ) ) ;
#1778 = CARTESIAN_POINT ( 'NONE',  ( 164.5449999999999875, 22.01000000000000156, 0.000000000000000000 ) ) ;
#1779 = ORIENTED_EDGE ( 'NONE', *, *, #11577, .T. ) ;
#1781 = EDGE_LOOP ( 'NONE', ( #2527, #2394, #8157, #1749 ) ) ;
#1780 = CARTESIAN_POINT ( 'NONE',  ( 143.1119999999999948, 45.82269999999999754, 3.000000000000000000 ) ) ;
#1782 = EDGE_CURVE ( 'NONE', #11529, #1375, #9060, .T. ) ;
#1783 = VECTOR ( 'NONE', #1776, 1000.000000000000000 ) ;
#1784 = DIRECTION ( 'NONE',  ( -0.000000000000000000, 0.000000000000000000, -1.000000000000000000 ) ) ;
#1785 = ORIENTED_EDGE ( 'NONE', *, *, #1437, .F. ) ;
#1786 = DIRECTION ( 'NONE',  ( -0.000000000000000000, -0.000000000000000000, -1.000000000000000000 ) ) ;
#1787 = LINE ( 'NONE', #8778, #4107 ) ;
#1788 = DIRECTION ( 'NONE',  ( -0.000000000000000000, -0.000000000000000000, -1.000000000000000000 ) ) ;
#1789 = CARTESIAN_POINT ( 'NONE',  ( 159.4939999999999998, 88.62170000000001835, 3.000000000000000000 ) ) ;
#1790 = AXIS2_PLACEMENT_3D ( 'NONE', #12929, #11942, #5945 ) ;
#1791 = LINE ( 'NONE', #5789, #6600 ) ;
#1793 = ORIENTED_EDGE ( 'NONE', *, *, #9168, .T. ) ;
#1792 = ORIENTED_EDGE ( 'NONE', *, *, #9201, .T. ) ;
#1794 = ORIENTED_EDGE ( 'NONE', *, *, #3528, .T. ) ;
#1795 = DIRECTION ( 'NONE',  ( 0.000000000000000000, -0.000000000000000000, 1.000000000000000000 ) ) ;
#1796 = EDGE_CURVE ( 'NONE', #10234, #474, #6796, .T. ) ;
#1797 = EDGE_LOOP ( 'NONE', ( #1537, #12650 ) ) ;
#1798 = EDGE_CURVE ( 'NONE', #9440, #1868, #8136, .T. ) ;
#1799 = ORIENTED_EDGE ( 'NONE', *, *, #5019, .F. ) ;
#1800 = PLANE ( 'NONE',  #1983 ) ;
#1801 = VECTOR ( 'NONE', #4212, 1000.000000000000000 ) ;
#1802 = VECTOR ( 'NONE', #672, 1000.000000000000000 ) ;
#1803 = CARTESIAN_POINT ( 'NONE',  ( 45.48219999999999885, 26.77250000000000085, 3.000000000000000000 ) ) ;
#1804 = LINE ( 'NONE', #2665, #6530 ) ;
#1805 = CARTESIAN_POINT ( 'NONE',  ( 14.38192999999999344, 61.84100000000002240, 3.000000000000000000 ) ) ;
#1806 = VECTOR ( 'NONE', #1219, 1000.000000000000000 ) ;
#1807 = LINE ( 'NONE', #11799, #10365 ) ;
#1808 = ORIENTED_EDGE ( 'NONE', *, *, #9328, .T. ) ;
#1809 = EDGE_CURVE ( 'NONE', #12296, #5869, #4777, .T. ) ;
#1810 = AXIS2_PLACEMENT_3D ( 'NONE', #2163, #9865, #8829 ) ;
#1811 = EDGE_LOOP ( 'NONE', ( #1014, #5576, #7498, #7417 ) ) ;
#1812 = CARTESIAN_POINT ( 'NONE',  ( 107.3950000000000102, 78.87189999999999657, 0.000000000000000000 ) ) ;
#1813 = VERTEX_POINT ( 'NONE', #8202 ) ;
#1814 = ORIENTED_EDGE ( 'NONE', *, *, #10682, .F. ) ;
#1815 = ORIENTED_EDGE ( 'NONE', *, *, #10954, .T. ) ;
#1816 = ORIENTED_EDGE ( 'NONE', *, *, #4437, .T. ) ;
#1817 = CARTESIAN_POINT ( 'NONE',  ( 143.1119999999999948, 50.52170000000000272, 3.000000000000000000 ) ) ;
#1818 = VECTOR ( 'NONE', #7655, 1000.000000000000000 ) ;
#1819 = VECTOR ( 'NONE', #8261, 1000.000000000000000 ) ;
#1820 = DIRECTION ( 'NONE',  ( 0.000000000000000000, 0.000000000000000000, 1.000000000000000000 ) ) ;
#1821 = LINE ( 'NONE', #4701, #9002 ) ;
#1822 = VECTOR ( 'NONE', #8199, 1000.000000000000000 ) ;
#1823 = EDGE_CURVE ( 'NONE', #8904, #10886, #11749, .T. ) ;
#1824 = LINE ( 'NONE', #7634, #8938 ) ;
#1825 = AXIS2_PLACEMENT_3D ( 'NONE', #3032, #11968, #10996 ) ;
#1826 = LINE ( 'NONE', #6727, #10137 ) ;
#1827 = CARTESIAN_POINT ( 'NONE',  ( 111.8689999999999998, 83.92270000000000607, 3.000000000000000000 ) ) ;
#1828 = EDGE_LOOP ( 'NONE', ( #12869, #4846, #8324, #12335 ) ) ;
#1829 = DIRECTION ( 'NONE',  ( -1.000000000000000000, 0.000000000000000000, 0.000000000000000000 ) ) ;
#1830 = EDGE_LOOP ( 'NONE', ( #2309, #157, #8484, #6785 ) ) ;
#1831 = EDGE_LOOP ( 'NONE', ( #10435, #2395, #2074, #1837 ) ) ;
#1832 = VERTEX_POINT ( 'NONE', #9126 ) ;
#1833 = CARTESIAN_POINT ( 'NONE',  ( 50.24470000000000169, 78.87189999999999657, 3.000000000000000000 ) ) ;
#1834 = EDGE_CURVE ( 'NONE', #8909, #9525, #3053, .T. ) ;
#1835 = DIRECTION ( 'NONE',  ( 0.000000000000000000, 0.000000000000000000, 1.000000000000000000 ) ) ;
#1836 = CARTESIAN_POINT ( 'NONE',  ( 83.29399999999999693, 78.87189999999999657, 3.000000000000000000 ) ) ;
#1837 = ORIENTED_EDGE ( 'NONE', *, *, #3298, .T. ) ;
#1838 = VECTOR ( 'NONE', #9024, 1000.000000000000000 ) ;
#1839 = FACE_OUTER_BOUND ( 'NONE', #1764, .T. ) ;
#1840 = EDGE_CURVE ( 'NONE', #9736, #427, #6628, .T. ) ;
#1841 = DIRECTION ( 'NONE',  ( -0.000000000000000000, -0.000000000000000000, 1.000000000000000000 ) ) ;
#1842 = CARTESIAN_POINT ( 'NONE',  ( 138.9430000000000121, 96.45159999999999911, 3.000000000000000000 ) ) ;
#1843 = DIRECTION ( 'NONE',  ( -0.000000000000000000, -1.000000000000000000, -0.000000000000000000 ) ) ;
#1844 = DIRECTION ( 'NONE',  ( 0.000000000000000000, -1.000000000000000000, 0.000000000000000000 ) ) ;
#1845 = CARTESIAN_POINT ( 'NONE',  ( 134.8369999999999891, 52.32260000000000133, 0.000000000000000000 ) ) ;
#1846 = DIRECTION ( 'NONE',  ( 1.000000000000000000, 0.000000000000000000, 0.000000000000000000 ) ) ;
#1847 = ORIENTED_EDGE ( 'NONE', *, *, #736, .F. ) ;
#1849 = VERTEX_POINT ( 'NONE', #1083 ) ;
#1848 = ORIENTED_EDGE ( 'NONE', *, *, #5235, .F. ) ;
#1850 = EDGE_CURVE ( 'NONE', #9525, #10306, #102, .T. ) ;
#1851 = PLANE ( 'NONE',  #12459 ) ;
#1852 = ORIENTED_EDGE ( 'NONE', *, *, #6424, .F. ) ;
#1853 = LINE ( 'NONE', #8910, #10367 ) ;
#1854 = ADVANCED_FACE ( 'NONE', ( #2134 ), #6123, .T. ) ;
#1855 = LINE ( 'NONE', #11581, #1802 ) ;
#1856 = DIRECTION ( 'NONE',  ( 1.000000000000000000, 0.000000000000000000, 0.000000000000000000 ) ) ;
#1857 = CARTESIAN_POINT ( 'NONE',  ( 107.3819299999999828, -2.065918000000003474, 3.000000000000000000 ) ) ;
#1858 = EDGE_CURVE ( 'NONE', #4978, #6021, #12243, .T. ) ;
#1859 = DIRECTION ( 'NONE',  ( 0.000000000000000000, -1.000000000000000000, 0.000000000000000000 ) ) ;
#1860 = EDGE_CURVE ( 'NONE', #3769, #5866, #12435, .T. ) ;
#1861 = DIRECTION ( 'NONE',  ( 1.000000000000000000, 0.000000000000000000, 0.000000000000000000 ) ) ;
#1863 = VERTEX_POINT ( 'NONE', #8325 ) ;
#1862 = ORIENTED_EDGE ( 'NONE', *, *, #2076, .T. ) ;
#1864 = VERTEX_POINT ( 'NONE', #3433 ) ;
#1865 = EDGE_CURVE ( 'NONE', #10415, #4863, #1592, .T. ) ;
#1866 = CARTESIAN_POINT ( 'NONE',  ( 119.3010000000000019, 7.722520000000000273, 0.000000000000000000 ) ) ;
#1867 = ORIENTED_EDGE ( 'NONE', *, *, #8041, .F. ) ;
#1868 = VERTEX_POINT ( 'NONE', #1463 ) ;
#1869 = CARTESIAN_POINT ( 'NONE',  ( 45.48219999999999885, 126.4969999999999999, 0.000000000000000000 ) ) ;
#1870 = DIRECTION ( 'NONE',  ( 1.000000000000000000, 0.000000000000000000, 0.000000000000000000 ) ) ;
#1871 = LINE ( 'NONE', #3640, #7562 ) ;
#1872 = LINE ( 'NONE', #2862, #3835 ) ;
#1873 = CARTESIAN_POINT ( 'NONE',  ( 21.66969999999999885, 97.92189999999999372, 3.000000000000000000 ) ) ;
#1874 = EDGE_CURVE ( 'NONE', #10901, #9574, #10414, .T. ) ;
#1875 = EDGE_CURVE ( 'NONE', #12522, #11538, #7407, .T. ) ;
#1876 = ORIENTED_EDGE ( 'NONE', *, *, #6110, .F. ) ;
#1877 = VERTEX_POINT ( 'NONE', #7532 ) ;
#1878 = DIRECTION ( 'NONE',  ( -0.000000000000000000, -1.000000000000000000, -0.000000000000000000 ) ) ;
#1879 = ORIENTED_EDGE ( 'NONE', *, *, #5843, .T. ) ;
#1880 = VERTEX_POINT ( 'NONE', #2386 ) ;
#1881 = ORIENTED_EDGE ( 'NONE', *, *, #3282, .F. ) ;
#1882 = CARTESIAN_POINT ( 'NONE',  ( 33.57589999999999719, 12.42159999999999975, 0.000000000000000000 ) ) ;
#1883 = DIRECTION ( 'NONE',  ( 0.000000000000000000, -0.000000000000000000, 1.000000000000000000 ) ) ;
#1884 = FACE_OUTER_BOUND ( 'NONE', #3523, .T. ) ;
#1885 = EDGE_CURVE ( 'NONE', #4931, #965, #353, .T. ) ;
#1886 = DIRECTION ( 'NONE',  ( -0.000000000000000000, 1.000000000000000000, -0.000000000000000000 ) ) ;
#1887 = CARTESIAN_POINT ( 'NONE',  ( 16.61919999999999931, 83.92270000000000607, 3.000000000000000000 ) ) ;
#1888 = EDGE_LOOP ( 'NONE', ( #12567, #4152, #7673, #2720 ) ) ;
#1889 = CARTESIAN_POINT ( 'NONE',  ( 33.57589999999999719, 7.722520000000000273, 3.000000000000000000 ) ) ;
#1890 = ORIENTED_EDGE ( 'NONE', *, *, #10853, .F. ) ;
#1891 = ORIENTED_EDGE ( 'NONE', *, *, #5838, .T. ) ;
#1892 = VERTEX_POINT ( 'NONE', #8390 ) ;
#1893 = EDGE_CURVE ( 'NONE', #3338, #4573, #412, .T. ) ;
#1894 = LINE ( 'NONE', #12874, #1166 ) ;
#1895 = CARTESIAN_POINT ( 'NONE',  ( 14.38192999999999522, 43.79100000000002524, 0.000000000000000000 ) ) ;
#1896 = ORIENTED_EDGE ( 'NONE', *, *, #10682, .T. ) ;
#1897 = AXIS2_PLACEMENT_3D ( 'NONE', #3772, #11468, #11595 ) ;
#1898 = DIRECTION ( 'NONE',  ( 0.000000000000000000, 0.000000000000000000, 1.000000000000000000 ) ) ;
#1899 = DIRECTION ( 'NONE',  ( 0.000000000000000000, -1.000000000000000000, 0.000000000000000000 ) ) ;
#1900 = LINE ( 'NONE', #8959, #12265 ) ;
#1901 = EDGE_CURVE ( 'NONE', #12353, #3733, #7287, .T. ) ;
#1902 = CARTESIAN_POINT ( 'NONE',  ( 45.48219999999999885, 126.4969999999999999, 3.000000000000000000 ) ) ;
#1903 = DIRECTION ( 'NONE',  ( 1.000000000000000000, 0.000000000000000000, -0.000000000000000000 ) ) ;
#1904 = VECTOR ( 'NONE', #3415, 1000.000000000000000 ) ;
#1905 = PLANE ( 'NONE',  #101 ) ;
#1906 = VERTEX_POINT ( 'NONE', #11512 ) ;
#1907 = EDGE_CURVE ( 'NONE', #8886, #12891, #11388, .T. ) ;
#1909 = ORIENTED_EDGE ( 'NONE', *, *, #10213, .F. ) ;
#1908 = CARTESIAN_POINT ( 'NONE',  ( 160.3619999999999948, 58.35159999999999769, 0.000000000000000000 ) ) ;
#1910 = VECTOR ( 'NONE', #10636, 1000.000000000000000 ) ;
#1911 = FACE_BOUND ( 'NONE', #3041, .T. ) ;
#1912 = ORIENTED_EDGE ( 'NONE', *, *, #2937, .F. ) ;
#1913 = CARTESIAN_POINT ( 'NONE',  ( 112.1569999999999965, 45.82269999999999754, 3.000000000000000000 ) ) ;
#1914 = DIRECTION ( 'NONE',  ( -1.000000000000000000, -0.000000000000000000, -0.000000000000000000 ) ) ;
#1915 = CARTESIAN_POINT ( 'NONE',  ( 158.6370000000000005, 55.12149999999999750, 3.000000000000000000 ) ) ;
#1916 = LINE ( 'NONE', #5911, #361 ) ;
#1917 = ADVANCED_FACE ( 'NONE', ( #11325 ), #1331, .T. ) ;
#1918 = DIRECTION ( 'NONE',  ( 1.000000000000000000, 0.000000000000000000, 0.000000000000000000 ) ) ;
#1919 = PLANE ( 'NONE',  #5969 ) ;
#1921 = ORIENTED_EDGE ( 'NONE', *, *, #11985, .T. ) ;
#1920 = EDGE_LOOP ( 'NONE', ( #7722, #199, #5811, #5710 ) ) ;
#1922 = EDGE_CURVE ( 'NONE', #5119, #12444, #11452, .T. ) ;
#1923 = ORIENTED_EDGE ( 'NONE', *, *, #11899, .T. ) ;
#1924 = PLANE ( 'NONE',  #5052 ) ;
#1925 = ORIENTED_EDGE ( 'NONE', *, *, #3013, .T. ) ;
#1926 = ORIENTED_EDGE ( 'NONE', *, *, #10924, .T. ) ;
#1927 = LINE ( 'NONE', #3044, #6579 ) ;
#1928 = CIRCLE ( 'NONE', #1726, 1.000000000000000888 ) ;
#1929 = EDGE_CURVE ( 'NONE', #11263, #1157, #6563, .T. ) ;
#1930 = LINE ( 'NONE', #5923, #12324 ) ;
#1931 = AXIS2_PLACEMENT_3D ( 'NONE', #1780, #5778, #9749 ) ;
#1932 = LINE ( 'NONE', #11596, #5705 ) ;
#1933 = CARTESIAN_POINT ( 'NONE',  ( 202.3569999999999993, 78.87189999999999657, 3.000000000000000000 ) ) ;
#1934 = EDGE_CURVE ( 'NONE', #474, #8658, #5524, .T. ) ;
#1935 = CARTESIAN_POINT ( 'NONE',  ( 16.90719999999999956, 59.82189999999999941, 0.000000000000000000 ) ) ;
#1936 = VECTOR ( 'NONE', #4884, 1000.000000000000000 ) ;
#1937 = EDGE_CURVE ( 'NONE', #12210, #5119, #1527, .T. ) ;
#1938 = ORIENTED_EDGE ( 'NONE', *, *, #10208, .F. ) ;
#1939 = VERTEX_POINT ( 'NONE', #8520 ) ;
#1940 = FACE_OUTER_BOUND ( 'NONE', #2757, .T. ) ;
#1941 = EDGE_LOOP ( 'NONE', ( #5407, #10651, #1123, #11475 ) ) ;
#1942 = ORIENTED_EDGE ( 'NONE', *, *, #4597, .F. ) ;
#1943 = VERTEX_POINT ( 'NONE', #12501 ) ;
#1944 = FACE_OUTER_BOUND ( 'NONE', #2559, .T. ) ;
#1945 = EDGE_CURVE ( 'NONE', #12804, #10323, #10539, .T. ) ;
#1946 = EDGE_CURVE ( 'NONE', #6801, #10831, #10278, .T. ) ;
#1947 = CARTESIAN_POINT ( 'NONE',  ( 121.3940000000000055, 78.87189999999999657, 0.000000000000000000 ) ) ;
#1948 = VECTOR ( 'NONE', #12034, 1000.000000000000000 ) ;
#1949 = CARTESIAN_POINT ( 'NONE',  ( 160.3619999999999948, 45.07159999999999656, 3.000000000000000000 ) ) ;
#1950 = LINE ( 'NONE', #10836, #6233 ) ;
#1951 = LINE ( 'NONE', #6141, #11384 ) ;
#1952 = ORIENTED_EDGE ( 'NONE', *, *, #5559, .T. ) ;
#1953 = FACE_OUTER_BOUND ( 'NONE', #732, .T. ) ;
#1954 = CIRCLE ( 'NONE', #5926, 1.250000000000001110 ) ;
#1955 = ORIENTED_EDGE ( 'NONE', *, *, #1287, .F. ) ;
#1956 = VECTOR ( 'NONE', #3268, 1000.000000000000000 ) ;
#1957 = VERTEX_POINT ( 'NONE', #7346 ) ;
#1958 = ORIENTED_EDGE ( 'NONE', *, *, #3029, .F. ) ;
#1959 =( LENGTH_UNIT ( ) NAMED_UNIT ( * ) SI_UNIT ( .MILLI., .METRE. ) );
#1960 = FACE_OUTER_BOUND ( 'NONE', #12488, .T. ) ;
#1961 = DIRECTION ( 'NONE',  ( -0.000000000000000000, -0.000000000000000000, -1.000000000000000000 ) ) ;
#1962 = ORIENTED_EDGE ( 'NONE', *, *, #6254, .F. ) ;
#1963 = VECTOR ( 'NONE', #9456, 1000.000000000000000 ) ;
#1964 = LINE ( 'NONE', #1111, #8163 ) ;
#1965 = CARTESIAN_POINT ( 'NONE',  ( 185.9759999999999991, 126.4969999999999999, 0.000000000000000000 ) ) ;
#1966 = VECTOR ( 'NONE', #2935, 1000.000000000000000 ) ;
#1967 = LINE ( 'NONE', #5113, #10178 ) ;
#1968 = LINE ( 'NONE', #2168, #7829 ) ;
#1969 = CARTESIAN_POINT ( 'NONE',  ( 116.6320000000000192, 40.77190000000000225, 3.000000000000000000 ) ) ;
#1970 = VECTOR ( 'NONE', #7555, 1000.000000000000000 ) ;
#1971 = DIRECTION ( 'NONE',  ( -0.000000000000000000, -1.000000000000000000, -0.000000000000000000 ) ) ;
#1972 = ORIENTED_EDGE ( 'NONE', *, *, #285, .T. ) ;
#1973 = ADVANCED_FACE ( 'NONE', ( #6369 ), #10343, .F. ) ;
#1975 = ORIENTED_EDGE ( 'NONE', *, *, #9993, .F. ) ;
#1974 = DIRECTION ( 'NONE',  ( 0.000000000000000000, -1.000000000000000000, 0.000000000000000000 ) ) ;
#1976 = FACE_BOUND ( 'NONE', #1393, .T. ) ;
#1977 = VERTEX_POINT ( 'NONE', #6754 ) ;
#1978 = VECTOR ( 'NONE', #6044, 1000.000000000000000 ) ;
#1979 = CARTESIAN_POINT ( 'NONE',  ( 64.53220000000000312, 26.77250000000000085, 0.000000000000000000 ) ) ;
#1980 = CARTESIAN_POINT ( 'NONE',  ( 54.71900000000000119, 83.92270000000000607, 3.000000000000000000 ) ) ;
#1981 = EDGE_CURVE ( 'NONE', #12277, #3338, #8840, .T. ) ;
#1982 = CARTESIAN_POINT ( 'NONE',  ( 164.5449999999999875, 112.4980000000000047, 3.000000000000000000 ) ) ;
#1983 = AXIS2_PLACEMENT_3D ( 'NONE', #6772, #3904, #12772 ) ;
#1984 = CARTESIAN_POINT ( 'NONE',  ( 50.82469999999999999, 20.25169999999999959, 0.000000000000000000 ) ) ;
#1985 = DIRECTION ( 'NONE',  ( 0.000000000000000000, 0.000000000000000000, -1.000000000000000000 ) ) ;
#1986 = VECTOR ( 'NONE', #2635, 1000.000000000000000 ) ;
#1987 = VERTEX_POINT ( 'NONE', #3888 ) ;
#1988 = ORIENTED_EDGE ( 'NONE', *, *, #11443, .F. ) ;
#1989 = CARTESIAN_POINT ( 'NONE',  ( 126.1569999999999965, 59.82189999999999941, 3.000000000000000000 ) ) ;
#1990 = ORIENTED_EDGE ( 'NONE', *, *, #8869, .F. ) ;
#1991 = LINE ( 'NONE', #5982, #10701 ) ;
#1992 = ORIENTED_EDGE ( 'NONE', *, *, #3877, .T. ) ;
#1993 = EDGE_CURVE ( 'NONE', #4384, #4027, #6821, .T. ) ;
#1994 = FACE_OUTER_BOUND ( 'NONE', #8787, .T. ) ;
#1995 = CARTESIAN_POINT ( 'NONE',  ( 102.6320000000000050, 26.77250000000000085, 0.000000000000000000 ) ) ;
#1996 = CARTESIAN_POINT ( 'NONE',  ( 164.5449999999999875, 36.00939999999999941, 3.000000000000000000 ) ) ;
#1997 = VECTOR ( 'NONE', #11474, 1000.000000000000000 ) ;
#1998 = CARTESIAN_POINT ( 'NONE',  ( 27.02609999999999957, 21.17220000000000368, 3.000000000000000000 ) ) ;
#1999 = EDGE_CURVE ( 'NONE', #6543, #1027, #7663, .T. ) ;
#2000 = DIRECTION ( 'NONE',  ( -1.000000000000000000, 0.000000000000000000, 0.000000000000000000 ) ) ;
#2001 = CARTESIAN_POINT ( 'NONE',  ( 133.3000000000000114, 21.72200000000000131, 3.000000000000000000 ) ) ;
#2002 = ORIENTED_EDGE ( 'NONE', *, *, #7291, .T. ) ;
#2003 = ORIENTED_EDGE ( 'NONE', *, *, #4556, .F. ) ;
#2004 = LINE ( 'NONE', #7099, #2396 ) ;
#2005 = EDGE_LOOP ( 'NONE', ( #5756, #8502, #11254, #10939 ) ) ;
#2006 = EDGE_LOOP ( 'NONE', ( #5056, #10207, #8936, #11132 ) ) ;
#2007 = VECTOR ( 'NONE', #9054, 1000.000000000000000 ) ;
#2008 = VERTEX_POINT ( 'NONE', #4604 ) ;
#2009 = LINE ( 'NONE', #11025, #10023 ) ;
#2010 = CARTESIAN_POINT ( 'NONE',  ( 78.81969999999999743, 83.92270000000000607, 3.000000000000000000 ) ) ;
#2011 = CARTESIAN_POINT ( 'NONE',  ( 164.5449999999999875, 2.960030000000000161, 0.000000000000000000 ) ) ;
#2012 = ADVANCED_FACE ( 'NONE', ( #5904 ), #1658, .T. ) ;
#2013 = CARTESIAN_POINT ( 'NONE',  ( 69.00650000000000261, 59.82189999999999941, 3.000000000000000000 ) ) ;
#2014 = VECTOR ( 'NONE', #3363, 1000.000000000000000 ) ;
#2015 = VECTOR ( 'NONE', #12149, 1000.000000000000000 ) ;
#2016 = LINE ( 'NONE', #3988, #1006 ) ;
#2017 = ADVANCED_FACE ( 'NONE', ( #5712 ), #1851, .T. ) ;
#2018 = DIRECTION ( 'NONE',  ( 0.000000000000000000, -1.000000000000000000, 0.000000000000000000 ) ) ;
#2019 = ORIENTED_EDGE ( 'NONE', *, *, #5426, .T. ) ;
#2020 = LINE ( 'NONE', #7184, #9478 ) ;
#2021 = VECTOR ( 'NONE', #12519, 1000.000000000000000 ) ;
#2022 = VERTEX_POINT ( 'NONE', #3755 ) ;
#2023 = ORIENTED_EDGE ( 'NONE', *, *, #3878, .F. ) ;
#2024 = AXIS2_PLACEMENT_3D ( 'NONE', #8327, #9302, #10157 ) ;
#2025 = ORIENTED_EDGE ( 'NONE', *, *, #3315, .T. ) ;
#2026 = DIRECTION ( 'NONE',  ( 1.000000000000000000, 0.000000000000000000, 0.000000000000000000 ) ) ;
#2027 = CARTESIAN_POINT ( 'NONE',  ( 40.43149999999999977, 112.4980000000000047, 3.000000000000000000 ) ) ;
#2028 = VECTOR ( 'NONE', #4066, 1000.000000000000000 ) ;
#2029 = DIRECTION ( 'NONE',  ( -1.000000000000000000, 0.000000000000000000, 0.000000000000000000 ) ) ;
#2030 = VERTEX_POINT ( 'NONE', #3620 ) ;
#2031 = CARTESIAN_POINT ( 'NONE',  ( 116.6320000000000192, 26.77250000000000085, 3.000000000000000000 ) ) ;
#2032 = LINE ( 'NONE', #8958, #138 ) ;
#2033 = AXIS2_PLACEMENT_3D ( 'NONE', #342, #8318, #6428 ) ;
#2034 = DIRECTION ( 'NONE',  ( 1.000000000000000000, -0.000000000000000000, -0.000000000000000000 ) ) ;
#2035 = EDGE_CURVE ( 'NONE', #6898, #7837, #12824, .T. ) ;
#2036 = DIRECTION ( 'NONE',  ( -1.000000000000000000, -0.000000000000000000, -0.000000000000000000 ) ) ;
#2037 = LINE ( 'NONE', #11956, #5351 ) ;
#2038 = VECTOR ( 'NONE', #9468, 1000.000000000000000 ) ;
#2039 = EDGE_CURVE ( 'NONE', #12368, #4553, #10792, .T. ) ;
#2040 = EDGE_CURVE ( 'NONE', #7059, #5007, #6689, .T. ) ;
#2041 = CARTESIAN_POINT ( 'NONE',  ( 49.95649999999999835, 45.82269999999999754, 3.000000000000000000 ) ) ;
#2042 = ORIENTED_EDGE ( 'NONE', *, *, #3292, .T. ) ;
#2044 = EDGE_LOOP ( 'NONE', ( #10470, #6526 ) ) ;
#2043 = FACE_OUTER_BOUND ( 'NONE', #2690, .T. ) ;
#2045 = AXIS2_PLACEMENT_3D ( 'NONE', #8107, #194, #5366 ) ;
#2046 = CARTESIAN_POINT ( 'NONE',  ( 27.02609999999999957, 6.972859999999999836, 3.000000000000000000 ) ) ;
#2047 = VERTEX_POINT ( 'NONE', #9752 ) ;
#2048 = CARTESIAN_POINT ( 'NONE',  ( 54.12530000000000285, 6.972859999999999836, 3.000000000000000000 ) ) ;
#2049 = CARTESIAN_POINT ( 'NONE',  ( 27.02609999999999957, 20.25169999999999959, 3.000000000000000000 ) ) ;
#2050 = EDGE_CURVE ( 'NONE', #246, #5934, #8575, .T. ) ;
#2051 = ADVANCED_FACE ( 'NONE', ( #11707, #865, #666, #7856, #2772, #1911, #734, #12622, #3686, #804, #2708, #2905, #4733, #6883, #10667, #8773, #12755, #8710, #11776, #10859, #608, #2839, #12560, #11578, #2643, #6629, #10071, #77, #1192, #5190, #6099, #9164, #1976, #10921, #11120, #203, #4933, #10989, #1058, #4076, #2177, #932, #6035, #2246, #8908, #12893, #8047, #5970, #11189, #10010, #4205, #5123, #7074, #9033, #1124, #2108, #12094, #9944, #11900, #1000, #4014, #3953, #4998, #12029, #9098, #6942 ), #8176, .T. ) ;
#2052 = PLANE ( 'NONE',  #2674 ) ;
#2053 = VECTOR ( 'NONE', #2475, 1000.000000000000000 ) ;
#2054 = CARTESIAN_POINT ( 'NONE',  ( 25.30079999999999885, 17.02149999999999963, 3.000000000000000000 ) ) ;
#2055 = AXIS2_PLACEMENT_3D ( 'NONE', #8084, #9382, #12325 ) ;
#2056 = LINE ( 'NONE', #1134, #11567 ) ;
#2057 = VERTEX_POINT ( 'NONE', #3159 ) ;
#2058 = ORIENTED_EDGE ( 'NONE', *, *, #7975, .T. ) ;
#2059 = CARTESIAN_POINT ( 'NONE',  ( 188.3569999999999993, 83.92270000000000607, 3.000000000000000000 ) ) ;
#2060 = VERTEX_POINT ( 'NONE', #2964 ) ;
#2061 = DIRECTION ( 'NONE',  ( -1.000000000000000000, 0.000000000000000000, 0.000000000000000000 ) ) ;
#2062 = ORIENTED_EDGE ( 'NONE', *, *, #634, .T. ) ;
#2063 = CARTESIAN_POINT ( 'NONE',  ( 134.8369999999999891, 58.35159999999999769, 3.000000000000000000 ) ) ;
#2064 = CARTESIAN_POINT ( 'NONE',  ( 33.57589999999999719, 7.722520000000000273, 3.000000000000000000 ) ) ;
#2065 = PLANE ( 'NONE',  #5986 ) ;
#2066 = DIRECTION ( 'NONE',  ( -0.000000000000000000, -0.000000000000000000, -1.000000000000000000 ) ) ;
#2067 = CARTESIAN_POINT ( 'NONE',  ( 166.0440000000000111, 83.17159999999999798, 3.000000000000000000 ) ) ;
#2068 = LINE ( 'NONE', #6057, #2248 ) ;
#2069 = ADVANCED_FACE ( 'NONE', ( #10139 ), #8968, .T. ) ;
#2071 = VERTEX_POINT ( 'NONE', #9875 ) ;
#2070 = DIRECTION ( 'NONE',  ( -1.000000000000000000, 0.000000000000000000, 0.000000000000000000 ) ) ;
#2072 = ORIENTED_EDGE ( 'NONE', *, *, #1796, .F. ) ;
#2073 = LINE ( 'NONE', #8010, #5318 ) ;
#2074 = ORIENTED_EDGE ( 'NONE', *, *, #514, .T. ) ;
#2075 = VERTEX_POINT ( 'NONE', #2046 ) ;
#2076 = EDGE_CURVE ( 'NONE', #8175, #10394, #7205, .T. ) ;
#2077 = ORIENTED_EDGE ( 'NONE', *, *, #2831, .T. ) ;
#2078 = FACE_OUTER_BOUND ( 'NONE', #11372, .T. ) ;
#2079 = LINE ( 'NONE', #12925, #1547 ) ;
#2080 = CARTESIAN_POINT ( 'NONE',  ( 161.0180000000000007, 96.45159999999999911, 3.000000000000000000 ) ) ;
#2081 = LINE ( 'NONE', #10046, #2744 ) ;
#2082 = LINE ( 'NONE', #10112, #9879 ) ;
#2083 = CARTESIAN_POINT ( 'NONE',  ( 207.3830000000000098, 35.43408199999999653, 0.000000000000000000 ) ) ;
#2084 = CARTESIAN_POINT ( 'NONE',  ( 32.05040000000000333, 17.02149999999999963, 3.000000000000000000 ) ) ;
#2085 = EDGE_CURVE ( 'NONE', #960, #2321, #11963, .T. ) ;
#2086 = ORIENTED_EDGE ( 'NONE', *, *, #12151, .T. ) ;
#2087 = CARTESIAN_POINT ( 'NONE',  ( 59.48149999999999693, 126.4969999999999999, 0.000000000000000000 ) ) ;
#2088 = ORIENTED_EDGE ( 'NONE', *, *, #9303, .F. ) ;
#2089 = VERTEX_POINT ( 'NONE', #3027 ) ;
#2090 = EDGE_CURVE ( 'NONE', #3206, #6314, #1954, .T. ) ;
#2091 = ORIENTED_EDGE ( 'NONE', *, *, #1034, .F. ) ;
#2092 = CARTESIAN_POINT ( 'NONE',  ( 207.3830000000000098, 35.43408199999999653, 0.000000000000000000 ) ) ;
#2093 = DIRECTION ( 'NONE',  ( 0.000000000000000000, 0.000000000000000000, 1.000000000000000000 ) ) ;
#2094 = EDGE_CURVE ( 'NONE', #3685, #4250, #7137, .T. ) ;
#2095 = VECTOR ( 'NONE', #2243, 1000.000000000000000 ) ;
#2096 = FACE_OUTER_BOUND ( 'NONE', #11022, .T. ) ;
#2097 = DIRECTION ( 'NONE',  ( 0.000000000000000000, -0.000000000000000000, -1.000000000000000000 ) ) ;
#2098 = CARTESIAN_POINT ( 'NONE',  ( 56.67589999999999861, 14.22269999999999968, 0.000000000000000000 ) ) ;
#2099 = ADVANCED_FACE ( 'NONE', ( #3419 ), #9286, .T. ) ;
#2100 = CARTESIAN_POINT ( 'NONE',  ( 64.24399999999999977, 64.87269999999999470, 0.000000000000000000 ) ) ;
#2101 = CARTESIAN_POINT ( 'NONE',  ( 54.12530000000000285, 6.972859999999999836, 3.000000000000000000 ) ) ;
#2102 = VECTOR ( 'NONE', #2484, 1000.000000000000000 ) ;
#2103 = LINE ( 'NONE', #10201, #9913 ) ;
#2104 = EDGE_LOOP ( 'NONE', ( #826, #3508, #12573, #8893 ) ) ;
#2105 = VECTOR ( 'NONE', #3908, 1000.000000000000000 ) ;
#2107 = ORIENTED_EDGE ( 'NONE', *, *, #10131, .T. ) ;
#2106 = CARTESIAN_POINT ( 'NONE',  ( 164.5449999999999875, 16.95949999999999847, 3.000000000000000000 ) ) ;
#2108 = FACE_BOUND ( 'NONE', #10410, .T. ) ;
#2109 = ORIENTED_EDGE ( 'NONE', *, *, #6791, .T. ) ;
#2110 = EDGE_CURVE ( 'NONE', #4250, #7282, #11376, .T. ) ;
#2111 = CARTESIAN_POINT ( 'NONE',  ( 14.38192999999999522, 43.29100000000002524, 3.000000000000000000 ) ) ;
#2112 = CARTESIAN_POINT ( 'NONE',  ( 14.88192999999999877, 23.74100000000002098, 3.000000000000000000 ) ) ;
#2113 = DIRECTION ( 'NONE',  ( -1.000000000000000000, -0.000000000000000000, -0.000000000000000000 ) ) ;
#2114 = AXIS2_PLACEMENT_3D ( 'NONE', #8627, #7579, #5766 ) ;
#2115 = LINE ( 'NONE', #208, #3690 ) ;
#2116 = DIRECTION ( 'NONE',  ( 1.000000000000000000, -0.000000000000000000, -0.000000000000000000 ) ) ;
#2117 = VECTOR ( 'NONE', #7759, 1000.000000000000000 ) ;
#2118 = ORIENTED_EDGE ( 'NONE', *, *, #7553, .T. ) ;
#2119 = VERTEX_POINT ( 'NONE', #531 ) ;
#2120 = CARTESIAN_POINT ( 'NONE',  ( 97.58150000000000546, 40.77190000000000225, 3.000000000000000000 ) ) ;
#2121 = ORIENTED_EDGE ( 'NONE', *, *, #8862, .T. ) ;
#2122 = ADVANCED_FACE ( 'NONE', ( #9355 ), #1318, .T. ) ;
#2123 = FACE_OUTER_BOUND ( 'NONE', #12722, .T. ) ;
#2124 = ORIENTED_EDGE ( 'NONE', *, *, #9275, .F. ) ;
#2125 = VECTOR ( 'NONE', #1508, 1000.000000000000000 ) ;
#2126 = CARTESIAN_POINT ( 'NONE',  ( 49.10099999999999909, 20.25169999999999959, 0.000000000000000000 ) ) ;
#2127 = DIRECTION ( 'NONE',  ( -0.000000000000000000, 0.000000000000000000, -1.000000000000000000 ) ) ;
#2128 = CARTESIAN_POINT ( 'NONE',  ( 56.67589999999999861, 17.02149999999999963, 3.000000000000000000 ) ) ;
#2129 = VECTOR ( 'NONE', #2792, 1000.000000000000000 ) ;
#2130 = CARTESIAN_POINT ( 'NONE',  ( 69.29470000000000596, 64.87269999999999470, 3.000000000000000000 ) ) ;
#2131 = DIRECTION ( 'NONE',  ( 0.000000000000000000, 0.000000000000000000, 1.000000000000000000 ) ) ;
#2132 = DIRECTION ( 'NONE',  ( -1.000000000000000000, 0.000000000000000000, 0.000000000000000000 ) ) ;
#2133 = VECTOR ( 'NONE', #7710, 1000.000000000000000 ) ;
#2135 = ORIENTED_EDGE ( 'NONE', *, *, #1371, .F. ) ;
#2134 = FACE_OUTER_BOUND ( 'NONE', #5648, .T. ) ;
#2136 = ORIENTED_EDGE ( 'NONE', *, *, #1311, .T. ) ;
#2137 = LINE ( 'NONE', #2991, #8021 ) ;
#2138 = ORIENTED_EDGE ( 'NONE', *, *, #10389, .T. ) ;
#2139 = ORIENTED_EDGE ( 'NONE', *, *, #6019, .T. ) ;
#2140 = EDGE_CURVE ( 'NONE', #8593, #5341, #11313, .T. ) ;
#2141 = ORIENTED_EDGE ( 'NONE', *, *, #12547, .F. ) ;
#2142 = VECTOR ( 'NONE', #9942, 1000.000000000000000 ) ;
#2143 = DIRECTION ( 'NONE',  ( 0.000000000000000000, 1.000000000000000000, 0.000000000000000000 ) ) ;
#2144 = CARTESIAN_POINT ( 'NONE',  ( 64.24399999999999977, 64.87269999999999470, 0.000000000000000000 ) ) ;
#2145 = CARTESIAN_POINT ( 'NONE',  ( 159.4939999999999998, 2.960030000000000161, 0.000000000000000000 ) ) ;
#2146 = LINE ( 'NONE', #113, #9833 ) ;
#2147 = LINE ( 'NONE', #6139, #11319 ) ;
#2148 = AXIS2_PLACEMENT_3D ( 'NONE', #12267, #11469, #3575 ) ;
#2149 = VECTOR ( 'NONE', #10301, 1000.000000000000000 ) ;
#2150 = EDGE_CURVE ( 'NONE', #5903, #3140, #4465, .T. ) ;
#2151 = CARTESIAN_POINT ( 'NONE',  ( 136.3940000000000055, 90.42260000000000275, 3.000000000000000000 ) ) ;
#2152 = CARTESIAN_POINT ( 'NONE',  ( 119.3010000000000019, 7.722520000000000273, 0.000000000000000000 ) ) ;
#2153 = VERTEX_POINT ( 'NONE', #10328 ) ;
#2154 = DIRECTION ( 'NONE',  ( -0.000000000000000000, -0.000000000000000000, -1.000000000000000000 ) ) ;
#2155 = ORIENTED_EDGE ( 'NONE', *, *, #6323, .F. ) ;
#2156 = ORIENTED_EDGE ( 'NONE', *, *, #8628, .F. ) ;
#2157 = ORIENTED_EDGE ( 'NONE', *, *, #12342, .F. ) ;
#2158 = VECTOR ( 'NONE', #12914, 1000.000000000000000 ) ;
#2159 = DIRECTION ( 'NONE',  ( 1.000000000000000000, 0.000000000000000000, -0.000000000000000000 ) ) ;
#2160 = CARTESIAN_POINT ( 'NONE',  ( 32.05040000000000333, 20.25169999999999959, 3.000000000000000000 ) ) ;
#2161 = EDGE_CURVE ( 'NONE', #12190, #6703, #463, .T. ) ;
#2162 = LINE ( 'NONE', #65, #8996 ) ;
#2163 = CARTESIAN_POINT ( 'NONE',  ( 31.19470000000000098, 64.87269999999999470, 3.000000000000000000 ) ) ;
#2164 = VECTOR ( 'NONE', #11239, 1000.000000000000000 ) ;
#2165 = EDGE_CURVE ( 'NONE', #2317, #11236, #7461, .T. ) ;
#2166 = FACE_OUTER_BOUND ( 'NONE', #11149, .T. ) ;
#2167 = AXIS2_PLACEMENT_3D ( 'NONE', #1513, #8246, #5507 ) ;
#2168 = CARTESIAN_POINT ( 'NONE',  ( 55.85040000000000049, 14.22269999999999968, 3.000000000000000000 ) ) ;
#2169 = DIRECTION ( 'NONE',  ( 0.000000000000000000, 0.000000000000000000, 1.000000000000000000 ) ) ;
#2170 = VECTOR ( 'NONE', #7986, 1000.000000000000000 ) ;
#2171 = CARTESIAN_POINT ( 'NONE',  ( 159.4939999999999998, 16.95949999999999847, 0.000000000000000000 ) ) ;
#2172 = ORIENTED_EDGE ( 'NONE', *, *, #8260, .F. ) ;
#2173 = ORIENTED_EDGE ( 'NONE', *, *, #8204, .T. ) ;
#2174 = AXIS2_PLACEMENT_3D ( 'NONE', #3205, #6523, #10307 ) ;
#2176 = VERTEX_POINT ( 'NONE', #265 ) ;
#2175 = CARTESIAN_POINT ( 'NONE',  ( 40.43149999999999977, 126.4969999999999999, 3.000000000000000000 ) ) ;
#2177 = FACE_BOUND ( 'NONE', #8816, .T. ) ;
#2178 = ORIENTED_EDGE ( 'NONE', *, *, #12054, .T. ) ;
#2179 = VECTOR ( 'NONE', #12066, 1000.000000000000000 ) ;
#2180 = DIRECTION ( 'NONE',  ( 0.000000000000000000, -0.000000000000000000, -1.000000000000000000 ) ) ;
#2181 = EDGE_CURVE ( 'NONE', #963, #2479, #2308, .T. ) ;
#2182 = CYLINDRICAL_SURFACE ( 'NONE', #12175, 0.5000000000000004441 ) ;
#2183 = CARTESIAN_POINT ( 'NONE',  ( 78.53149999999999409, 126.4969999999999999, 0.000000000000000000 ) ) ;
#2184 = VECTOR ( 'NONE', #9791, 1000.000000000000000 ) ;
#2185 = FACE_OUTER_BOUND ( 'NONE', #12195, .T. ) ;
#2186 = CARTESIAN_POINT ( 'NONE',  ( 164.5449999999999875, 2.960030000000000161, 0.000000000000000000 ) ) ;
#2187 = ADVANCED_FACE ( 'NONE', ( #402 ), #5310, .F. ) ;
#2188 = ORIENTED_EDGE ( 'NONE', *, *, #7507, .T. ) ;
#2189 = ORIENTED_EDGE ( 'NONE', *, *, #7318, .F. ) ;
#2190 = CARTESIAN_POINT ( 'NONE',  ( 109.4879999999999995, 21.72200000000000131, 3.000000000000000000 ) ) ;
#2191 = ORIENTED_EDGE ( 'NONE', *, *, #11242, .F. ) ;
#2192 = CARTESIAN_POINT ( 'NONE',  ( 165.3880000000000052, 46.05270000000000152, 3.000000000000000000 ) ) ;
#2193 = VECTOR ( 'NONE', #4827, 1000.000000000000000 ) ;
#2194 = ORIENTED_EDGE ( 'NONE', *, *, #12036, .F. ) ;
#2195 = DIRECTION ( 'NONE',  ( -0.000000000000000000, -0.000000000000000000, -1.000000000000000000 ) ) ;
#2196 = CARTESIAN_POINT ( 'NONE',  ( 49.10099999999999909, 12.42159999999999975, 3.000000000000000000 ) ) ;
#2197 = CARTESIAN_POINT ( 'NONE',  ( 162.7429999999999950, 83.17159999999999798, 0.000000000000000000 ) ) ;
#2198 = DIRECTION ( 'NONE',  ( -1.000000000000000000, 0.000000000000000000, 0.000000000000000000 ) ) ;
#2199 = FACE_OUTER_BOUND ( 'NONE', #6411, .T. ) ;
#2200 = PLANE ( 'NONE',  #2652 ) ;
#2201 = VECTOR ( 'NONE', #2767, 1000.000000000000000 ) ;
#2202 = EDGE_CURVE ( 'NONE', #9301, #813, #6134, .T. ) ;
#2204 = EDGE_LOOP ( 'NONE', ( #45, #5812, #8519, #11234 ) ) ;
#2203 = LINE ( 'NONE', #8075, #7651 ) ;
#2205 = EDGE_CURVE ( 'NONE', #11262, #7788, #2373, .T. ) ;
#2206 = ADVANCED_FACE ( 'NONE', ( #3357 ), #3295, .T. ) ;
#2207 = ORIENTED_EDGE ( 'NONE', *, *, #5889, .F. ) ;
#2208 = CARTESIAN_POINT ( 'NONE',  ( 198.6319299999999828, -2.065918000000003474, 0.000000000000000000 ) ) ;
#2209 = ORIENTED_EDGE ( 'NONE', *, *, #3115, .T. ) ;
#2210 = ORIENTED_EDGE ( 'NONE', *, *, #10434, .F. ) ;
#2211 = ORIENTED_EDGE ( 'NONE', *, *, #729, .F. ) ;
#2212 = CARTESIAN_POINT ( 'NONE',  ( 159.5449999999999875, 102.9218999999999937, 0.000000000000000000 ) ) ;
#2213 = AXIS2_PLACEMENT_3D ( 'NONE', #5447, #8568, #4472 ) ;
#2214 = CARTESIAN_POINT ( 'NONE',  ( 35.95720000000000027, 45.82269999999999754, 0.000000000000000000 ) ) ;
#2215 = CARTESIAN_POINT ( 'NONE',  ( 25.30079999999999885, 14.22269999999999968, 0.000000000000000000 ) ) ;
#2216 = LINE ( 'NONE', #11409, #12347 ) ;
#2217 = LINE ( 'NONE', #9140, #52 ) ;
#2218 = EDGE_CURVE ( 'NONE', #949, #1957, #1382, .T. ) ;
#2219 = LINE ( 'NONE', #7367, #5810 ) ;
#2220 = VECTOR ( 'NONE', #6458, 1000.000000000000000 ) ;
#2221 = CARTESIAN_POINT ( 'NONE',  ( 112.1569999999999965, 45.82269999999999754, 3.000000000000000000 ) ) ;
#2222 = ORIENTED_EDGE ( 'NONE', *, *, #2738, .T. ) ;
#2223 = LINE ( 'NONE', #10189, #8848 ) ;
#2224 = ORIENTED_EDGE ( 'NONE', *, *, #6791, .F. ) ;
#2225 = EDGE_LOOP ( 'NONE', ( #1470, #12450, #7315, #12452 ) ) ;
#2226 = EDGE_LOOP ( 'NONE', ( #5121, #7371, #1237, #4123 ) ) ;
#2227 = FACE_OUTER_BOUND ( 'NONE', #8336, .T. ) ;
#2228 = EDGE_CURVE ( 'NONE', #10216, #541, #7792, .T. ) ;
#2229 = LINE ( 'NONE', #251, #8430 ) ;
#2230 = AXIS2_PLACEMENT_3D ( 'NONE', #3409, #7384, #11366 ) ;
#2231 = DIRECTION ( 'NONE',  ( 0.000000000000000000, -1.000000000000000000, 0.000000000000000000 ) ) ;
#2232 = VECTOR ( 'NONE', #205, 1000.000000000000000 ) ;
#2233 = DIRECTION ( 'NONE',  ( 0.000000000000000000, 0.000000000000000000, 1.000000000000000000 ) ) ;
#2234 = DIRECTION ( 'NONE',  ( 0.000000000000000000, -0.000000000000000000, -1.000000000000000000 ) ) ;
#2235 = DIRECTION ( 'NONE',  ( 2.218304324340535762E-17, -1.000000000000000000, 0.000000000000000000 ) ) ;
#2236 = LINE ( 'NONE', #9091, #4105 ) ;
#2237 = VECTOR ( 'NONE', #10169, 1000.000000000000000 ) ;
#2238 = EDGE_CURVE ( 'NONE', #12224, #1987, #11441, .T. ) ;
#2239 = CARTESIAN_POINT ( 'NONE',  ( 59.48149999999999693, 40.77190000000000225, 3.000000000000000000 ) ) ;
#2240 = ORIENTED_EDGE ( 'NONE', *, *, #10373, .T. ) ;
#2241 = ORIENTED_EDGE ( 'NONE', *, *, #7195, .T. ) ;
#2242 = AXIS2_PLACEMENT_3D ( 'NONE', #12019, #2952, #6086 ) ;
#2244 = ORIENTED_EDGE ( 'NONE', *, *, #900, .F. ) ;
#2243 = DIRECTION ( 'NONE',  ( 1.000000000000000000, -0.000000000000000000, -0.000000000000000000 ) ) ;
#2245 = ADVANCED_FACE ( 'NONE', ( #6481 ), #6234, .T. ) ;
#2246 = FACE_BOUND ( 'NONE', #4466, .T. ) ;
#2247 = VERTEX_POINT ( 'NONE', #12229 ) ;
#2248 = VECTOR ( 'NONE', #9774, 1000.000000000000000 ) ;
#2249 = AXIS2_PLACEMENT_3D ( 'NONE', #5147, #10098, #169 ) ;
#2250 = CARTESIAN_POINT ( 'NONE',  ( 183.5949999999999989, 16.95949999999999847, 3.000000000000000000 ) ) ;
#2251 = CARTESIAN_POINT ( 'NONE',  ( 14.88192999999999699, 43.79100000000002524, 3.000000000000000000 ) ) ;
#2252 = VECTOR ( 'NONE', #5991, 1000.000000000000000 ) ;
#2253 = DIRECTION ( 'NONE',  ( 0.000000000000000000, 1.000000000000000000, -0.000000000000000000 ) ) ;
#2254 = CARTESIAN_POINT ( 'NONE',  ( 167.7680000000000007, 96.45159999999999911, 3.000000000000000000 ) ) ;
#2255 = DIRECTION ( 'NONE',  ( -0.000000000000000000, 0.000000000000000000, 1.000000000000000000 ) ) ;
#2256 = VECTOR ( 'NONE', #7128, 1000.000000000000000 ) ;
#2257 = EDGE_LOOP ( 'NONE', ( #12240, #3289, #596, #2025 ) ) ;
#2258 = EDGE_CURVE ( 'NONE', #75, #6898, #8625, .T. ) ;
#2259 = VERTEX_POINT ( 'NONE', #5698 ) ;
#2260 = ORIENTED_EDGE ( 'NONE', *, *, #11332, .T. ) ;
#2261 = EDGE_CURVE ( 'NONE', #1678, #6160, #6739, .T. ) ;
#2262 = CARTESIAN_POINT ( 'NONE',  ( 49.10099999999999909, 12.42159999999999975, 3.000000000000000000 ) ) ;
#2263 = VERTEX_POINT ( 'NONE', #6804 ) ;
#2264 = CARTESIAN_POINT ( 'NONE',  ( 40.43149999999999977, 40.77190000000000225, 3.000000000000000000 ) ) ;
#2265 = DIRECTION ( 'NONE',  ( -0.000000000000000000, -0.000000000000000000, -1.000000000000000000 ) ) ;
#2266 = DIRECTION ( 'NONE',  ( 0.000000000000000000, -0.000000000000000000, -1.000000000000000000 ) ) ;
#2267 = VECTOR ( 'NONE', #10258, 1000.000000000000000 ) ;
#2268 = ADVANCED_FACE ( 'NONE', ( #3741 ), #8826, .T. ) ;
#2269 = DIRECTION ( 'NONE',  ( 0.000000000000000000, -1.000000000000000000, 0.000000000000000000 ) ) ;
#2270 = DIRECTION ( 'NONE',  ( -0.000000000000000000, -0.000000000000000000, 1.000000000000000000 ) ) ;
#2271 = CARTESIAN_POINT ( 'NONE',  ( 162.7429999999999950, 97.37229999999999563, 3.000000000000000000 ) ) ;
#2272 = ADVANCED_FACE ( 'NONE', ( #6612 ), #9798, .T. ) ;
#2274 = ORIENTED_EDGE ( 'NONE', *, *, #12303, .T. ) ;
#2273 = EDGE_LOOP ( 'NONE', ( #8606, #12582, #187, #11913 ) ) ;
#2275 = VERTEX_POINT ( 'NONE', #848 ) ;
#2276 = DIRECTION ( 'NONE',  ( 0.000000000000000000, 0.000000000000000000, 1.000000000000000000 ) ) ;
#2277 = ORIENTED_EDGE ( 'NONE', *, *, #9218, .F. ) ;
#2278 = ORIENTED_EDGE ( 'NONE', *, *, #12710, .F. ) ;
#2279 = ORIENTED_EDGE ( 'NONE', *, *, #10003, .T. ) ;
#2280 = DIRECTION ( 'NONE',  ( 1.000000000000000000, 0.000000000000000000, 0.000000000000000000 ) ) ;
#2281 = LINE ( 'NONE', #6264, #3780 ) ;
#2282 = CARTESIAN_POINT ( 'NONE',  ( 2.619650000000000478, 97.92189999999999372, 3.000000000000000000 ) ) ;
#2283 = DIRECTION ( 'NONE',  ( 0.000000000000000000, -1.000000000000000000, 0.000000000000000000 ) ) ;
#2284 = ADVANCED_FACE ( 'NONE', ( #9547 ), #9667, .T. ) ;
#2285 = EDGE_CURVE ( 'NONE', #4072, #2496, #3628, .T. ) ;
#2286 = DIRECTION ( 'NONE',  ( 0.000000000000000000, -1.000000000000000000, 0.000000000000000000 ) ) ;
#2287 = DIRECTION ( 'NONE',  ( -0.000000000000000000, -0.000000000000000000, -1.000000000000000000 ) ) ;
#2288 = FACE_OUTER_BOUND ( 'NONE', #2401, .T. ) ;
#2289 = EDGE_LOOP ( 'NONE', ( #1557, #9726, #11525, #1747 ) ) ;
#2290 = DIRECTION ( 'NONE',  ( -0.000000000000000000, -0.000000000000000000, -1.000000000000000000 ) ) ;
#2291 = VERTEX_POINT ( 'NONE', #7774 ) ;
#2292 = ORIENTED_EDGE ( 'NONE', *, *, #9708, .F. ) ;
#2293 = ORIENTED_EDGE ( 'NONE', *, *, #2612, .F. ) ;
#2294 = FACE_OUTER_BOUND ( 'NONE', #12688, .T. ) ;
#2295 = EDGE_CURVE ( 'NONE', #6974, #5617, #4590, .T. ) ;
#2296 = CARTESIAN_POINT ( 'NONE',  ( 164.5449999999999875, 2.960030000000000161, 3.000000000000000000 ) ) ;
#2297 = FACE_OUTER_BOUND ( 'NONE', #5917, .T. ) ;
#2298 = LINE ( 'NONE', #6281, #10171 ) ;
#2299 = CARTESIAN_POINT ( 'NONE',  ( 134.8369999999999891, 55.12149999999999750, 0.000000000000000000 ) ) ;
#2300 = DIRECTION ( 'NONE',  ( 9.106159978880878627E-17, -1.000000000000000000, 0.000000000000000000 ) ) ;
#2301 = DIRECTION ( 'NONE',  ( -0.000000000000000000, -1.000000000000000000, -0.000000000000000000 ) ) ;
#2302 = ADVANCED_FACE ( 'NONE', ( #2627 ), #2560, .T. ) ;
#2303 = CARTESIAN_POINT ( 'NONE',  ( 33.57589999999999719, 17.02149999999999963, 3.000000000000000000 ) ) ;
#2304 = ORIENTED_EDGE ( 'NONE', *, *, #10312, .T. ) ;
#2305 = ORIENTED_EDGE ( 'NONE', *, *, #1434, .T. ) ;
#2307 = VERTEX_POINT ( 'NONE', #717 ) ;
#2306 = CARTESIAN_POINT ( 'NONE',  ( 167.7680000000000007, 93.22150000000000603, 3.000000000000000000 ) ) ;
#2308 = LINE ( 'NONE', #4338, #8004 ) ;
#2309 = ORIENTED_EDGE ( 'NONE', *, *, #6333, .F. ) ;
#2310 = FACE_OUTER_BOUND ( 'NONE', #4967, .T. ) ;
#2311 = DIRECTION ( 'NONE',  ( -1.000000000000000000, 0.000000000000000000, 0.000000000000000000 ) ) ;
#2312 = CARTESIAN_POINT ( 'NONE',  ( 188.3569999999999993, 45.82269999999999754, 0.000000000000000000 ) ) ;
#2313 = LINE ( 'NONE', #5319, #5753 ) ;
#2314 = EDGE_CURVE ( 'NONE', #11202, #9063, #5830, .T. ) ;
#2315 = AXIS2_PLACEMENT_3D ( 'NONE', #1480, #7611, #5542 ) ;
#2316 = CARTESIAN_POINT ( 'NONE',  ( 128.8259999999999934, 40.77190000000000225, 3.000000000000000000 ) ) ;
#2317 = VERTEX_POINT ( 'NONE', #4651 ) ;
#2318 = VERTEX_POINT ( 'NONE', #12606 ) ;
#2319 = ORIENTED_EDGE ( 'NONE', *, *, #3839, .T. ) ;
#2320 = DIRECTION ( 'NONE',  ( 0.000000000000000000, -1.000000000000000000, 0.000000000000000000 ) ) ;
#2321 = VERTEX_POINT ( 'NONE', #9735 ) ;
#2322 = LINE ( 'NONE', #3372, #10992 ) ;
#2323 = AXIS2_PLACEMENT_3D ( 'NONE', #9447, #6452, #4753 ) ;
#2324 = EDGE_CURVE ( 'NONE', #4273, #4734, #1578, .T. ) ;
#2325 = CARTESIAN_POINT ( 'NONE',  ( 109.4879999999999995, 21.72200000000000131, 0.000000000000000000 ) ) ;
#2326 = LINE ( 'NONE', #1336, #7572 ) ;
#2327 = CARTESIAN_POINT ( 'NONE',  ( 189.1069299999999771, 131.5209999999999866, 0.000000000000000000 ) ) ;
#2328 = ADVANCED_FACE ( 'NONE', ( #652 ), #2695, .T. ) ;
#2329 = EDGE_CURVE ( 'NONE', #12263, #7569, #1705, .T. ) ;
#2330 = LINE ( 'NONE', #5335, #12656 ) ;
#2332 = ORIENTED_EDGE ( 'NONE', *, *, #10735, .F. ) ;
#2331 = ORIENTED_EDGE ( 'NONE', *, *, #6965, .T. ) ;
#2333 = VECTOR ( 'NONE', #8371, 1000.000000000000000 ) ;
#2334 = ORIENTED_EDGE ( 'NONE', *, *, #12814, .T. ) ;
#2335 = LINE ( 'NONE', #492, #9073 ) ;
#2336 = ORIENTED_EDGE ( 'NONE', *, *, #9427, .T. ) ;
#2337 = EDGE_LOOP ( 'NONE', ( #10679, #12323, #4425, #2155 ) ) ;
#2338 = ORIENTED_EDGE ( 'NONE', *, *, #8397, .F. ) ;
#2339 = LINE ( 'NONE', #5343, #5401 ) ;
#2340 = VECTOR ( 'NONE', #2283, 1000.000000000000000 ) ;
#2341 = LINE ( 'NONE', #1349, #12111 ) ;
#2342 = ADVANCED_FACE ( 'NONE', ( #8693 ), #12677, .T. ) ;
#2343 = CARTESIAN_POINT ( 'NONE',  ( 32.05040000000000333, 7.952670000000000350, 3.000000000000000000 ) ) ;
#2344 = CARTESIAN_POINT ( 'NONE',  ( 12.14470000000000205, 78.87189999999999657, 3.000000000000000000 ) ) ;
#2345 = CARTESIAN_POINT ( 'NONE',  ( 88.34470000000000312, 64.87269999999999470, 3.000000000000000000 ) ) ;
#2346 = EDGE_CURVE ( 'NONE', #12095, #10692, #5763, .T. ) ;
#2347 = LINE ( 'NONE', #1485, #2053 ) ;
#2348 = CARTESIAN_POINT ( 'NONE',  ( 121.6820000000000022, 126.4969999999999999, 3.000000000000000000 ) ) ;
#2349 = ORIENTED_EDGE ( 'NONE', *, *, #8328, .T. ) ;
#2350 = CARTESIAN_POINT ( 'NONE',  ( 139.8630000000000280, 45.07159999999999656, 0.000000000000000000 ) ) ;
#2351 = AXIS2_PLACEMENT_3D ( 'NONE', #3950, #4010, #5902 ) ;
#2352 = ORIENTED_EDGE ( 'NONE', *, *, #9503, .T. ) ;
#2353 = EDGE_CURVE ( 'NONE', #3324, #7359, #8760, .T. ) ;
#2354 = EDGE_LOOP ( 'NONE', ( #1890, #4605, #9908, #4711 ) ) ;
#2355 = ORIENTED_EDGE ( 'NONE', *, *, #2295, .F. ) ;
#2356 = EDGE_CURVE ( 'NONE', #279, #880, #12876, .T. ) ;
#2357 = LINE ( 'NONE', #9337, #3843 ) ;
#2358 = CARTESIAN_POINT ( 'NONE',  ( 187.8569299999999771, 131.5209999999999866, 3.000000000000000000 ) ) ;
#2359 = VECTOR ( 'NONE', #2286, 1000.000000000000000 ) ;
#2360 = DIRECTION ( 'NONE',  ( 1.000000000000000000, 0.000000000000000000, 0.000000000000000000 ) ) ;
#2361 = DIRECTION ( 'NONE',  ( -0.000000000000000000, 1.000000000000000000, -0.000000000000000000 ) ) ;
#2362 = CARTESIAN_POINT ( 'NONE',  ( 116.6320000000000192, 112.4980000000000047, 0.000000000000000000 ) ) ;
#2363 = CARTESIAN_POINT ( 'NONE',  ( 168.5929999999999893, 90.42260000000000275, 0.000000000000000000 ) ) ;
#2364 = DIRECTION ( 'NONE',  ( 0.000000000000000000, 0.000000000000000000, -1.000000000000000000 ) ) ;
#2365 = ADVANCED_FACE ( 'NONE', ( #3145 ), #7906, .T. ) ;
#2366 = LINE ( 'NONE', #3537, #11771 ) ;
#2367 = AXIS2_PLACEMENT_3D ( 'NONE', #11532, #6582, #8344 ) ;
#2368 = ORIENTED_EDGE ( 'NONE', *, *, #3354, .T. ) ;
#2369 = VERTEX_POINT ( 'NONE', #1044 ) ;
#2370 = ADVANCED_FACE ( 'NONE', ( #9019 ), #9152, .T. ) ;
#2372 = ORIENTED_EDGE ( 'NONE', *, *, #2746, .T. ) ;
#2371 = CARTESIAN_POINT ( 'NONE',  ( 167.7680000000000007, 90.42260000000000275, 3.000000000000000000 ) ) ;
#2373 = LINE ( 'NONE', #9414, #79 ) ;
#2374 = ORIENTED_EDGE ( 'NONE', *, *, #7466, .F. ) ;
#2375 = DIRECTION ( 'NONE',  ( 0.000000000000000000, -1.000000000000000000, 0.000000000000000000 ) ) ;
#2376 = DIRECTION ( 'NONE',  ( 0.000000000000000000, 0.000000000000000000, 1.000000000000000000 ) ) ;
#2377 = VECTOR ( 'NONE', #6503, 1000.000000000000000 ) ;
#2378 = CARTESIAN_POINT ( 'NONE',  ( 136.5620000000000118, 58.35159999999999769, 3.000000000000000000 ) ) ;
#2379 = LINE ( 'NONE', #4346, #2647 ) ;
#2380 = ADVANCED_FACE ( 'NONE', ( #12015 ), #64, .T. ) ;
#2381 = LINE ( 'NONE', #4347, #9082 ) ;
#2382 = EDGE_LOOP ( 'NONE', ( #7473, #1538, #7119, #10340 ) ) ;
#2383 = VERTEX_POINT ( 'NONE', #11887 ) ;
#2384 = VECTOR ( 'NONE', #3670, 1000.000000000000000 ) ;
#2385 = EDGE_LOOP ( 'NONE', ( #4444, #5845, #6625, #11419 ) ) ;
#2386 = CARTESIAN_POINT ( 'NONE',  ( 16.90719999999999956, 45.82269999999999754, 0.000000000000000000 ) ) ;
#2387 = ORIENTED_EDGE ( 'NONE', *, *, #2937, .T. ) ;
#2388 = FACE_BOUND ( 'NONE', #6899, .T. ) ;
#2389 = EDGE_CURVE ( 'NONE', #7277, #4601, #3084, .T. ) ;
#2390 = VECTOR ( 'NONE', #8026, 1000.000000000000000 ) ;
#2391 = LINE ( 'NONE', #10476, #2859 ) ;
#2392 = CARTESIAN_POINT ( 'NONE',  ( 59.48149999999999693, 112.4980000000000047, 3.000000000000000000 ) ) ;
#2393 = CARTESIAN_POINT ( 'NONE',  ( 27.02609999999999957, 21.17220000000000368, 3.000000000000000000 ) ) ;
#2395 = ORIENTED_EDGE ( 'NONE', *, *, #11414, .F. ) ;
#2394 = ORIENTED_EDGE ( 'NONE', *, *, #1641, .F. ) ;
#2396 = VECTOR ( 'NONE', #5999, 1000.000000000000000 ) ;
#2397 = ORIENTED_EDGE ( 'NONE', *, *, #9565, .T. ) ;
#2398 = ADVANCED_FACE ( 'NONE', ( #11040 ), #6929, .T. ) ;
#2399 = DIRECTION ( 'NONE',  ( 0.000000000000000000, -0.000000000000000000, -1.000000000000000000 ) ) ;
#2400 = ORIENTED_EDGE ( 'NONE', *, *, #11119, .T. ) ;
#2401 = EDGE_LOOP ( 'NONE', ( #9843, #5133, #4413, #4206 ) ) ;
#2402 = ORIENTED_EDGE ( 'NONE', *, *, #3401, .T. ) ;
#2403 = PLANE ( 'NONE',  #2055 ) ;
#2404 = EDGE_CURVE ( 'NONE', #8469, #4024, #6870, .T. ) ;
#2405 = CARTESIAN_POINT ( 'NONE',  ( 49.95649999999999835, 45.82269999999999754, 0.000000000000000000 ) ) ;
#2406 = CARTESIAN_POINT ( 'NONE',  ( 0.5939299999999920754, 109.4710000000000036, 3.000000000000000000 ) ) ;
#2407 = LINE ( 'NONE', #5283, #6505 ) ;
#2408 = CIRCLE ( 'NONE', #9694, 1.250000000000001110 ) ;
#2409 = CARTESIAN_POINT ( 'NONE',  ( 142.2439999999999998, 83.17159999999999798, 3.000000000000000000 ) ) ;
#2410 = DIRECTION ( 'NONE',  ( 1.000000000000000000, 0.000000000000000000, 0.000000000000000000 ) ) ;
#2411 = CARTESIAN_POINT ( 'NONE',  ( 143.9689999999999941, 88.62170000000001835, 3.000000000000000000 ) ) ;
#2412 = VERTEX_POINT ( 'NONE', #10846 ) ;
#2413 = LINE ( 'NONE', #8291, #9884 ) ;
#2414 = EDGE_LOOP ( 'NONE', ( #7554, #12803, #9336, #11945 ) ) ;
#2415 = AXIS2_PLACEMENT_3D ( 'NONE', #10705, #7567, #5754 ) ;
#2416 = VERTEX_POINT ( 'NONE', #6150 ) ;
#2417 = AXIS2_PLACEMENT_3D ( 'NONE', #3082, #12935, #8825 ) ;
#2418 = VERTEX_POINT ( 'NONE', #11825 ) ;
#2419 = DIRECTION ( 'NONE',  ( 0.000000000000000000, -0.000000000000000000, 1.000000000000000000 ) ) ;
#2420 = EDGE_CURVE ( 'NONE', #10629, #831, #1110, .T. ) ;
#2421 = DIRECTION ( 'NONE',  ( 0.000000000000000000, -1.000000000000000000, 0.000000000000000000 ) ) ;
#2422 = CARTESIAN_POINT ( 'NONE',  ( 188.3569999999999993, 40.77190000000000225, 3.000000000000000000 ) ) ;
#2423 = DIRECTION ( 'NONE',  ( -1.000000000000000000, 0.000000000000000000, 0.000000000000000000 ) ) ;
#2424 = EDGE_CURVE ( 'NONE', #124, #3797, #2890, .T. ) ;
#2425 = AXIS2_PLACEMENT_3D ( 'NONE', #1887, #4840, #11679 ) ;
#2426 = LINE ( 'NONE', #4453, #6431 ) ;
#2427 = CARTESIAN_POINT ( 'NONE',  ( 142.2439999999999998, 96.45159999999999911, 3.000000000000000000 ) ) ;
#2428 = CARTESIAN_POINT ( 'NONE',  ( 64.53220000000000312, 26.77250000000000085, 0.000000000000000000 ) ) ;
#2429 = LINE ( 'NONE', #6475, #6970 ) ;
#2430 = ORIENTED_EDGE ( 'NONE', *, *, #671, .T. ) ;
#2431 = ORIENTED_EDGE ( 'NONE', *, *, #12647, .T. ) ;
#2432 = LINE ( 'NONE', #6417, #1904 ) ;
#2434 = VERTEX_POINT ( 'NONE', #985 ) ;
#2433 = CARTESIAN_POINT ( 'NONE',  ( 116.9180000000000064, 97.92189999999999372, 3.000000000000000000 ) ) ;
#2435 = AXIS2_PLACEMENT_3D ( 'NONE', #5912, #7799, #4674 ) ;
#2436 = AXIS2_PLACEMENT_3D ( 'NONE', #146, #1002, #2180 ) ;
#2437 = CARTESIAN_POINT ( 'NONE',  ( 17.38192999999999699, -2.065918000000003474, 0.000000000000000000 ) ) ;
#2438 = VERTEX_POINT ( 'NONE', #3998 ) ;
#2439 = CARTESIAN_POINT ( 'NONE',  ( 97.58150000000000546, 126.4969999999999999, 0.000000000000000000 ) ) ;
#2440 = DIRECTION ( 'NONE',  ( 0.000000000000000000, -0.000000000000000000, -1.000000000000000000 ) ) ;
#2441 = AXIS2_PLACEMENT_3D ( 'NONE', #7764, #9725, #5821 ) ;
#2442 = EDGE_CURVE ( 'NONE', #1413, #5395, #127, .T. ) ;
#2443 = CARTESIAN_POINT ( 'NONE',  ( 47.57529999999999859, 17.02149999999999963, 0.000000000000000000 ) ) ;
#2444 = EDGE_CURVE ( 'NONE', #10007, #4780, #12082, .T. ) ;
#2445 = DIRECTION ( 'NONE',  ( -1.000000000000000000, 0.000000000000000000, 0.000000000000000000 ) ) ;
#2446 = VECTOR ( 'NONE', #4989, 1000.000000000000000 ) ;
#2447 = LINE ( 'NONE', #12554, #2830 ) ;
#2448 = ORIENTED_EDGE ( 'NONE', *, *, #11811, .T. ) ;
#2449 = ORIENTED_EDGE ( 'NONE', *, *, #12232, .T. ) ;
#2450 = ORIENTED_EDGE ( 'NONE', *, *, #6977, .F. ) ;
#2451 = VECTOR ( 'NONE', #8800, 1000.000000000000000 ) ;
#2452 = VECTOR ( 'NONE', #11842, 1000.000000000000000 ) ;
#2453 = CARTESIAN_POINT ( 'NONE',  ( 24.47530000000000072, 17.02149999999999963, 3.000000000000000000 ) ) ;
#2454 = ORIENTED_EDGE ( 'NONE', *, *, #11136, .T. ) ;
#2455 = FACE_BOUND ( 'NONE', #762, .T. ) ;
#2456 = EDGE_CURVE ( 'NONE', #1868, #10482, #191, .T. ) ;
#2457 = VECTOR ( 'NONE', #6222, 1000.000000000000000 ) ;
#2458 = FACE_OUTER_BOUND ( 'NONE', #6607, .T. ) ;
#2459 = CARTESIAN_POINT ( 'NONE',  ( 17.38192999999999699, -2.065918000000003474, 0.000000000000000000 ) ) ;
#2460 = LINE ( 'NONE', #4610, #4973 ) ;
#2461 = AXIS2_PLACEMENT_3D ( 'NONE', #6489, #11447, #1324 ) ;
#2463 = ORIENTED_EDGE ( 'NONE', *, *, #9433, .F. ) ;
#2462 = ORIENTED_EDGE ( 'NONE', *, *, #6544, .T. ) ;
#2464 = EDGE_LOOP ( 'NONE', ( #12370, #9247, #11602, #9975 ) ) ;
#2465 = DIRECTION ( 'NONE',  ( -1.000000000000000000, 0.000000000000000000, 0.000000000000000000 ) ) ;
#2466 = VERTEX_POINT ( 'NONE', #1895 ) ;
#2467 = VERTEX_POINT ( 'NONE', #9927 ) ;
#2468 = CARTESIAN_POINT ( 'NONE',  ( 164.2570000000000050, 78.87189999999999657, 0.000000000000000000 ) ) ;
#2469 = VECTOR ( 'NONE', #4705, 1000.000000000000000 ) ;
#2470 = CARTESIAN_POINT ( 'NONE',  ( 166.0440000000000111, 83.17159999999999798, 3.000000000000000000 ) ) ;
#2471 = CARTESIAN_POINT ( 'NONE',  ( 102.6320000000000050, 112.4980000000000047, 0.000000000000000000 ) ) ;
#2472 = CARTESIAN_POINT ( 'NONE',  ( 140.4439999999999884, 78.87189999999999657, 3.000000000000000000 ) ) ;
#2473 = EDGE_CURVE ( 'NONE', #12538, #963, #5891, .T. ) ;
#2474 = CARTESIAN_POINT ( 'NONE',  ( 59.76970000000000027, 97.92189999999999372, 3.000000000000000000 ) ) ;
#2475 = DIRECTION ( 'NONE',  ( 1.000000000000000000, 0.000000000000000000, 0.000000000000000000 ) ) ;
#2476 = DIRECTION ( 'NONE',  ( -0.000000000000000000, 0.000000000000000000, -1.000000000000000000 ) ) ;
#2477 = EDGE_CURVE ( 'NONE', #12889, #6797, #4916, .T. ) ;
#2478 = VECTOR ( 'NONE', #8874, 1000.000000000000000 ) ;
#2479 = VERTEX_POINT ( 'NONE', #6994 ) ;
#2480 = DIRECTION ( 'NONE',  ( 1.000000000000000000, 0.000000000000000000, 0.000000000000000000 ) ) ;
#2481 = ORIENTED_EDGE ( 'NONE', *, *, #7286, .T. ) ;
#2482 = ORIENTED_EDGE ( 'NONE', *, *, #12646, .F. ) ;
#2483 = ORIENTED_EDGE ( 'NONE', *, *, #8360, .T. ) ;
#2484 = DIRECTION ( 'NONE',  ( -0.000000000000000000, -0.000000000000000000, 1.000000000000000000 ) ) ;
#2485 = CARTESIAN_POINT ( 'NONE',  ( 85.67529999999999291, 21.72200000000000131, 3.000000000000000000 ) ) ;
#2486 = LINE ( 'NONE', #11362, #12338 ) ;
#2487 = PLANE ( 'NONE',  #3083 ) ;
#2488 = DIRECTION ( 'NONE',  ( 1.000000000000000000, 0.000000000000000000, -0.000000000000000000 ) ) ;
#2489 = CARTESIAN_POINT ( 'NONE',  ( 107.3950000000000102, 78.87189999999999657, 0.000000000000000000 ) ) ;
#2490 = FACE_OUTER_BOUND ( 'NONE', #6564, .T. ) ;
#2491 = ADVANCED_FACE ( 'NONE', ( #6020 ), #9997, .T. ) ;
#2492 = DIRECTION ( 'NONE',  ( -0.000000000000000000, -1.000000000000000000, -0.000000000000000000 ) ) ;
#2493 = ORIENTED_EDGE ( 'NONE', *, *, #545, .F. ) ;
#2494 = DIRECTION ( 'NONE',  ( -0.000000000000000000, -0.000000000000000000, -1.000000000000000000 ) ) ;
#2495 = EDGE_LOOP ( 'NONE', ( #7188, #6686, #211, #276 ) ) ;
#2496 = VERTEX_POINT ( 'NONE', #9465 ) ;
#2497 = CARTESIAN_POINT ( 'NONE',  ( 138.9430000000000121, 83.17159999999999798, 3.000000000000000000 ) ) ;
#2499 = VERTEX_POINT ( 'NONE', #7319 ) ;
#2498 = DIRECTION ( 'NONE',  ( 0.000000000000000000, -0.000000000000000000, -1.000000000000000000 ) ) ;
#2500 = EDGE_CURVE ( 'NONE', #7679, #2819, #11753, .T. ) ;
#2501 = CARTESIAN_POINT ( 'NONE',  ( 198.6319299999999828, -2.065918000000003474, 0.000000000000000000 ) ) ;
#2502 = ORIENTED_EDGE ( 'NONE', *, *, #12375, .F. ) ;
#2503 = CARTESIAN_POINT ( 'NONE',  ( 55.00719999999999743, 45.82269999999999754, 0.000000000000000000 ) ) ;
#2504 = EDGE_CURVE ( 'NONE', #10306, #4154, #7442, .T. ) ;
#2505 = FACE_OUTER_BOUND ( 'NONE', #3176, .T. ) ;
#2506 = DIRECTION ( 'NONE',  ( -1.000000000000000000, 0.000000000000000000, 0.000000000000000000 ) ) ;
#2507 = FACE_OUTER_BOUND ( 'NONE', #2591, .T. ) ;
#2508 = LINE ( 'NONE', #10272, #11601 ) ;
#2509 = PLANE ( 'NONE',  #8238 ) ;
#2510 = ORIENTED_EDGE ( 'NONE', *, *, #11988, .F. ) ;
#2511 = ORIENTED_EDGE ( 'NONE', *, *, #3149, .T. ) ;
#2512 = EDGE_CURVE ( 'NONE', #5903, #12444, #4448, .T. ) ;
#2513 = CARTESIAN_POINT ( 'NONE',  ( 40.43149999999999977, 126.4969999999999999, 3.000000000000000000 ) ) ;
#2514 = ORIENTED_EDGE ( 'NONE', *, *, #8370, .T. ) ;
#2515 = FACE_BOUND ( 'NONE', #1698, .T. ) ;
#2516 = CARTESIAN_POINT ( 'NONE',  ( 162.7429999999999950, 84.15269999999999584, 3.000000000000000000 ) ) ;
#2517 = VECTOR ( 'NONE', #11759, 1000.000000000000000 ) ;
#2518 = DIRECTION ( 'NONE',  ( 0.000000000000000000, 0.000000000000000000, 1.000000000000000000 ) ) ;
#2519 = LINE ( 'NONE', #2327, #7666 ) ;
#2520 = VECTOR ( 'NONE', #7756, 1000.000000000000000 ) ;
#2522 = ORIENTED_EDGE ( 'NONE', *, *, #3589, .F. ) ;
#2521 = ORIENTED_EDGE ( 'NONE', *, *, #11524, .F. ) ;
#2523 = EDGE_CURVE ( 'NONE', #6160, #1459, #5237, .T. ) ;
#2524 = ORIENTED_EDGE ( 'NONE', *, *, #10080, .F. ) ;
#2525 = CARTESIAN_POINT ( 'NONE',  ( 69.00650000000000261, 59.82189999999999941, 3.000000000000000000 ) ) ;
#2526 = ORIENTED_EDGE ( 'NONE', *, *, #11514, .F. ) ;
#2527 = ORIENTED_EDGE ( 'NONE', *, *, #8001, .F. ) ;
#2528 = VECTOR ( 'NONE', #9831, 1000.000000000000000 ) ;
#2529 = CARTESIAN_POINT ( 'NONE',  ( 136.3940000000000055, 93.22150000000000603, 3.000000000000000000 ) ) ;
#2530 = LINE ( 'NONE', #6515, #3156 ) ;
#2531 = CARTESIAN_POINT ( 'NONE',  ( 126.1569999999999965, 45.82269999999999754, 0.000000000000000000 ) ) ;
#2532 = FACE_OUTER_BOUND ( 'NONE', #7389, .T. ) ;
#2533 = LINE ( 'NONE', #8734, #8697 ) ;
#2534 = AXIS2_PLACEMENT_3D ( 'NONE', #5134, #88, #12043 ) ;
#2535 = DIRECTION ( 'NONE',  ( 1.000000000000000000, 0.000000000000000000, 0.000000000000000000 ) ) ;
#2536 = EDGE_CURVE ( 'NONE', #11685, #1591, #11424, .T. ) ;
#2537 = ORIENTED_EDGE ( 'NONE', *, *, #3416, .F. ) ;
#2538 = CARTESIAN_POINT ( 'NONE',  ( 142.2439999999999998, 84.15269999999999584, 3.000000000000000000 ) ) ;
#2539 = ORIENTED_EDGE ( 'NONE', *, *, #9952, .F. ) ;
#2540 = AXIS2_PLACEMENT_3D ( 'NONE', #12473, #6467, #1435 ) ;
#2541 = ORIENTED_EDGE ( 'NONE', *, *, #5381, .F. ) ;
#2542 = ORIENTED_EDGE ( 'NONE', *, *, #3401, .F. ) ;
#2543 = CARTESIAN_POINT ( 'NONE',  ( 136.5620000000000118, 59.27230000000000132, 3.000000000000000000 ) ) ;
#2544 = DIRECTION ( 'NONE',  ( -0.000000000000000000, -0.000000000000000000, -1.000000000000000000 ) ) ;
#2545 = FACE_OUTER_BOUND ( 'NONE', #9066, .T. ) ;
#2546 = ADVANCED_FACE ( 'NONE', ( #11297 ), #7190, .T. ) ;
#2547 = CARTESIAN_POINT ( 'NONE',  ( 12.14470000000000205, 64.87269999999999470, 3.000000000000000000 ) ) ;
#2548 = DIRECTION ( 'NONE',  ( 1.000000000000000000, 0.000000000000000000, 0.000000000000000000 ) ) ;
#2549 = CARTESIAN_POINT ( 'NONE',  ( 160.3619999999999948, 46.05270000000000152, 0.000000000000000000 ) ) ;
#2550 = CARTESIAN_POINT ( 'NONE',  ( 142.2439999999999998, 83.17159999999999798, 3.000000000000000000 ) ) ;
#2551 = ORIENTED_EDGE ( 'NONE', *, *, #5928, .F. ) ;
#2552 = CARTESIAN_POINT ( 'NONE',  ( 30.32509999999999906, 21.17220000000000368, 3.000000000000000000 ) ) ;
#2553 = ORIENTED_EDGE ( 'NONE', *, *, #6239, .T. ) ;
#2554 = EDGE_LOOP ( 'NONE', ( #2902, #12423, #890, #10747 ) ) ;
#2555 = DIRECTION ( 'NONE',  ( -1.000000000000000000, 0.000000000000000000, 0.000000000000000000 ) ) ;
#2556 = ADVANCED_FACE ( 'NONE', ( #8229 ), #5489, .T. ) ;
#2557 = AXIS2_PLACEMENT_3D ( 'NONE', #3746, #307, #241 ) ;
#2559 = EDGE_LOOP ( 'NONE', ( #1799, #3430, #10263, #8719 ) ) ;
#2558 = DIRECTION ( 'NONE',  ( 0.000000000000000000, 0.000000000000000000, 1.000000000000000000 ) ) ;
#2560 = PLANE ( 'NONE',  #908 ) ;
#2561 = ORIENTED_EDGE ( 'NONE', *, *, #5843, .F. ) ;
#2562 = AXIS2_PLACEMENT_3D ( 'NONE', #2175, #9, #6163 ) ;
#2563 = CARTESIAN_POINT ( 'NONE',  ( 161.0180000000000007, 84.15269999999999584, 0.000000000000000000 ) ) ;
#2564 = ADVANCED_FACE ( 'NONE', ( #10313 ), #12214, .T. ) ;
#2565 = CARTESIAN_POINT ( 'NONE',  ( 64.53220000000000312, 126.4969999999999999, 3.000000000000000000 ) ) ;
#2566 = DIRECTION ( 'NONE',  ( -0.000000000000000000, -0.000000000000000000, -1.000000000000000000 ) ) ;
#2567 = DIRECTION ( 'NONE',  ( 1.000000000000000000, 0.000000000000000000, 0.000000000000000000 ) ) ;
#2568 = AXIS2_PLACEMENT_3D ( 'NONE', #6775, #3773, #4687 ) ;
#2569 = CARTESIAN_POINT ( 'NONE',  ( 64.53220000000000312, 126.4969999999999999, 3.000000000000000000 ) ) ;
#2570 = LINE ( 'NONE', #9244, #4121 ) ;
#2571 = CARTESIAN_POINT ( 'NONE',  ( 164.5449999999999875, 126.4969999999999999, 0.000000000000000000 ) ) ;
#2572 = ORIENTED_EDGE ( 'NONE', *, *, #11890, .F. ) ;
#2573 = VERTEX_POINT ( 'NONE', #10442 ) ;
#2574 = CARTESIAN_POINT ( 'NONE',  ( 54.71900000000000119, 97.92189999999999372, 3.000000000000000000 ) ) ;
#2575 = ORIENTED_EDGE ( 'NONE', *, *, #1355, .T. ) ;
#2576 = FACE_BOUND ( 'NONE', #6181, .T. ) ;
#2577 = EDGE_CURVE ( 'NONE', #11587, #6658, #1496, .T. ) ;
#2578 = AXIS2_PLACEMENT_3D ( 'NONE', #4550, #8524, #6635 ) ;
#2579 = PLANE ( 'NONE',  #9941 ) ;
#2580 = LINE ( 'NONE', #6568, #3424 ) ;
#2581 = CARTESIAN_POINT ( 'NONE',  ( 78.81969999999999743, 83.92270000000000607, 3.000000000000000000 ) ) ;
#2582 = EDGE_CURVE ( 'NONE', #1732, #6164, #2229, .T. ) ;
#2583 = AXIS2_PLACEMENT_3D ( 'NONE', #5043, #12282, #4320 ) ;
#2584 = VECTOR ( 'NONE', #7465, 1000.000000000000000 ) ;
#2586 = ORIENTED_EDGE ( 'NONE', *, *, #12468, .T. ) ;
#2585 = ORIENTED_EDGE ( 'NONE', *, *, #8260, .T. ) ;
#2587 = ORIENTED_EDGE ( 'NONE', *, *, #5559, .F. ) ;
#2588 = DIRECTION ( 'NONE',  ( -0.000000000000000000, -0.000000000000000000, 1.000000000000000000 ) ) ;
#2589 = VERTEX_POINT ( 'NONE', #11360 ) ;
#2590 = AXIS2_PLACEMENT_3D ( 'NONE', #9264, #6397, #6334 ) ;
#2591 = EDGE_LOOP ( 'NONE', ( #10523, #647, #9426, #2773 ) ) ;
#2592 = DIRECTION ( 'NONE',  ( 0.000000000000000000, -1.000000000000000000, 0.000000000000000000 ) ) ;
#2593 = PLANE ( 'NONE',  #11484 ) ;
#2594 = VECTOR ( 'NONE', #4834, 1000.000000000000000 ) ;
#2595 = DIRECTION ( 'NONE',  ( -0.000000000000000000, -0.000000000000000000, 1.000000000000000000 ) ) ;
#2596 = CARTESIAN_POINT ( 'NONE',  ( 160.3619999999999948, 59.27230000000000132, 3.000000000000000000 ) ) ;
#2597 = EDGE_CURVE ( 'NONE', #1332, #1377, #6219, .T. ) ;
#2598 = DIRECTION ( 'NONE',  ( -0.000000000000000000, -1.000000000000000000, -0.000000000000000000 ) ) ;
#2599 = ADVANCED_FACE ( 'NONE', ( #6341 ), #3344, .T. ) ;
#2600 = EDGE_CURVE ( 'NONE', #2030, #11587, #319, .T. ) ;
#2601 = VECTOR ( 'NONE', #5406, 1000.000000000000000 ) ;
#2602 = CARTESIAN_POINT ( 'NONE',  ( 31.19470000000000098, 78.87189999999999657, 0.000000000000000000 ) ) ;
#2603 = ORIENTED_EDGE ( 'NONE', *, *, #6361, .F. ) ;
#2604 = CARTESIAN_POINT ( 'NONE',  ( 137.2179999999999893, 90.42260000000000275, 3.000000000000000000 ) ) ;
#2605 = ORIENTED_EDGE ( 'NONE', *, *, #6586, .T. ) ;
#2606 = ORIENTED_EDGE ( 'NONE', *, *, #8300, .F. ) ;
#2607 = ORIENTED_EDGE ( 'NONE', *, *, #7095, .F. ) ;
#2608 = DIRECTION ( 'NONE',  ( -0.000000000000000000, -0.000000000000000000, -1.000000000000000000 ) ) ;
#2609 = FACE_OUTER_BOUND ( 'NONE', #3272, .T. ) ;
#2610 = VECTOR ( 'NONE', #1523, 1000.000000000000000 ) ;
#2611 = CARTESIAN_POINT ( 'NONE',  ( 78.81969999999999743, 97.92189999999999372, 3.000000000000000000 ) ) ;
#2612 = EDGE_CURVE ( 'NONE', #9110, #10901, #5361, .T. ) ;
#2613 = EDGE_CURVE ( 'NONE', #11098, #9525, #10382, .T. ) ;
#2614 = LINE ( 'NONE', #774, #773 ) ;
#2615 = VECTOR ( 'NONE', #1545, 1000.000000000000000 ) ;
#2616 = PLANE ( 'NONE',  #4561 ) ;
#2617 = AXIS2_PLACEMENT_3D ( 'NONE', #8450, #602, #3492 ) ;
#2618 = FACE_OUTER_BOUND ( 'NONE', #11277, .T. ) ;
#2619 = DIRECTION ( 'NONE',  ( 1.000000000000000000, -0.000000000000000000, -0.000000000000000000 ) ) ;
#2620 = VECTOR ( 'NONE', #7509, 1000.000000000000000 ) ;
#2621 = DIRECTION ( 'NONE',  ( -0.000000000000000000, 1.000000000000000000, -0.000000000000000000 ) ) ;
#2622 = ORIENTED_EDGE ( 'NONE', *, *, #6978, .T. ) ;
#2623 = VERTEX_POINT ( 'NONE', #10253 ) ;
#2624 = ADVANCED_FACE ( 'NONE', ( #389 ), #3402, .T. ) ;
#2625 = DIRECTION ( 'NONE',  ( 0.000000000000000000, 0.000000000000000000, -1.000000000000000000 ) ) ;
#2626 = DIRECTION ( 'NONE',  ( -1.000000000000000000, 0.000000000000000000, 0.000000000000000000 ) ) ;
#2627 = FACE_OUTER_BOUND ( 'NONE', #10888, .T. ) ;
#2628 = ORIENTED_EDGE ( 'NONE', *, *, #1885, .F. ) ;
#2629 = VECTOR ( 'NONE', #1233, 1000.000000000000000 ) ;
#2630 = PLANE ( 'NONE',  #12748 ) ;
#2631 = CARTESIAN_POINT ( 'NONE',  ( 97.86830000000000496, 83.92270000000000607, 3.000000000000000000 ) ) ;
#2632 = DIRECTION ( 'NONE',  ( 1.000000000000000000, 0.000000000000000000, 0.000000000000000000 ) ) ;
#2633 = CARTESIAN_POINT ( 'NONE',  ( 45.48219999999999885, 26.77250000000000085, 0.000000000000000000 ) ) ;
#2634 = ADVANCED_FACE ( 'NONE', ( #2609 ), #4770, .T. ) ;
#2635 = DIRECTION ( 'NONE',  ( -1.000000000000000000, -0.000000000000000000, -0.000000000000000000 ) ) ;
#2636 = LINE ( 'NONE', #4795, #10789 ) ;
#2637 = CARTESIAN_POINT ( 'NONE',  ( 27.02609999999999957, 21.17220000000000368, 3.000000000000000000 ) ) ;
#2638 = VECTOR ( 'NONE', #1051, 1000.000000000000000 ) ;
#2639 = EDGE_LOOP ( 'NONE', ( #2510, #2135, #3981, #747 ) ) ;
#2640 = EDGE_CURVE ( 'NONE', #11959, #4731, #5938, .T. ) ;
#2642 = EDGE_LOOP ( 'NONE', ( #526, #5337, #11839, #10785 ) ) ;
#2641 = VERTEX_POINT ( 'NONE', #2808 ) ;
#2643 = FACE_BOUND ( 'NONE', #6045, .T. ) ;
#2644 = EDGE_LOOP ( 'NONE', ( #293, #6444, #10426, #12010 ) ) ;
#2645 = DIRECTION ( 'NONE',  ( 0.000000000000000000, -1.000000000000000000, 0.000000000000000000 ) ) ;
#2646 = CARTESIAN_POINT ( 'NONE',  ( 162.7429999999999950, 97.37229999999999563, 3.000000000000000000 ) ) ;
#2647 = VECTOR ( 'NONE', #4408, 1000.000000000000000 ) ;
#2648 = CARTESIAN_POINT ( 'NONE',  ( 158.6370000000000005, 50.52170000000000272, 3.000000000000000000 ) ) ;
#2649 = VECTOR ( 'NONE', #5016, 1000.000000000000000 ) ;
#2650 = PLANE ( 'NONE',  #776 ) ;
#2651 = ADVANCED_FACE ( 'NONE', ( #7627 ), #10766, .T. ) ;
#2652 = AXIS2_PLACEMENT_3D ( 'NONE', #168, #362, #6189 ) ;
#2654 = VERTEX_POINT ( 'NONE', #12725 ) ;
#2653 = ORIENTED_EDGE ( 'NONE', *, *, #5476, .F. ) ;
#2655 = EDGE_CURVE ( 'NONE', #8295, #8400, #11481, .T. ) ;
#2656 = VECTOR ( 'NONE', #12411, 1000.000000000000000 ) ;
#2657 = ORIENTED_EDGE ( 'NONE', *, *, #3066, .T. ) ;
#2658 = LINE ( 'NONE', #11526, #1341 ) ;
#2659 = EDGE_LOOP ( 'NONE', ( #6480, #11872 ) ) ;
#2660 = VECTOR ( 'NONE', #10654, 1000.000000000000000 ) ;
#2661 = VERTEX_POINT ( 'NONE', #11612 ) ;
#2662 = PLANE ( 'NONE',  #6996 ) ;
#2663 = CARTESIAN_POINT ( 'NONE',  ( 139.8630000000000280, 45.07159999999999656, 3.000000000000000000 ) ) ;
#2664 = EDGE_CURVE ( 'NONE', #1330, #11399, #6597, .T. ) ;
#2665 = CARTESIAN_POINT ( 'NONE',  ( 7.382159999999999833, 112.4980000000000047, 0.000000000000000000 ) ) ;
#2666 = CIRCLE ( 'NONE', #10991, 1.250000000000001110 ) ;
#2667 = DIRECTION ( 'NONE',  ( 0.000000000000000000, 0.000000000000000000, 1.000000000000000000 ) ) ;
#2668 = EDGE_CURVE ( 'NONE', #7334, #4997, #3588, .T. ) ;
#2669 = VECTOR ( 'NONE', #7480, 1000.000000000000000 ) ;
#2670 = LINE ( 'NONE', #10625, #6627 ) ;
#2671 = ORIENTED_EDGE ( 'NONE', *, *, #5354, .F. ) ;
#2672 = VERTEX_POINT ( 'NONE', #2680 ) ;
#2673 = CARTESIAN_POINT ( 'NONE',  ( 50.82469999999999999, 6.972859999999999836, 0.000000000000000000 ) ) ;
#2674 = AXIS2_PLACEMENT_3D ( 'NONE', #3958, #9953, #6042 ) ;
#2675 = ORIENTED_EDGE ( 'NONE', *, *, #11665, .F. ) ;
#2676 = ORIENTED_EDGE ( 'NONE', *, *, #4650, .F. ) ;
#2677 = ORIENTED_EDGE ( 'NONE', *, *, #7249, .F. ) ;
#2678 = DIRECTION ( 'NONE',  ( 1.000000000000000000, 0.000000000000000000, -0.000000000000000000 ) ) ;
#2679 = EDGE_CURVE ( 'NONE', #11911, #891, #11545, .T. ) ;
#2680 = CARTESIAN_POINT ( 'NONE',  ( 0.5939299999999920754, 109.9710000000000036, 3.000000000000000000 ) ) ;
#2681 = EDGE_CURVE ( 'NONE', #3566, #4747, #7501, .T. ) ;
#2682 = CARTESIAN_POINT ( 'NONE',  ( 26.14410000000000167, 78.87189999999999657, 3.000000000000000000 ) ) ;
#2683 = CARTESIAN_POINT ( 'NONE',  ( 166.0440000000000111, 83.17159999999999798, 3.000000000000000000 ) ) ;
#2684 = VECTOR ( 'NONE', #8682, 1000.000000000000000 ) ;
#2685 = CARTESIAN_POINT ( 'NONE',  ( 71.67600000000000193, 21.72200000000000131, 3.000000000000000000 ) ) ;
#2686 = DIRECTION ( 'NONE',  ( -0.000000000000000000, -0.000000000000000000, -1.000000000000000000 ) ) ;
#2687 = LINE ( 'NONE', #11489, #5160 ) ;
#2688 = CARTESIAN_POINT ( 'NONE',  ( 74.05719999999999459, 59.82189999999999941, 0.000000000000000000 ) ) ;
#2689 = VERTEX_POINT ( 'NONE', #6660 ) ;
#2690 = EDGE_LOOP ( 'NONE', ( #11791, #3648, #11655, #11964 ) ) ;
#2691 = EDGE_CURVE ( 'NONE', #6766, #8507, #9717, .T. ) ;
#2692 = ORIENTED_EDGE ( 'NONE', *, *, #21, .F. ) ;
#2693 = DIRECTION ( 'NONE',  ( 1.000000000000000000, 0.000000000000000000, 0.000000000000000000 ) ) ;
#2694 = CARTESIAN_POINT ( 'NONE',  ( 128.8259999999999934, 40.77190000000000225, 0.000000000000000000 ) ) ;
#2695 = PLANE ( 'NONE',  #12379 ) ;
#2696 = ORIENTED_EDGE ( 'NONE', *, *, #2879, .F. ) ;
#2697 = CARTESIAN_POINT ( 'NONE',  ( 162.7429999999999950, 84.15269999999999584, 0.000000000000000000 ) ) ;
#2698 = LINE ( 'NONE', #7777, #357 ) ;
#2699 = DIRECTION ( 'NONE',  ( -1.000000000000000000, 0.000000000000000000, 0.000000000000000000 ) ) ;
#2700 = EDGE_CURVE ( 'NONE', #4780, #6639, #4510, .T. ) ;
#2701 = CARTESIAN_POINT ( 'NONE',  ( 25.30079999999999885, 17.02149999999999963, 0.000000000000000000 ) ) ;
#2702 = CARTESIAN_POINT ( 'NONE',  ( 97.85692999999997710, 131.5209999999999866, 0.000000000000000000 ) ) ;
#2703 = CARTESIAN_POINT ( 'NONE',  ( 109.4879999999999995, 7.722520000000000273, 3.000000000000000000 ) ) ;
#2704 = LINE ( 'NONE', #7850, #6573 ) ;
#2705 = ORIENTED_EDGE ( 'NONE', *, *, #5877, .F. ) ;
#2707 = VERTEX_POINT ( 'NONE', #8490 ) ;
#2706 = ORIENTED_EDGE ( 'NONE', *, *, #10736, .T. ) ;
#2708 = FACE_BOUND ( 'NONE', #2659, .T. ) ;
#2709 = EDGE_LOOP ( 'NONE', ( #11139, #12170, #3864, #7821 ) ) ;
#2710 = DIRECTION ( 'NONE',  ( -1.000000000000000000, 0.000000000000000000, 0.000000000000000000 ) ) ;
#2711 = DIRECTION ( 'NONE',  ( -0.000000000000000000, -0.000000000000000000, 1.000000000000000000 ) ) ;
#2712 = CARTESIAN_POINT ( 'NONE',  ( 55.85040000000000049, 7.952670000000000350, 3.000000000000000000 ) ) ;
#2713 = EDGE_CURVE ( 'NONE', #9660, #7334, #10634, .T. ) ;
#2714 = DIRECTION ( 'NONE',  ( 0.000000000000000000, 1.000000000000000000, -0.000000000000000000 ) ) ;
#2715 = LINE ( 'NONE', #9820, #3280 ) ;
#2717 = ORIENTED_EDGE ( 'NONE', *, *, #3703, .T. ) ;
#2716 = VERTEX_POINT ( 'NONE', #1688 ) ;
#2718 = ORIENTED_EDGE ( 'NONE', *, *, #9040, .F. ) ;
#2719 = CARTESIAN_POINT ( 'NONE',  ( 157.1129999999999995, 45.82269999999999754, 0.000000000000000000 ) ) ;
#2720 = ORIENTED_EDGE ( 'NONE', *, *, #10560, .F. ) ;
#2721 = ORIENTED_EDGE ( 'NONE', *, *, #485, .F. ) ;
#2722 = EDGE_CURVE ( 'NONE', #11292, #1157, #11675, .T. ) ;
#2723 = CARTESIAN_POINT ( 'NONE',  ( 157.1129999999999995, 55.12149999999999750, 0.000000000000000000 ) ) ;
#2724 = DIRECTION ( 'NONE',  ( 1.000000000000000000, 0.000000000000000000, 0.000000000000000000 ) ) ;
#2725 = CARTESIAN_POINT ( 'NONE',  ( 161.0180000000000007, 93.22150000000000603, 0.000000000000000000 ) ) ;
#2726 = DIRECTION ( 'NONE',  ( -0.000000000000000000, -0.000000000000000000, -1.000000000000000000 ) ) ;
#2727 = VECTOR ( 'NONE', #2608, 1000.000000000000000 ) ;
#2728 = FACE_OUTER_BOUND ( 'NONE', #8998, .T. ) ;
#2729 = VERTEX_POINT ( 'NONE', #10506 ) ;
#2730 = EDGE_LOOP ( 'NONE', ( #2989, #3786, #8755, #9978 ) ) ;
#2731 = AXIS2_PLACEMENT_3D ( 'NONE', #7090, #1144, #10091 ) ;
#2732 = CARTESIAN_POINT ( 'NONE',  ( 166.0440000000000111, 97.37229999999999563, 3.000000000000000000 ) ) ;
#2733 = ORIENTED_EDGE ( 'NONE', *, *, #2285, .F. ) ;
#2734 = ORIENTED_EDGE ( 'NONE', *, *, #236, .F. ) ;
#2735 = ORIENTED_EDGE ( 'NONE', *, *, #9072, .T. ) ;
#2736 = FACE_OUTER_BOUND ( 'NONE', #7950, .T. ) ;
#2737 = LINE ( 'NONE', #10700, #9470 ) ;
#2738 = EDGE_CURVE ( 'NONE', #7690, #6911, #12528, .T. ) ;
#2739 = CARTESIAN_POINT ( 'NONE',  ( 13.88192999999999344, 62.34100000000002240, 0.000000000000000000 ) ) ;
#2740 = VECTOR ( 'NONE', #465, 1000.000000000000000 ) ;
#2741 = LINE ( 'NONE', #8550, #1401 ) ;
#2742 = DIRECTION ( 'NONE',  ( -0.000000000000000000, -0.000000000000000000, -1.000000000000000000 ) ) ;
#2743 = EDGE_CURVE ( 'NONE', #11130, #2176, #9591, .T. ) ;
#2744 = VECTOR ( 'NONE', #12328, 1000.000000000000000 ) ;
#2745 = LINE ( 'NONE', #11747, #5765 ) ;
#2746 = EDGE_CURVE ( 'NONE', #6292, #3935, #4699, .T. ) ;
#2747 = DIRECTION ( 'NONE',  ( -0.000000000000000000, -0.000000000000000000, -1.000000000000000000 ) ) ;
#2748 = VERTEX_POINT ( 'NONE', #3723 ) ;
#2749 = LINE ( 'NONE', #5757, #2810 ) ;
#2750 = EDGE_LOOP ( 'NONE', ( #1507, #6378, #4729, #829 ) ) ;
#2751 = VERTEX_POINT ( 'NONE', #7697 ) ;
#2752 = ORIENTED_EDGE ( 'NONE', *, *, #1946, .T. ) ;
#2753 = DIRECTION ( 'NONE',  ( 0.000000000000000000, 0.000000000000000000, 1.000000000000000000 ) ) ;
#2754 = VECTOR ( 'NONE', #7085, 1000.000000000000000 ) ;
#2755 = CARTESIAN_POINT ( 'NONE',  ( 136.5620000000000118, 46.05270000000000152, 3.000000000000000000 ) ) ;
#2756 = CARTESIAN_POINT ( 'NONE',  ( 141.5879999999999939, 46.05270000000000152, 3.000000000000000000 ) ) ;
#2757 = EDGE_LOOP ( 'NONE', ( #11118, #9618, #12703, #2402 ) ) ;
#2758 = VECTOR ( 'NONE', #304, 1000.000000000000000 ) ;
#2759 = CARTESIAN_POINT ( 'NONE',  ( 166.0440000000000111, 83.17159999999999798, 0.000000000000000000 ) ) ;
#2760 = LINE ( 'NONE', #5578, #3914 ) ;
#2761 = DIRECTION ( 'NONE',  ( 1.000000000000000000, 0.000000000000000000, 0.000000000000000000 ) ) ;
#2762 = DIRECTION ( 'NONE',  ( 1.000000000000000000, 0.000000000000000000, 0.000000000000000000 ) ) ;
#2763 = EDGE_CURVE ( 'NONE', #8554, #1009, #2737, .T. ) ;
#2764 = CARTESIAN_POINT ( 'NONE',  ( 55.00719999999999743, 45.82269999999999754, 0.000000000000000000 ) ) ;
#2765 = CARTESIAN_POINT ( 'NONE',  ( 30.32509999999999906, 6.972859999999999836, 0.000000000000000000 ) ) ;
#2766 = EDGE_CURVE ( 'NONE', #933, #6050, #5746, .T. ) ;
#2767 = DIRECTION ( 'NONE',  ( -0.000000000000000000, 1.000000000000000000, -0.000000000000000000 ) ) ;
#2768 = ORIENTED_EDGE ( 'NONE', *, *, #167, .T. ) ;
#2769 = VECTOR ( 'NONE', #1378, 1000.000000000000000 ) ;
#2771 = EDGE_LOOP ( 'NONE', ( #8521, #5936, #3380, #1347 ) ) ;
#2770 = FACE_OUTER_BOUND ( 'NONE', #7455, .T. ) ;
#2772 = FACE_BOUND ( 'NONE', #5185, .T. ) ;
#2773 = ORIENTED_EDGE ( 'NONE', *, *, #5493, .T. ) ;
#2774 = PLANE ( 'NONE',  #5993 ) ;
#2775 = CARTESIAN_POINT ( 'NONE',  ( 7.382159999999999833, 126.4969999999999999, 3.000000000000000000 ) ) ;
#2776 = CARTESIAN_POINT ( 'NONE',  ( 64.24399999999999977, 64.87269999999999470, 3.000000000000000000 ) ) ;
#2777 = AXIS2_PLACEMENT_3D ( 'NONE', #11744, #4635, #7628 ) ;
#2778 = EDGE_CURVE ( 'NONE', #7282, #5797, #1094, .T. ) ;
#2779 = LINE ( 'NONE', #6888, #7049 ) ;
#2780 = DIRECTION ( 'NONE',  ( 1.000000000000000000, 0.000000000000000000, 0.000000000000000000 ) ) ;
#2782 = EDGE_LOOP ( 'NONE', ( #6077, #9175 ) ) ;
#2781 = ORIENTED_EDGE ( 'NONE', *, *, #6509, .T. ) ;
#2783 = ORIENTED_EDGE ( 'NONE', *, *, #8121, .T. ) ;
#2784 = CARTESIAN_POINT ( 'NONE',  ( 97.58150000000000546, 126.4969999999999999, 3.000000000000000000 ) ) ;
#2785 = CIRCLE ( 'NONE', #5909, 0.5000000000000000000 ) ;
#2786 = ORIENTED_EDGE ( 'NONE', *, *, #10475, .F. ) ;
#2787 = EDGE_CURVE ( 'NONE', #3097, #11202, #3858, .T. ) ;
#2788 = ORIENTED_EDGE ( 'NONE', *, *, #2918, .F. ) ;
#2789 = CARTESIAN_POINT ( 'NONE',  ( 142.2439999999999998, 84.15269999999999584, 0.000000000000000000 ) ) ;
#2790 = LINE ( 'NONE', #6774, #7731 ) ;
#2791 = CARTESIAN_POINT ( 'NONE',  ( 50.82469999999999999, 6.972859999999999836, 3.000000000000000000 ) ) ;
#2792 = DIRECTION ( 'NONE',  ( -0.000000000000000000, -1.000000000000000000, -0.000000000000000000 ) ) ;
#2793 = VECTOR ( 'NONE', #1365, 1000.000000000000000 ) ;
#2794 = VECTOR ( 'NONE', #11950, 1000.000000000000000 ) ;
#2795 = VECTOR ( 'NONE', #10926, 1000.000000000000000 ) ;
#2796 = DIRECTION ( 'NONE',  ( 1.000000000000000000, 0.000000000000000000, 0.000000000000000000 ) ) ;
#2797 = ADVANCED_FACE ( 'NONE', ( #9847 ), #3924, .T. ) ;
#2798 = VERTEX_POINT ( 'NONE', #6067 ) ;
#2799 = ORIENTED_EDGE ( 'NONE', *, *, #6392, .T. ) ;
#2800 = DIRECTION ( 'NONE',  ( 0.000000000000000000, 0.000000000000000000, -1.000000000000000000 ) ) ;
#2801 = EDGE_LOOP ( 'NONE', ( #10816, #5502, #12544, #3204 ) ) ;
#2802 = EDGE_LOOP ( 'NONE', ( #11686, #4917, #10553, #7058 ) ) ;
#2803 = ORIENTED_EDGE ( 'NONE', *, *, #6263, .T. ) ;
#2804 = EDGE_CURVE ( 'NONE', #2654, #4553, #7825, .T. ) ;
#2805 = ORIENTED_EDGE ( 'NONE', *, *, #218, .T. ) ;
#2806 = VECTOR ( 'NONE', #9339, 1000.000000000000000 ) ;
#2807 = PLANE ( 'NONE',  #12690 ) ;
#2808 = CARTESIAN_POINT ( 'NONE',  ( 202.3569999999999993, 40.77190000000000225, 0.000000000000000000 ) ) ;
#2809 = DIRECTION ( 'NONE',  ( -0.000000000000000000, -0.000000000000000000, -1.000000000000000000 ) ) ;
#2810 = VECTOR ( 'NONE', #9727, 1000.000000000000000 ) ;
#2811 = DIRECTION ( 'NONE',  ( -1.000000000000000000, -0.000000000000000000, -0.000000000000000000 ) ) ;
#2812 = DIRECTION ( 'NONE',  ( -0.000000000000000000, -0.000000000000000000, -1.000000000000000000 ) ) ;
#2813 = DIRECTION ( 'NONE',  ( -0.000000000000000000, -0.000000000000000000, -1.000000000000000000 ) ) ;
#2814 = ORIENTED_EDGE ( 'NONE', *, *, #11257, .F. ) ;
#2815 = CARTESIAN_POINT ( 'NONE',  ( 137.2179999999999893, 96.45159999999999911, 3.000000000000000000 ) ) ;
#2816 = ORIENTED_EDGE ( 'NONE', *, *, #11456, .F. ) ;
#2817 = EDGE_CURVE ( 'NONE', #4718, #10294, #9069, .T. ) ;
#2818 = ORIENTED_EDGE ( 'NONE', *, *, #10946, .F. ) ;
#2819 = VERTEX_POINT ( 'NONE', #10960 ) ;
#2820 = DIRECTION ( 'NONE',  ( -0.000000000000000000, -0.000000000000000000, -1.000000000000000000 ) ) ;
#2821 = VECTOR ( 'NONE', #9248, 1000.000000000000000 ) ;
#2822 = LINE ( 'NONE', #6803, #7076 ) ;
#2823 = DIRECTION ( 'NONE',  ( -0.000000000000000000, 1.000000000000000000, -0.000000000000000000 ) ) ;
#2824 = ORIENTED_EDGE ( 'NONE', *, *, #1875, .T. ) ;
#2825 = EDGE_CURVE ( 'NONE', #3509, #5966, #11936, .T. ) ;
#2826 = CARTESIAN_POINT ( 'NONE',  ( 140.4439999999999884, 78.87189999999999657, 0.000000000000000000 ) ) ;
#2827 = CARTESIAN_POINT ( 'NONE',  ( 74.05719999999999459, 45.82269999999999754, 0.000000000000000000 ) ) ;
#2828 = CARTESIAN_POINT ( 'NONE',  ( 137.2179999999999893, 84.15269999999999584, 0.000000000000000000 ) ) ;
#2829 = DIRECTION ( 'NONE',  ( -1.000000000000000000, -0.000000000000000000, -0.000000000000000000 ) ) ;
#2830 = VECTOR ( 'NONE', #1654, 1000.000000000000000 ) ;
#2831 = EDGE_CURVE ( 'NONE', #12804, #5071, #5030, .T. ) ;
#2832 = CARTESIAN_POINT ( 'NONE',  ( 138.9430000000000121, 84.15269999999999584, 0.000000000000000000 ) ) ;
#2833 = CARTESIAN_POINT ( 'NONE',  ( 64.24399999999999977, 64.87269999999999470, 3.000000000000000000 ) ) ;
#2834 = CARTESIAN_POINT ( 'NONE',  ( 55.00719999999999743, 45.82269999999999754, 3.000000000000000000 ) ) ;
#2835 = ORIENTED_EDGE ( 'NONE', *, *, #5987, .F. ) ;
#2837 = ORIENTED_EDGE ( 'NONE', *, *, #627, .F. ) ;
#2836 = ORIENTED_EDGE ( 'NONE', *, *, #3589, .T. ) ;
#2838 = VECTOR ( 'NONE', #195, 1000.000000000000000 ) ;
#2839 = FACE_BOUND ( 'NONE', #5871, .T. ) ;
#2840 = VERTEX_POINT ( 'NONE', #2996 ) ;
#2841 = CARTESIAN_POINT ( 'NONE',  ( 0.000000000000000000, 0.000000000000000000, 3.000000000000000000 ) ) ;
#2842 = EDGE_CURVE ( 'NONE', #4929, #9574, #9983, .T. ) ;
#2843 = EDGE_CURVE ( 'NONE', #9187, #2748, #4901, .T. ) ;
#2844 = FACE_OUTER_BOUND ( 'NONE', #6988, .T. ) ;
#2845 = LINE ( 'NONE', #5786, #9663 ) ;
#2846 = CARTESIAN_POINT ( 'NONE',  ( 54.71900000000000119, 83.92270000000000607, 3.000000000000000000 ) ) ;
#2847 = VECTOR ( 'NONE', #12764, 1000.000000000000000 ) ;
#2848 = CARTESIAN_POINT ( 'NONE',  ( 143.9689999999999941, 96.45159999999999911, 0.000000000000000000 ) ) ;
#2849 = DIRECTION ( 'NONE',  ( 0.000000000000000000, -0.000000000000000000, -1.000000000000000000 ) ) ;
#2851 = ORIENTED_EDGE ( 'NONE', *, *, #2238, .T. ) ;
#2850 = VERTEX_POINT ( 'NONE', #111 ) ;
#2852 = ORIENTED_EDGE ( 'NONE', *, *, #487, .F. ) ;
#2853 = DIRECTION ( 'NONE',  ( -0.000000000000000000, 1.000000000000000000, -0.000000000000000000 ) ) ;
#2854 = ORIENTED_EDGE ( 'NONE', *, *, #2997, .T. ) ;
#2855 = EDGE_CURVE ( 'NONE', #6381, #4745, #2079, .T. ) ;
#2856 = VERTEX_POINT ( 'NONE', #1031 ) ;
#2857 = CARTESIAN_POINT ( 'NONE',  ( 159.4939999999999998, 2.960030000000000161, 3.000000000000000000 ) ) ;
#2858 = VECTOR ( 'NONE', #11246, 1000.000000000000000 ) ;
#2859 = VECTOR ( 'NONE', #7478, 1000.000000000000000 ) ;
#2860 = CARTESIAN_POINT ( 'NONE',  ( 164.2570000000000050, 78.87189999999999657, 3.000000000000000000 ) ) ;
#2861 = LINE ( 'NONE', #7880, #11329 ) ;
#2862 = CARTESIAN_POINT ( 'NONE',  ( 111.8689999999999998, 83.92270000000000607, 3.000000000000000000 ) ) ;
#2863 = VECTOR ( 'NONE', #2619, 1000.000000000000000 ) ;
#2864 = CARTESIAN_POINT ( 'NONE',  ( 145.4930000000000234, 97.92189999999999372, 0.000000000000000000 ) ) ;
#2865 = EDGE_LOOP ( 'NONE', ( #7901, #9520, #7453, #11856 ) ) ;
#2866 = AXIS2_PLACEMENT_3D ( 'NONE', #5443, #9418, #12231 ) ;
#2867 = ORIENTED_EDGE ( 'NONE', *, *, #2420, .F. ) ;
#2868 = CARTESIAN_POINT ( 'NONE',  ( 150.2570000000000050, 64.87269999999999470, 0.000000000000000000 ) ) ;
#2869 = ORIENTED_EDGE ( 'NONE', *, *, #8883, .F. ) ;
#2870 = EDGE_LOOP ( 'NONE', ( #4184, #1667, #1722, #1412 ) ) ;
#2871 = ORIENTED_EDGE ( 'NONE', *, *, #7602, .T. ) ;
#2872 = CARTESIAN_POINT ( 'NONE',  ( 64.24399999999999977, 78.87189999999999657, 3.000000000000000000 ) ) ;
#2873 = AXIS2_PLACEMENT_3D ( 'NONE', #5613, #2796, #10689 ) ;
#2874 = VECTOR ( 'NONE', #7594, 1000.000000000000000 ) ;
#2875 = CARTESIAN_POINT ( 'NONE',  ( 16.61919999999999931, 83.92270000000000607, 3.000000000000000000 ) ) ;
#2876 = EDGE_CURVE ( 'NONE', #9662, #9750, #12790, .T. ) ;
#2877 = LINE ( 'NONE', #702, #3170 ) ;
#2878 = VECTOR ( 'NONE', #11485, 1000.000000000000000 ) ;
#2879 = EDGE_CURVE ( 'NONE', #398, #891, #4971, .T. ) ;
#2880 = CARTESIAN_POINT ( 'NONE',  ( 15.38193000000002542, -3.565918000000004806, 3.000000000000000000 ) ) ;
#2881 = VECTOR ( 'NONE', #2034, 1000.000000000000000 ) ;
#2882 = CARTESIAN_POINT ( 'NONE',  ( 83.58220000000000027, 40.77190000000000225, 0.000000000000000000 ) ) ;
#2883 = ORIENTED_EDGE ( 'NONE', *, *, #9109, .F. ) ;
#2884 = LINE ( 'NONE', #780, #12809 ) ;
#2885 = EDGE_LOOP ( 'NONE', ( #2886, #10421, #494, #5234 ) ) ;
#2886 = ORIENTED_EDGE ( 'NONE', *, *, #9776, .F. ) ;
#2887 = ORIENTED_EDGE ( 'NONE', *, *, #7966, .F. ) ;
#2888 = DIRECTION ( 'NONE',  ( -0.000000000000000000, 1.000000000000000000, -0.000000000000000000 ) ) ;
#2889 = CARTESIAN_POINT ( 'NONE',  ( 134.8369999999999891, 52.32260000000000133, 3.000000000000000000 ) ) ;
#2890 = LINE ( 'NONE', #9084, #1329 ) ;
#2891 = VERTEX_POINT ( 'NONE', #7106 ) ;
#2892 = EDGE_CURVE ( 'NONE', #2060, #12509, #6857, .T. ) ;
#2893 = CIRCLE ( 'NONE', #6646, 1.250000000000001110 ) ;
#2894 = DIRECTION ( 'NONE',  ( 1.000000000000000000, 0.000000000000000000, 0.000000000000000000 ) ) ;
#2895 = DIRECTION ( 'NONE',  ( -1.000000000000000000, 0.000000000000000000, 0.000000000000000000 ) ) ;
#2896 = EDGE_CURVE ( 'NONE', #3976, #6676, #6133, .T. ) ;
#2897 = LINE ( 'NONE', #9612, #4755 ) ;
#2898 = CARTESIAN_POINT ( 'NONE',  ( 185.9759999999999991, 126.4969999999999999, 3.000000000000000000 ) ) ;
#2899 = PLANE ( 'NONE',  #8918 ) ;
#2900 = PLANE ( 'NONE',  #5747 ) ;
#2901 = EDGE_CURVE ( 'NONE', #12891, #10175, #3065, .T. ) ;
#2902 = ORIENTED_EDGE ( 'NONE', *, *, #5045, .F. ) ;
#2904 = VERTEX_POINT ( 'NONE', #833 ) ;
#2903 = DIRECTION ( 'NONE',  ( 0.000000000000000000, 1.000000000000000000, -0.000000000000000000 ) ) ;
#2905 = FACE_BOUND ( 'NONE', #12421, .T. ) ;
#2906 = VERTEX_POINT ( 'NONE', #8943 ) ;
#2907 = EDGE_CURVE ( 'NONE', #1864, #385, #10890, .T. ) ;
#2908 = LINE ( 'NONE', #10669, #6410 ) ;
#2909 = LINE ( 'NONE', #1128, #3683 ) ;
#2910 = EDGE_CURVE ( 'NONE', #4978, #9000, #7954, .T. ) ;
#2911 = DIRECTION ( 'NONE',  ( -0.000000000000000000, -1.000000000000000000, -0.000000000000000000 ) ) ;
#2912 = DIRECTION ( 'NONE',  ( 0.000000000000000000, 1.000000000000000000, 0.000000000000000000 ) ) ;
#2913 = DIRECTION ( 'NONE',  ( 0.000000000000000000, 0.000000000000000000, -1.000000000000000000 ) ) ;
#2914 = DIRECTION ( 'NONE',  ( 0.000000000000000000, -1.000000000000000000, 0.000000000000000000 ) ) ;
#2915 = EDGE_CURVE ( 'NONE', #6021, #12064, #48, .T. ) ;
#2917 = ORIENTED_EDGE ( 'NONE', *, *, #7295, .T. ) ;
#2916 = EDGE_LOOP ( 'NONE', ( #9349, #7689, #410, #10265 ) ) ;
#2918 = EDGE_CURVE ( 'NONE', #575, #5171, #1418, .T. ) ;
#2919 = ORIENTED_EDGE ( 'NONE', *, *, #8653, .F. ) ;
#2920 = DIRECTION ( 'NONE',  ( -0.000000000000000000, -0.000000000000000000, -1.000000000000000000 ) ) ;
#2921 = ORIENTED_EDGE ( 'NONE', *, *, #8855, .T. ) ;
#2922 = ORIENTED_EDGE ( 'NONE', *, *, #4162, .F. ) ;
#2923 = DIRECTION ( 'NONE',  ( 0.000000000000000000, -0.000000000000000000, -1.000000000000000000 ) ) ;
#2924 = CARTESIAN_POINT ( 'NONE',  ( 159.4939999999999998, 2.960030000000000161, 3.000000000000000000 ) ) ;
#2925 = LINE ( 'NONE', #6902, #9860 ) ;
#2926 = CARTESIAN_POINT ( 'NONE',  ( 158.6370000000000005, 46.05270000000000152, 3.000000000000000000 ) ) ;
#2927 = CARTESIAN_POINT ( 'NONE',  ( 83.29399999999999693, 78.87189999999999657, 0.000000000000000000 ) ) ;
#2928 = ORIENTED_EDGE ( 'NONE', *, *, #12478, .T. ) ;
#2929 = ORIENTED_EDGE ( 'NONE', *, *, #2664, .F. ) ;
#2930 = FACE_OUTER_BOUND ( 'NONE', #12837, .T. ) ;
#2931 = VERTEX_POINT ( 'NONE', #3195 ) ;
#2932 = EDGE_LOOP ( 'NONE', ( #6379, #347, #6973, #2222 ) ) ;
#2933 = ORIENTED_EDGE ( 'NONE', *, *, #10075, .F. ) ;
#2934 = CARTESIAN_POINT ( 'NONE',  ( 50.82469999999999999, 21.17220000000000368, 3.000000000000000000 ) ) ;
#2935 = DIRECTION ( 'NONE',  ( 1.000000000000000000, -0.000000000000000000, -0.000000000000000000 ) ) ;
#2936 = DIRECTION ( 'NONE',  ( 0.000000000000000000, 1.000000000000000000, 0.000000000000000000 ) ) ;
#2937 = EDGE_CURVE ( 'NONE', #1906, #11719, #11227, .T. ) ;
#2938 = CARTESIAN_POINT ( 'NONE',  ( 197.5939999999999941, 16.95949999999999847, 3.000000000000000000 ) ) ;
#2939 = LINE ( 'NONE', #2152, #322 ) ;
#2940 = VERTEX_POINT ( 'NONE', #10363 ) ;
#2941 = LINE ( 'NONE', #2087, #83 ) ;
#2942 = ORIENTED_EDGE ( 'NONE', *, *, #723, .F. ) ;
#2943 = EDGE_LOOP ( 'NONE', ( #11439, #3418, #9048, #2305 ) ) ;
#2944 = ORIENTED_EDGE ( 'NONE', *, *, #7024, .F. ) ;
#2945 = CARTESIAN_POINT ( 'NONE',  ( 54.71900000000000119, 97.92189999999999372, 0.000000000000000000 ) ) ;
#2946 = CARTESIAN_POINT ( 'NONE',  ( 55.85040000000000049, 17.02149999999999963, 3.000000000000000000 ) ) ;
#2947 = ADVANCED_FACE ( 'NONE', ( #4174 ), #3331, .T. ) ;
#2948 = DIRECTION ( 'NONE',  ( -1.000000000000000000, -0.000000000000000000, -0.000000000000000000 ) ) ;
#2949 = VERTEX_POINT ( 'NONE', #8343 ) ;
#2950 = VECTOR ( 'NONE', #10685, 1000.000000000000000 ) ;
#2951 = DIRECTION ( 'NONE',  ( -1.000000000000000000, -0.000000000000000000, -0.000000000000000000 ) ) ;
#2952 = DIRECTION ( 'NONE',  ( 0.000000000000000000, 1.000000000000000000, -0.000000000000000000 ) ) ;
#2953 = CARTESIAN_POINT ( 'NONE',  ( 157.1129999999999995, 59.82189999999999941, 3.000000000000000000 ) ) ;
#2954 = DIRECTION ( 'NONE',  ( 0.000000000000000000, -0.000000000000000000, -1.000000000000000000 ) ) ;
#2955 = DIRECTION ( 'NONE',  ( -0.000000000000000000, -1.000000000000000000, -0.000000000000000000 ) ) ;
#2956 = VECTOR ( 'NONE', #8977, 1000.000000000000000 ) ;
#2957 = EDGE_CURVE ( 'NONE', #3976, #9767, #1160, .T. ) ;
#2958 = LINE ( 'NONE', #6936, #9495 ) ;
#2959 = ORIENTED_EDGE ( 'NONE', *, *, #11985, .F. ) ;
#2961 = ORIENTED_EDGE ( 'NONE', *, *, #9086, .T. ) ;
#2960 = LINE ( 'NONE', #139, #9436 ) ;
#2962 = VECTOR ( 'NONE', #2985, 1000.000000000000000 ) ;
#2963 = EDGE_CURVE ( 'NONE', #2496, #11912, #430, .T. ) ;
#2964 = CARTESIAN_POINT ( 'NONE',  ( 32.05040000000000333, 7.952670000000000350, 0.000000000000000000 ) ) ;
#2965 = ORIENTED_EDGE ( 'NONE', *, *, #4198, .F. ) ;
#2966 = DIRECTION ( 'NONE',  ( -0.000000000000000000, -1.000000000000000000, -0.000000000000000000 ) ) ;
#2967 = CARTESIAN_POINT ( 'NONE',  ( 199.9749999999999943, 112.4980000000000047, 0.000000000000000000 ) ) ;
#2968 = LINE ( 'NONE', #6946, #2795 ) ;
#2969 = CARTESIAN_POINT ( 'NONE',  ( 136.5620000000000118, 58.35159999999999769, 0.000000000000000000 ) ) ;
#2970 = DIRECTION ( 'NONE',  ( 1.000000000000000000, 0.000000000000000000, 0.000000000000000000 ) ) ;
#2971 = DIRECTION ( 'NONE',  ( -0.000000000000000000, 1.000000000000000000, -0.000000000000000000 ) ) ;
#2973 = ORIENTED_EDGE ( 'NONE', *, *, #4572, .T. ) ;
#2972 = ORIENTED_EDGE ( 'NONE', *, *, #1149, .T. ) ;
#2974 = ORIENTED_EDGE ( 'NONE', *, *, #11688, .F. ) ;
#2975 = DIRECTION ( 'NONE',  ( 0.000000000000000000, 0.000000000000000000, -1.000000000000000000 ) ) ;
#2976 = VERTEX_POINT ( 'NONE', #5411 ) ;
#2977 = ADVANCED_FACE ( 'NONE', ( #8147 ), #4373, .F. ) ;
#2978 = CARTESIAN_POINT ( 'NONE',  ( 83.29399999999999693, 78.87189999999999657, 3.000000000000000000 ) ) ;
#2979 = ORIENTED_EDGE ( 'NONE', *, *, #8328, .F. ) ;
#2980 = FACE_OUTER_BOUND ( 'NONE', #8415, .T. ) ;
#2981 = VECTOR ( 'NONE', #7429, 1000.000000000000000 ) ;
#2982 = CARTESIAN_POINT ( 'NONE',  ( 188.3569999999999993, 83.92270000000000607, 0.000000000000000000 ) ) ;
#2983 = FACE_OUTER_BOUND ( 'NONE', #7302, .T. ) ;
#2984 = EDGE_CURVE ( 'NONE', #7748, #7806, #6324, .T. ) ;
#2985 = DIRECTION ( 'NONE',  ( -0.000000000000000000, -0.000000000000000000, -1.000000000000000000 ) ) ;
#2986 = CARTESIAN_POINT ( 'NONE',  ( 188.3569999999999993, 45.82269999999999754, 0.000000000000000000 ) ) ;
#2987 = LINE ( 'NONE', #3975, #6407 ) ;
#2988 = VECTOR ( 'NONE', #5031, 1000.000000000000000 ) ;
#2989 = ORIENTED_EDGE ( 'NONE', *, *, #12012, .F. ) ;
#2990 = ORIENTED_EDGE ( 'NONE', *, *, #1112, .T. ) ;
#2991 = CARTESIAN_POINT ( 'NONE',  ( 142.2439999999999998, 83.17159999999999798, 3.000000000000000000 ) ) ;
#2992 = VERTEX_POINT ( 'NONE', #2214 ) ;
#2993 = VERTEX_POINT ( 'NONE', #5221 ) ;
#2994 = VERTEX_POINT ( 'NONE', #2470 ) ;
#2995 = DIRECTION ( 'NONE',  ( 0.000000000000000000, -0.000000000000000000, -1.000000000000000000 ) ) ;
#2996 = CARTESIAN_POINT ( 'NONE',  ( 162.7429999999999950, 96.45159999999999911, 3.000000000000000000 ) ) ;
#2997 = EDGE_CURVE ( 'NONE', #9392, #8602, #10108, .T. ) ;
#2998 = DIRECTION ( 'NONE',  ( -1.000000000000000000, -0.000000000000000000, -0.000000000000000000 ) ) ;
#2999 = VECTOR ( 'NONE', #5596, 1000.000000000000000 ) ;
#3000 = CARTESIAN_POINT ( 'NONE',  ( 109.4879999999999995, 21.72200000000000131, 0.000000000000000000 ) ) ;
#3001 = ADVANCED_FACE ( 'NONE', ( #6387 ), #374, .T. ) ;
#3002 = ADVANCED_FACE ( 'NONE', ( #9195 ), #12326, .T. ) ;
#3003 = CARTESIAN_POINT ( 'NONE',  ( 47.57529999999999859, 7.722520000000000273, 0.000000000000000000 ) ) ;
#3004 = CARTESIAN_POINT ( 'NONE',  ( 159.4939999999999998, 126.4969999999999999, 3.000000000000000000 ) ) ;
#3005 = ORIENTED_EDGE ( 'NONE', *, *, #4310, .T. ) ;
#3006 = PLANE ( 'NONE',  #8008 ) ;
#3007 = VECTOR ( 'NONE', #446, 1000.000000000000000 ) ;
#3008 = ORIENTED_EDGE ( 'NONE', *, *, #2876, .T. ) ;
#3009 = ORIENTED_EDGE ( 'NONE', *, *, #4110, .F. ) ;
#3010 = VERTEX_POINT ( 'NONE', #3264 ) ;
#3011 = CARTESIAN_POINT ( 'NONE',  ( 16.61919999999999931, 97.92189999999999372, 3.000000000000000000 ) ) ;
#3012 = EDGE_CURVE ( 'NONE', #10267, #4616, #2281, .T. ) ;
#3013 = EDGE_CURVE ( 'NONE', #11220, #3685, #1288, .T. ) ;
#3014 = CARTESIAN_POINT ( 'NONE',  ( 40.71970000000000312, 97.92189999999999372, 0.000000000000000000 ) ) ;
#3015 = VERTEX_POINT ( 'NONE', #4306 ) ;
#3016 = AXIS2_PLACEMENT_3D ( 'NONE', #8618, #8885, #4779 ) ;
#3017 = CARTESIAN_POINT ( 'NONE',  ( 88.34470000000000312, 78.87189999999999657, 3.000000000000000000 ) ) ;
#3018 = CARTESIAN_POINT ( 'NONE',  ( 19.38193000000000765, 14.24100000000001742, 0.000000000000000000 ) ) ;
#3019 = CARTESIAN_POINT ( 'NONE',  ( 4.356929999999991310, 110.4710000000000036, 0.000000000000000000 ) ) ;
#3020 = LINE ( 'NONE', #7130, #5334 ) ;
#3021 = FACE_OUTER_BOUND ( 'NONE', #2916, .T. ) ;
#3022 = AXIS2_PLACEMENT_3D ( 'NONE', #9905, #7886, #11992 ) ;
#3023 = FACE_OUTER_BOUND ( 'NONE', #7533, .T. ) ;
#3024 = VERTEX_POINT ( 'NONE', #8281 ) ;
#3026 = ORIENTED_EDGE ( 'NONE', *, *, #10164, .F. ) ;
#3025 = CARTESIAN_POINT ( 'NONE',  ( 55.85040000000000049, 20.25169999999999959, 3.000000000000000000 ) ) ;
#3027 = CARTESIAN_POINT ( 'NONE',  ( 145.4930000000000234, 97.92189999999999372, 3.000000000000000000 ) ) ;
#3028 = VERTEX_POINT ( 'NONE', #11282 ) ;
#3029 = EDGE_CURVE ( 'NONE', #427, #6292, #2341, .T. ) ;
#3030 = DIRECTION ( 'NONE',  ( 1.000000000000000000, -0.000000000000000000, -0.000000000000000000 ) ) ;
#3031 = CARTESIAN_POINT ( 'NONE',  ( 83.58220000000000027, 26.77250000000000085, 3.000000000000000000 ) ) ;
#3032 = CARTESIAN_POINT ( 'NONE',  ( 145.4950000000000045, 126.4969999999999999, 3.000000000000000000 ) ) ;
#3033 = VECTOR ( 'NONE', #562, 1000.000000000000000 ) ;
#3034 = CARTESIAN_POINT ( 'NONE',  ( 167.7680000000000007, 90.42260000000000275, 3.000000000000000000 ) ) ;
#3035 = EDGE_CURVE ( 'NONE', #5901, #9266, #9321, .T. ) ;
#3036 = LINE ( 'NONE', #6105, #10121 ) ;
#3037 = VECTOR ( 'NONE', #8496, 1000.000000000000000 ) ;
#3038 = EDGE_LOOP ( 'NONE', ( #3779, #24, #1328, #3702 ) ) ;
#3039 = VERTEX_POINT ( 'NONE', #2405 ) ;
#3040 = CARTESIAN_POINT ( 'NONE',  ( 26.43220000000000169, 112.4980000000000047, 0.000000000000000000 ) ) ;
#3041 = EDGE_LOOP ( 'NONE', ( #10762, #695 ) ) ;
#3042 = CARTESIAN_POINT ( 'NONE',  ( 145.4950000000000045, 112.4980000000000047, 0.000000000000000000 ) ) ;
#3043 = ORIENTED_EDGE ( 'NONE', *, *, #2473, .T. ) ;
#3044 = CARTESIAN_POINT ( 'NONE',  ( 40.43149999999999977, 40.77190000000000225, 3.000000000000000000 ) ) ;
#3045 = CARTESIAN_POINT ( 'NONE',  ( 83.29399999999999693, 78.87189999999999657, 3.000000000000000000 ) ) ;
#3046 = FACE_OUTER_BOUND ( 'NONE', #2554, .T. ) ;
#3047 = VECTOR ( 'NONE', #8220, 1000.000000000000000 ) ;
#3048 = CARTESIAN_POINT ( 'NONE',  ( 12.14470000000000205, 64.87269999999999470, 3.000000000000000000 ) ) ;
#3049 = EDGE_CURVE ( 'NONE', #10289, #11607, #5473, .T. ) ;
#3050 = DIRECTION ( 'NONE',  ( 0.000000000000000000, 1.000000000000000000, 0.000000000000000000 ) ) ;
#3051 = EDGE_CURVE ( 'NONE', #7968, #12509, #10428, .T. ) ;
#3052 = LINE ( 'NONE', #36, #4969 ) ;
#3054 = EDGE_LOOP ( 'NONE', ( #1657, #7104, #7301, #5711 ) ) ;
#3053 = LINE ( 'NONE', #4040, #10581 ) ;
#3055 = PRODUCT_DEFINITION_SHAPE ( 'NONE', 'NONE',  #4218 ) ;
#3056 = ORIENTED_EDGE ( 'NONE', *, *, #2512, .F. ) ;
#3057 = DIRECTION ( 'NONE',  ( 0.000000000000000000, 1.000000000000000000, 0.000000000000000000 ) ) ;
#3058 = VERTEX_POINT ( 'NONE', #8595 ) ;
#3059 = AXIS2_PLACEMENT_3D ( 'NONE', #7325, #258, #7450 ) ;
#3060 = ORIENTED_EDGE ( 'NONE', *, *, #4783, .T. ) ;
#3061 = AXIS2_PLACEMENT_3D ( 'NONE', #96, #11010, #12182 ) ;
#3062 = ORIENTED_EDGE ( 'NONE', *, *, #1595, .F. ) ;
#3063 = EDGE_CURVE ( 'NONE', #4751, #6314, #9512, .T. ) ;
#3064 = PLANE ( 'NONE',  #7108 ) ;
#3065 = LINE ( 'NONE', #2144, #8 ) ;
#3066 = EDGE_CURVE ( 'NONE', #5634, #11660, #11662, .T. ) ;
#3067 = CARTESIAN_POINT ( 'NONE',  ( 126.1569999999999965, 59.82189999999999941, 3.000000000000000000 ) ) ;
#3068 = CARTESIAN_POINT ( 'NONE',  ( 116.6320000000000192, 26.77250000000000085, 3.000000000000000000 ) ) ;
#3069 = DIRECTION ( 'NONE',  ( 0.000000000000000000, -1.000000000000000000, 0.000000000000000000 ) ) ;
#3070 = CIRCLE ( 'NONE', #5996, 0.5000000000000004441 ) ;
#3071 = CARTESIAN_POINT ( 'NONE',  ( 135.6819999999999879, 126.4969999999999999, 0.000000000000000000 ) ) ;
#3072 = LINE ( 'NONE', #8947, #8672 ) ;
#3073 = ORIENTED_EDGE ( 'NONE', *, *, #7835, .F. ) ;
#3074 = CARTESIAN_POINT ( 'NONE',  ( 145.4930000000000234, 88.62170000000001835, 3.000000000000000000 ) ) ;
#3075 = VECTOR ( 'NONE', #3643, 1000.000000000000000 ) ;
#3076 = ORIENTED_EDGE ( 'NONE', *, *, #4821, .F. ) ;
#3077 = ORIENTED_EDGE ( 'NONE', *, *, #2295, .T. ) ;
#3078 = VECTOR ( 'NONE', #2645, 1000.000000000000000 ) ;
#3079 = VERTEX_POINT ( 'NONE', #12711 ) ;
#3080 = ADVANCED_FACE ( 'NONE', ( #10557 ), #3639, .T. ) ;
#3081 = ADVANCED_FACE ( 'NONE', ( #9702 ), #6707, .T. ) ;
#3082 = CARTESIAN_POINT ( 'NONE',  ( 102.3439999999999941, 64.87269999999999470, 3.000000000000000000 ) ) ;
#3083 = AXIS2_PLACEMENT_3D ( 'NONE', #3406, #12217, #2233 ) ;
#3084 = LINE ( 'NONE', #4063, #3216 ) ;
#3085 = DIRECTION ( 'NONE',  ( -1.000000000000000000, 0.000000000000000000, 0.000000000000000000 ) ) ;
#3086 = DIRECTION ( 'NONE',  ( 0.000000000000000000, -1.000000000000000000, 0.000000000000000000 ) ) ;
#3087 = VECTOR ( 'NONE', #7652, 1000.000000000000000 ) ;
#3088 = DIRECTION ( 'NONE',  ( 0.000000000000000000, 0.000000000000000000, 1.000000000000000000 ) ) ;
#3089 = CARTESIAN_POINT ( 'NONE',  ( 73.76900000000000546, 97.92189999999999372, 3.000000000000000000 ) ) ;
#3090 = CARTESIAN_POINT ( 'NONE',  ( 165.3880000000000052, 58.35159999999999769, 3.000000000000000000 ) ) ;
#3091 = ADVANCED_FACE ( 'NONE', ( #4563 ), #8728, .F. ) ;
#3092 = VECTOR ( 'NONE', #10740, 1000.000000000000000 ) ;
#3093 = DIRECTION ( 'NONE',  ( 0.000000000000000000, 0.000000000000000000, -1.000000000000000000 ) ) ;
#3094 = ORIENTED_EDGE ( 'NONE', *, *, #7531, .F. ) ;
#3095 = APPLICATION_CONTEXT ( 'automotive_design' ) ;
#3097 = VERTEX_POINT ( 'NONE', #497 ) ;
#3096 = DIRECTION ( 'NONE',  ( 0.000000000000000000, -0.000000000000000000, 1.000000000000000000 ) ) ;
#3098 = AXIS2_PLACEMENT_3D ( 'NONE', #9274, #2488, #10446 ) ;
#3099 = CARTESIAN_POINT ( 'NONE',  ( 56.67589999999999861, 17.02149999999999963, 3.000000000000000000 ) ) ;
#3100 = ORIENTED_EDGE ( 'NONE', *, *, #12270, .F. ) ;
#3101 = CARTESIAN_POINT ( 'NONE',  ( 85.67529999999999291, 7.722520000000000273, 0.000000000000000000 ) ) ;
#3102 = CARTESIAN_POINT ( 'NONE',  ( 88.34470000000000312, 78.87189999999999657, 3.000000000000000000 ) ) ;
#3103 = CARTESIAN_POINT ( 'NONE',  ( 64.24399999999999977, 64.87269999999999470, 3.000000000000000000 ) ) ;
#3104 = AXIS2_PLACEMENT_3D ( 'NONE', #12271, #2410, #3335 ) ;
#3105 = CARTESIAN_POINT ( 'NONE',  ( 161.0180000000000007, 96.45159999999999911, 3.000000000000000000 ) ) ;
#3106 = VECTOR ( 'NONE', #4432, 1000.000000000000000 ) ;
#3107 = DIRECTION ( 'NONE',  ( 1.000000000000000000, 0.000000000000000000, 0.000000000000000000 ) ) ;
#3108 = ORIENTED_EDGE ( 'NONE', *, *, #12884, .T. ) ;
#3109 = ORIENTED_EDGE ( 'NONE', *, *, #4176, .F. ) ;
#3110 = CARTESIAN_POINT ( 'NONE',  ( 159.4939999999999998, 2.960030000000000161, 3.000000000000000000 ) ) ;
#3111 = ORIENTED_EDGE ( 'NONE', *, *, #4715, .T. ) ;
#3112 = DIRECTION ( 'NONE',  ( 1.000000000000000000, -0.000000000000000000, -0.000000000000000000 ) ) ;
#3113 = ORIENTED_EDGE ( 'NONE', *, *, #4505, .F. ) ;
#3114 = DIRECTION ( 'NONE',  ( -0.000000000000000000, -0.000000000000000000, -1.000000000000000000 ) ) ;
#3115 = EDGE_CURVE ( 'NONE', #11660, #5291, #3516, .T. ) ;
#3116 = DIRECTION ( 'NONE',  ( -1.000000000000000000, 0.000000000000000000, 0.000000000000000000 ) ) ;
#3117 = CARTESIAN_POINT ( 'NONE',  ( 161.0180000000000007, 84.15269999999999584, 3.000000000000000000 ) ) ;
#3118 = LINE ( 'NONE', #7882, #1079 ) ;
#3119 = PLANE ( 'NONE',  #12460 ) ;
#3120 = AXIS2_PLACEMENT_3D ( 'NONE', #7513, #4649, #4589 ) ;
#3121 = LINE ( 'NONE', #7883, #1395 ) ;
#3123 = EDGE_LOOP ( 'NONE', ( #12910, #4504, #2752, #2585 ) ) ;
#3122 = CARTESIAN_POINT ( 'NONE',  ( 158.6370000000000005, 46.05270000000000152, 0.000000000000000000 ) ) ;
#3124 = ORIENTED_EDGE ( 'NONE', *, *, #5557, .T. ) ;
#3125 = ADVANCED_FACE ( 'NONE', ( #12455 ), #8535, .F. ) ;
#3126 = LINE ( 'NONE', #8937, #6566 ) ;
#3127 = ORIENTED_EDGE ( 'NONE', *, *, #5066, .T. ) ;
#3128 = ORIENTED_EDGE ( 'NONE', *, *, #11585, .T. ) ;
#3129 = EDGE_LOOP ( 'NONE', ( #5358, #4363, #6272, #8533 ) ) ;
#3130 = CARTESIAN_POINT ( 'NONE',  ( 30.32509999999999906, 20.25169999999999959, 0.000000000000000000 ) ) ;
#3131 = EDGE_CURVE ( 'NONE', #605, #1360, #2530, .T. ) ;
#3132 = DIRECTION ( 'NONE',  ( -0.000000000000000000, -0.000000000000000000, -1.000000000000000000 ) ) ;
#3133 = LINE ( 'NONE', #6135, #10281 ) ;
#3134 = DIRECTION ( 'NONE',  ( 0.000000000000000000, 0.000000000000000000, 1.000000000000000000 ) ) ;
#3135 = LINE ( 'NONE', #11766, #8600 ) ;
#3136 = DIRECTION ( 'NONE',  ( 0.000000000000000000, 0.000000000000000000, 1.000000000000000000 ) ) ;
#3137 = LINE ( 'NONE', #55, #4513 ) ;
#3138 = ORIENTED_EDGE ( 'NONE', *, *, #2314, .F. ) ;
#3139 = FACE_OUTER_BOUND ( 'NONE', #3342, .T. ) ;
#3140 = VERTEX_POINT ( 'NONE', #4495 ) ;
#3141 = ORIENTED_EDGE ( 'NONE', *, *, #5365, .T. ) ;
#3142 = EDGE_LOOP ( 'NONE', ( #12059, #5438, #2136, #10883 ) ) ;
#3143 = CARTESIAN_POINT ( 'NONE',  ( 126.1569999999999965, 59.82189999999999941, 3.000000000000000000 ) ) ;
#3144 = EDGE_CURVE ( 'NONE', #10232, #11249, #11726, .T. ) ;
#3145 = FACE_OUTER_BOUND ( 'NONE', #7456, .T. ) ;
#3146 = AXIS2_PLACEMENT_3D ( 'NONE', #9733, #786, #7576 ) ;
#3147 = DIRECTION ( 'NONE',  ( -1.000000000000000000, 0.000000000000000000, 0.000000000000000000 ) ) ;
#3148 = CARTESIAN_POINT ( 'NONE',  ( 109.4879999999999995, 7.722520000000000273, 3.000000000000000000 ) ) ;
#3149 = EDGE_CURVE ( 'NONE', #3311, #3784, #5733, .T. ) ;
#3150 = DIRECTION ( 'NONE',  ( -1.000000000000000000, 0.000000000000000000, 0.000000000000000000 ) ) ;
#3151 = CARTESIAN_POINT ( 'NONE',  ( 178.5440000000000111, 112.4980000000000047, 3.000000000000000000 ) ) ;
#3152 = DIRECTION ( 'NONE',  ( 0.000000000000000000, -1.000000000000000000, 0.000000000000000000 ) ) ;
#3153 = AXIS2_PLACEMENT_3D ( 'NONE', #6914, #6976, #7043 ) ;
#3154 = DIRECTION ( 'NONE',  ( 0.000000000000000000, -0.000000000000000000, 1.000000000000000000 ) ) ;
#3155 = ORIENTED_EDGE ( 'NONE', *, *, #12496, .F. ) ;
#3156 = VECTOR ( 'NONE', #7742, 1000.000000000000000 ) ;
#3158 = EDGE_LOOP ( 'NONE', ( #10733, #2717, #5795, #6732 ) ) ;
#3157 = CARTESIAN_POINT ( 'NONE',  ( 164.5449999999999875, 112.4980000000000047, 3.000000000000000000 ) ) ;
#3159 = CARTESIAN_POINT ( 'NONE',  ( 4.856929999999992198, 110.4710000000000036, 0.000000000000000000 ) ) ;
#3160 = ORIENTED_EDGE ( 'NONE', *, *, #817, .F. ) ;
#3161 = ADVANCED_FACE ( 'NONE', ( #7547 ), #2593, .T. ) ;
#3162 = CARTESIAN_POINT ( 'NONE',  ( 166.2119999999999891, 55.12149999999999750, 0.000000000000000000 ) ) ;
#3163 = DIRECTION ( 'NONE',  ( 1.000000000000000000, 0.000000000000000000, 0.000000000000000000 ) ) ;
#3164 = ADVANCED_FACE ( 'NONE', ( #5609 ), #9578, .T. ) ;
#3165 = PLANE ( 'NONE',  #153 ) ;
#3166 = VECTOR ( 'NONE', #5635, 1000.000000000000000 ) ;
#3167 = VECTOR ( 'NONE', #7222, 1000.000000000000000 ) ;
#3168 = CARTESIAN_POINT ( 'NONE',  ( 150.2570000000000050, 64.87269999999999470, 0.000000000000000000 ) ) ;
#3169 = CARTESIAN_POINT ( 'NONE',  ( 88.05649999999999977, 45.82269999999999754, 0.000000000000000000 ) ) ;
#3170 = VECTOR ( 'NONE', #2809, 1000.000000000000000 ) ;
#3171 = ORIENTED_EDGE ( 'NONE', *, *, #3277, .T. ) ;
#3172 = ORIENTED_EDGE ( 'NONE', *, *, #11928, .T. ) ;
#3173 = CARTESIAN_POINT ( 'NONE',  ( 168.5929999999999893, 90.42260000000000275, 3.000000000000000000 ) ) ;
#3174 = ORIENTED_EDGE ( 'NONE', *, *, #12219, .F. ) ;
#3175 = DIRECTION ( 'NONE',  ( -0.000000000000000000, 0.000000000000000000, -1.000000000000000000 ) ) ;
#3176 = EDGE_LOOP ( 'NONE', ( #10932, #4507, #1445, #3585 ) ) ;
#3177 = CARTESIAN_POINT ( 'NONE',  ( 47.57529999999999859, 7.722520000000000273, 0.000000000000000000 ) ) ;
#3178 = EDGE_CURVE ( 'NONE', #11704, #4354, #5668, .T. ) ;
#3179 = LINE ( 'NONE', #2196, #8570 ) ;
#3180 = CARTESIAN_POINT ( 'NONE',  ( 14.38192999999999699, 23.74100000000002098, 3.000000000000000000 ) ) ;
#3181 = LINE ( 'NONE', #11210, #3220 ) ;
#3182 = FACE_OUTER_BOUND ( 'NONE', #11777, .T. ) ;
#3183 = CARTESIAN_POINT ( 'NONE',  ( 207.3830000000000098, 35.43408199999999653, 3.000000000000000000 ) ) ;
#3185 = ORIENTED_EDGE ( 'NONE', *, *, #5019, .T. ) ;
#3184 = DIRECTION ( 'NONE',  ( 0.000000000000000000, 1.000000000000000000, 0.000000000000000000 ) ) ;
#3186 = ADVANCED_FACE ( 'NONE', ( #8662 ), #12641, .T. ) ;
#3187 = ORIENTED_EDGE ( 'NONE', *, *, #6469, .T. ) ;
#3188 = CARTESIAN_POINT ( 'NONE',  ( 202.3569999999999993, 40.77190000000000225, 3.000000000000000000 ) ) ;
#3189 = VECTOR ( 'NONE', #12427, 1000.000000000000000 ) ;
#3190 = ORIENTED_EDGE ( 'NONE', *, *, #11999, .F. ) ;
#3191 = ORIENTED_EDGE ( 'NONE', *, *, #9795, .T. ) ;
#3192 = EDGE_LOOP ( 'NONE', ( #154, #682, #8689, #2799 ) ) ;
#3193 = VECTOR ( 'NONE', #4203, 1000.000000000000000 ) ;
#3194 = DIRECTION ( 'NONE',  ( 1.000000000000000000, 0.000000000000000000, 0.000000000000000000 ) ) ;
#3195 = CARTESIAN_POINT ( 'NONE',  ( 138.9430000000000121, 83.17159999999999798, 3.000000000000000000 ) ) ;
#3196 = DIRECTION ( 'NONE',  ( -0.000000000000000000, 1.000000000000000000, -0.000000000000000000 ) ) ;
#3197 = CARTESIAN_POINT ( 'NONE',  ( 202.3569999999999993, 59.82189999999999941, 3.000000000000000000 ) ) ;
#3198 = EDGE_CURVE ( 'NONE', #4351, #2931, #4032, .T. ) ;
#3199 = LINE ( 'NONE', #8022, #252 ) ;
#3200 = VECTOR ( 'NONE', #7548, 1000.000000000000000 ) ;
#3201 = DIRECTION ( 'NONE',  ( 0.000000000000000000, -1.000000000000000000, 0.000000000000000000 ) ) ;
#3202 = LINE ( 'NONE', #6984, #10546 ) ;
#3203 = ADVANCED_FACE ( 'NONE', ( #8863 ), #953, .T. ) ;
#3204 = ORIENTED_EDGE ( 'NONE', *, *, #12454, .T. ) ;
#3205 = CARTESIAN_POINT ( 'NONE',  ( 162.7429999999999950, 83.17159999999999798, 3.000000000000000000 ) ) ;
#3206 = VERTEX_POINT ( 'NONE', #4818 ) ;
#3207 = ORIENTED_EDGE ( 'NONE', *, *, #6449, .F. ) ;
#3208 = ORIENTED_EDGE ( 'NONE', *, *, #5294, .T. ) ;
#3209 = DIRECTION ( 'NONE',  ( 0.000000000000000000, -0.000000000000000000, -1.000000000000000000 ) ) ;
#3210 = DIRECTION ( 'NONE',  ( 0.000000000000000000, -1.000000000000000000, 0.000000000000000000 ) ) ;
#3211 = DIRECTION ( 'NONE',  ( -0.000000000000000000, -0.000000000000000000, -1.000000000000000000 ) ) ;
#3212 = DIRECTION ( 'NONE',  ( 1.000000000000000000, -0.000000000000000000, -0.000000000000000000 ) ) ;
#3213 = AXIS2_PLACEMENT_3D ( 'NONE', #11038, #12013, #10905 ) ;
#3214 = ADVANCED_FACE ( 'NONE', ( #8067 ), #11981, .T. ) ;
#3215 = DIRECTION ( 'NONE',  ( 0.000000000000000000, 1.000000000000000000, 0.000000000000000000 ) ) ;
#3216 = VECTOR ( 'NONE', #2948, 1000.000000000000000 ) ;
#3217 = EDGE_CURVE ( 'NONE', #4479, #10140, #6053, .T. ) ;
#3218 = PLANE ( 'NONE',  #6584 ) ;
#3219 = FACE_OUTER_BOUND ( 'NONE', #8376, .T. ) ;
#3220 = VECTOR ( 'NONE', #8133, 1000.000000000000000 ) ;
#3221 = CARTESIAN_POINT ( 'NONE',  ( 142.2439999999999998, 84.15269999999999584, 0.000000000000000000 ) ) ;
#3222 = ORIENTED_EDGE ( 'NONE', *, *, #12089, .F. ) ;
#3223 = VERTEX_POINT ( 'NONE', #883 ) ;
#3224 = AXIS2_PLACEMENT_3D ( 'NONE', #1235, #4979, #121 ) ;
#3226 = ORIENTED_EDGE ( 'NONE', *, *, #8577, .F. ) ;
#3225 = DIRECTION ( 'NONE',  ( -0.000000000000000000, -0.000000000000000000, -1.000000000000000000 ) ) ;
#3227 = EDGE_CURVE ( 'NONE', #7997, #11670, #10821, .T. ) ;
#3228 = DIRECTION ( 'NONE',  ( 0.000000000000000000, 1.000000000000000000, -0.000000000000000000 ) ) ;
#3229 = ORIENTED_EDGE ( 'NONE', *, *, #12270, .T. ) ;
#3230 = VECTOR ( 'NONE', #3789, 1000.000000000000000 ) ;
#3231 = ADVANCED_FACE ( 'NONE', ( #6961 ), #6843, .T. ) ;
#3232 = PLANE ( 'NONE',  #6621 ) ;
#3233 = FACE_OUTER_BOUND ( 'NONE', #8503, .T. ) ;
#3234 = LINE ( 'NONE', #9039, #7264 ) ;
#3235 = VECTOR ( 'NONE', #6972, 1000.000000000000000 ) ;
#3236 = CARTESIAN_POINT ( 'NONE',  ( 21.38169999999999860, 126.4969999999999999, 3.000000000000000000 ) ) ;
#3237 = CARTESIAN_POINT ( 'NONE',  ( 0.5939299999999920754, 81.89100000000000534, 3.000000000000000000 ) ) ;
#3238 = ORIENTED_EDGE ( 'NONE', *, *, #436, .T. ) ;
#3239 = VERTEX_POINT ( 'NONE', #6901 ) ;
#3240 = ORIENTED_EDGE ( 'NONE', *, *, #7758, .F. ) ;
#3241 = EDGE_CURVE ( 'NONE', #5617, #8904, #5801, .T. ) ;
#3243 = EDGE_CURVE ( 'NONE', #8854, #3058, #11009, .T. ) ;
#3242 = CARTESIAN_POINT ( 'NONE',  ( 21.66969999999999885, 83.92270000000000607, 3.000000000000000000 ) ) ;
#3244 = VECTOR ( 'NONE', #1185, 1000.000000000000000 ) ;
#3245 = VERTEX_POINT ( 'NONE', #2064 ) ;
#3246 = DIRECTION ( 'NONE',  ( 1.000000000000000000, 0.000000000000000000, 0.000000000000000000 ) ) ;
#3247 = PLANE ( 'NONE',  #2731 ) ;
#3248 = CARTESIAN_POINT ( 'NONE',  ( 40.43149999999999977, 40.77190000000000225, 0.000000000000000000 ) ) ;
#3249 = CARTESIAN_POINT ( 'NONE',  ( 12.14470000000000205, 64.87269999999999470, 0.000000000000000000 ) ) ;
#3250 = DIRECTION ( 'NONE',  ( 1.000000000000000000, 0.000000000000000000, 0.000000000000000000 ) ) ;
#3251 = VECTOR ( 'NONE', #6747, 1000.000000000000000 ) ;
#3252 = FACE_OUTER_BOUND ( 'NONE', #558, .T. ) ;
#3253 = VECTOR ( 'NONE', #4136, 1000.000000000000000 ) ;
#3255 = ORIENTED_EDGE ( 'NONE', *, *, #6939, .T. ) ;
#3254 = ORIENTED_EDGE ( 'NONE', *, *, #12176, .F. ) ;
#3256 = EDGE_CURVE ( 'NONE', #4300, #3432, #9770, .T. ) ;
#3257 = EDGE_LOOP ( 'NONE', ( #3160, #7787, #12339, #12894 ) ) ;
#3258 = LINE ( 'NONE', #2525, #1553 ) ;
#3259 = ORIENTED_EDGE ( 'NONE', *, *, #745, .F. ) ;
#3260 = VERTEX_POINT ( 'NONE', #820 ) ;
#3261 = ORIENTED_EDGE ( 'NONE', *, *, #4548, .T. ) ;
#3262 = CARTESIAN_POINT ( 'NONE',  ( 207.3830000000000098, 105.4340820000000178, 0.000000000000000000 ) ) ;
#3263 = AXIS2_PLACEMENT_3D ( 'NONE', #11488, #3534, #7506 ) ;
#3264 = CARTESIAN_POINT ( 'NONE',  ( 167.7680000000000007, 96.45159999999999911, 3.000000000000000000 ) ) ;
#3265 = CARTESIAN_POINT ( 'NONE',  ( 45.48219999999999885, 40.77190000000000225, 3.000000000000000000 ) ) ;
#3266 = LINE ( 'NONE', #7243, #2758 ) ;
#3267 = EDGE_CURVE ( 'NONE', #4780, #1579, #1077, .T. ) ;
#3268 = DIRECTION ( 'NONE',  ( -0.000000000000000000, -0.000000000000000000, -1.000000000000000000 ) ) ;
#3269 = DIRECTION ( 'NONE',  ( -1.000000000000000000, 0.000000000000000000, 0.000000000000000000 ) ) ;
#3270 = AXIS2_PLACEMENT_3D ( 'NONE', #6892, #941, #7213 ) ;
#3271 = CARTESIAN_POINT ( 'NONE',  ( 33.57589999999999719, 12.42159999999999975, 3.000000000000000000 ) ) ;
#3272 = EDGE_LOOP ( 'NONE', ( #3994, #2786, #1278, #8399 ) ) ;
#3273 = LINE ( 'NONE', #5551, #6151 ) ;
#3274 = ORIENTED_EDGE ( 'NONE', *, *, #1057, .F. ) ;
#3275 = ORIENTED_EDGE ( 'NONE', *, *, #11486, .T. ) ;
#3276 = EDGE_LOOP ( 'NONE', ( #4765, #7233, #11499, #709 ) ) ;
#3277 = EDGE_CURVE ( 'NONE', #7186, #422, #10751, .T. ) ;
#3278 = DIRECTION ( 'NONE',  ( -0.000000000000000000, 1.000000000000000000, -0.000000000000000000 ) ) ;
#3279 = CARTESIAN_POINT ( 'NONE',  ( 158.6370000000000005, 46.05270000000000152, 3.000000000000000000 ) ) ;
#3280 = VECTOR ( 'NONE', #872, 1000.000000000000000 ) ;
#3281 = DIRECTION ( 'NONE',  ( 0.000000000000000000, -1.000000000000000000, 0.000000000000000000 ) ) ;
#3282 = EDGE_CURVE ( 'NONE', #8949, #4217, #8794, .T. ) ;
#3283 = CARTESIAN_POINT ( 'NONE',  ( 30.90660000000000451, 59.82189999999999941, 3.000000000000000000 ) ) ;
#3284 = CARTESIAN_POINT ( 'NONE',  ( 23.90692999999999913, 24.74100000000002098, 3.000000000000000000 ) ) ;
#3285 = CARTESIAN_POINT ( 'NONE',  ( 9.618929999999991765, 81.39100000000001955, 0.000000000000000000 ) ) ;
#3286 = LINE ( 'NONE', #7267, #5975 ) ;
#3287 = VECTOR ( 'NONE', #12187, 1000.000000000000000 ) ;
#3288 = CARTESIAN_POINT ( 'NONE',  ( 163.6630000000000109, 59.27230000000000132, 3.000000000000000000 ) ) ;
#3289 = ORIENTED_EDGE ( 'NONE', *, *, #12294, .F. ) ;
#3290 = ORIENTED_EDGE ( 'NONE', *, *, #8579, .T. ) ;
#3291 = VECTOR ( 'NONE', #2361, 1000.000000000000000 ) ;
#3292 = EDGE_CURVE ( 'NONE', #2931, #5464, #1930, .T. ) ;
#3294 = ORIENTED_EDGE ( 'NONE', *, *, #2668, .F. ) ;
#3293 = DIRECTION ( 'NONE',  ( 0.000000000000000000, 0.000000000000000000, 1.000000000000000000 ) ) ;
#3295 = PLANE ( 'NONE',  #8421 ) ;
#3296 = ORIENTED_EDGE ( 'NONE', *, *, #10138, .F. ) ;
#3297 = VECTOR ( 'NONE', #1677, 1000.000000000000000 ) ;
#3298 = EDGE_CURVE ( 'NONE', #9099, #575, #2790, .T. ) ;
#3299 = VECTOR ( 'NONE', #9562, 1000.000000000000000 ) ;
#3300 = CARTESIAN_POINT ( 'NONE',  ( 4.856929999999992198, 109.9710000000000036, 3.000000000000000000 ) ) ;
#3301 = CYLINDRICAL_SURFACE ( 'NONE', #6552, 0.5000000000000004441 ) ;
#3302 = AXIS2_PLACEMENT_3D ( 'NONE', #9308, #10285, #483 ) ;
#3303 = CARTESIAN_POINT ( 'NONE',  ( 164.2570000000000050, 78.87189999999999657, 3.000000000000000000 ) ) ;
#3304 = ADVANCED_FACE ( 'NONE', ( #7811 ), #11795, .T. ) ;
#3305 = CARTESIAN_POINT ( 'NONE',  ( 0.09392999999999207539, 109.4709999999999894, 0.000000000000000000 ) ) ;
#3306 = DIRECTION ( 'NONE',  ( 1.000000000000000000, 0.000000000000000000, 0.000000000000000000 ) ) ;
#3307 = VECTOR ( 'NONE', #11381, 1000.000000000000000 ) ;
#3308 = ORIENTED_EDGE ( 'NONE', *, *, #2910, .T. ) ;
#3309 = VERTEX_POINT ( 'NONE', #1995 ) ;
#3310 = EDGE_CURVE ( 'NONE', #911, #5231, #3971, .T. ) ;
#3311 = VERTEX_POINT ( 'NONE', #2563 ) ;
#3312 = CARTESIAN_POINT ( 'NONE',  ( 143.9689999999999941, 93.22150000000000603, 3.000000000000000000 ) ) ;
#3313 = ORIENTED_EDGE ( 'NONE', *, *, #8928, .F. ) ;
#3314 = LINE ( 'NONE', #7289, #6617 ) ;
#3315 = EDGE_CURVE ( 'NONE', #633, #5119, #3179, .T. ) ;
#3316 = PLANE ( 'NONE',  #5353 ) ;
#3317 = AXIS2_PLACEMENT_3D ( 'NONE', #11030, #10050, #12004 ) ;
#3318 = LINE ( 'NONE', #222, #10915 ) ;
#3319 = DIRECTION ( 'NONE',  ( 0.000000000000000000, 0.000000000000000000, 1.000000000000000000 ) ) ;
#3320 = EDGE_CURVE ( 'NONE', #12296, #4154, #5441, .T. ) ;
#3321 = CARTESIAN_POINT ( 'NONE',  ( 165.3880000000000052, 58.35159999999999769, 0.000000000000000000 ) ) ;
#3322 = EDGE_CURVE ( 'NONE', #5218, #9765, #7157, .T. ) ;
#3324 = VERTEX_POINT ( 'NONE', #7518 ) ;
#3323 = ORIENTED_EDGE ( 'NONE', *, *, #10894, .T. ) ;
#3325 = VERTEX_POINT ( 'NONE', #4159 ) ;
#3326 = CARTESIAN_POINT ( 'NONE',  ( 102.6320000000000050, 112.4980000000000047, 3.000000000000000000 ) ) ;
#3327 = ORIENTED_EDGE ( 'NONE', *, *, #4562, .T. ) ;
#3328 = ORIENTED_EDGE ( 'NONE', *, *, #7617, .T. ) ;
#3329 = EDGE_LOOP ( 'NONE', ( #6124, #1266, #9172, #1474 ) ) ;
#3330 = CARTESIAN_POINT ( 'NONE',  ( 56.67589999999999861, 17.02149999999999963, 3.000000000000000000 ) ) ;
#3331 = PLANE ( 'NONE',  #8153 ) ;
#3332 = LINE ( 'NONE', #5346, #12155 ) ;
#3333 = LINE ( 'NONE', #7364, #1286 ) ;
#3334 = LINE ( 'NONE', #8217, #9230 ) ;
#3335 = DIRECTION ( 'NONE',  ( 0.000000000000000000, 0.000000000000000000, -1.000000000000000000 ) ) ;
#3336 = EDGE_CURVE ( 'NONE', #4591, #4056, #8196, .T. ) ;
#3337 = LINE ( 'NONE', #8480, #8256 ) ;
#3338 = VERTEX_POINT ( 'NONE', #11141 ) ;
#3339 = CARTESIAN_POINT ( 'NONE',  ( 27.02609999999999957, 7.952670000000000350, 3.000000000000000000 ) ) ;
#3340 = ORIENTED_EDGE ( 'NONE', *, *, #5838, .F. ) ;
#3341 = EDGE_LOOP ( 'NONE', ( #10847, #2431 ) ) ;
#3342 = EDGE_LOOP ( 'NONE', ( #1544, #2929, #58, #1059 ) ) ;
#3343 = CARTESIAN_POINT ( 'NONE',  ( 143.1119999999999948, 59.82189999999999941, 3.000000000000000000 ) ) ;
#3344 = PLANE ( 'NONE',  #6764 ) ;
#3345 = DIRECTION ( 'NONE',  ( 0.000000000000000000, 1.000000000000000000, 0.000000000000000000 ) ) ;
#3346 = ADVANCED_FACE ( 'NONE', ( #10463 ), #3547, .T. ) ;
#3347 = LINE ( 'NONE', #1245, #10576 ) ;
#3348 = CARTESIAN_POINT ( 'NONE',  ( 141.5879999999999939, 55.12149999999999750, 3.000000000000000000 ) ) ;
#3349 = LINE ( 'NONE', #7324, #4294 ) ;
#3350 = PLANE ( 'NONE',  #3059 ) ;
#3351 = CARTESIAN_POINT ( 'NONE',  ( 40.43149999999999977, 40.77190000000000225, 3.000000000000000000 ) ) ;
#3352 = ORIENTED_EDGE ( 'NONE', *, *, #2181, .F. ) ;
#3353 = ORIENTED_EDGE ( 'NONE', *, *, #2713, .T. ) ;
#3354 = EDGE_CURVE ( 'NONE', #7990, #9736, #11501, .T. ) ;
#3356 = ORIENTED_EDGE ( 'NONE', *, *, #588, .T. ) ;
#3355 = DIRECTION ( 'NONE',  ( -0.000000000000000000, -1.000000000000000000, -0.000000000000000000 ) ) ;
#3357 = FACE_OUTER_BOUND ( 'NONE', #10176, .T. ) ;
#3358 = VERTEX_POINT ( 'NONE', #2503 ) ;
#3359 = CARTESIAN_POINT ( 'NONE',  ( 159.4939999999999998, 126.4969999999999999, 0.000000000000000000 ) ) ;
#3360 = DIRECTION ( 'NONE',  ( -1.000000000000000000, 0.000000000000000000, 0.000000000000000000 ) ) ;
#3361 = LINE ( 'NONE', #10335, #3307 ) ;
#3362 = ADVANCED_FACE ( 'NONE', ( #12425 ), #3247, .T. ) ;
#3363 = DIRECTION ( 'NONE',  ( -1.000000000000000000, -0.000000000000000000, -0.000000000000000000 ) ) ;
#3364 = VECTOR ( 'NONE', #563, 1000.000000000000000 ) ;
#3365 = DIRECTION ( 'NONE',  ( -1.000000000000000000, 0.000000000000000000, 0.000000000000000000 ) ) ;
#3366 = ORIENTED_EDGE ( 'NONE', *, *, #11508, .F. ) ;
#3367 = EDGE_CURVE ( 'NONE', #5663, #5631, #9417, .T. ) ;
#3368 = EDGE_LOOP ( 'NONE', ( #10696, #11973, #6652, #10461 ) ) ;
#3369 = EDGE_LOOP ( 'NONE', ( #8177, #9763, #10872, #9960 ) ) ;
#3370 = DIRECTION ( 'NONE',  ( 1.000000000000000000, -0.000000000000000000, -0.000000000000000000 ) ) ;
#3371 = ORIENTED_EDGE ( 'NONE', *, *, #8834, .F. ) ;
#3372 = CARTESIAN_POINT ( 'NONE',  ( 45.48219999999999885, 40.77190000000000225, 3.000000000000000000 ) ) ;
#3373 = VECTOR ( 'NONE', #10125, 1000.000000000000000 ) ;
#3374 = DIRECTION ( 'NONE',  ( -0.000000000000000000, -0.000000000000000000, 1.000000000000000000 ) ) ;
#3375 = FACE_OUTER_BOUND ( 'NONE', #1528, .T. ) ;
#3376 = LINE ( 'NONE', #418, #5594 ) ;
#3377 = AXIS2_PLACEMENT_3D ( 'NONE', #1689, #10575, #7827 ) ;
#3378 = EDGE_CURVE ( 'NONE', #1607, #1863, #10159, .T. ) ;
#3380 = ORIENTED_EDGE ( 'NONE', *, *, #10508, .T. ) ;
#3379 = ORIENTED_EDGE ( 'NONE', *, *, #3833, .T. ) ;
#3381 = AXIS2_PLACEMENT_3D ( 'NONE', #948, #4878, #10817 ) ;
#3382 = EDGE_LOOP ( 'NONE', ( #5379, #2172, #6841, #7558 ) ) ;
#3383 = LINE ( 'NONE', #10357, #7191 ) ;
#3384 = ORIENTED_EDGE ( 'NONE', *, *, #9376, .T. ) ;
#3385 = VERTEX_POINT ( 'NONE', #10526 ) ;
#3386 = ORIENTED_EDGE ( 'NONE', *, *, #12735, .T. ) ;
#3387 = CARTESIAN_POINT ( 'NONE',  ( 126.1569999999999965, 59.82189999999999941, 0.000000000000000000 ) ) ;
#3388 = ADVANCED_FACE ( 'NONE', ( #9180 ), #5140, .T. ) ;
#3389 = DIRECTION ( 'NONE',  ( -0.000000000000000000, 0.000000000000000000, -1.000000000000000000 ) ) ;
#3390 = FACE_OUTER_BOUND ( 'NONE', #5199, .T. ) ;
#3391 = LINE ( 'NONE', #7428, #11706 ) ;
#3392 = CARTESIAN_POINT ( 'NONE',  ( 209.8830000000000098, 133.0209999999999866, 3.000000000000000000 ) ) ;
#3393 = DIRECTION ( 'NONE',  ( 1.000000000000000000, 0.000000000000000000, 0.000000000000000000 ) ) ;
#3394 = LINE ( 'NONE', #4380, #10339 ) ;
#3395 = ORIENTED_EDGE ( 'NONE', *, *, #12531, .T. ) ;
#3396 = CARTESIAN_POINT ( 'NONE',  ( 4.356929999999991310, 109.9710000000000036, 0.000000000000000000 ) ) ;
#3397 = EDGE_LOOP ( 'NONE', ( #3753, #7042, #2042, #7620 ) ) ;
#3398 = ORIENTED_EDGE ( 'NONE', *, *, #8654, .F. ) ;
#3399 = ORIENTED_EDGE ( 'NONE', *, *, #3457, .F. ) ;
#3400 = DIRECTION ( 'NONE',  ( -1.000000000000000000, -0.000000000000000000, -0.000000000000000000 ) ) ;
#3401 = EDGE_CURVE ( 'NONE', #605, #10070, #597, .T. ) ;
#3402 = PLANE ( 'NONE',  #4274 ) ;
#3403 = ADVANCED_FACE ( 'NONE', ( #11208 ), #11070, .T. ) ;
#3404 = VECTOR ( 'NONE', #6246, 1000.000000000000000 ) ;
#3405 = PLANE ( 'NONE',  #7156 ) ;
#3406 = CARTESIAN_POINT ( 'NONE',  ( 130.9190000000000111, 83.92270000000000607, 3.000000000000000000 ) ) ;
#3407 = DIRECTION ( 'NONE',  ( -1.000000000000000000, 0.000000000000000000, 0.000000000000000000 ) ) ;
#3408 = PLANE ( 'NONE',  #9911 ) ;
#3409 = CARTESIAN_POINT ( 'NONE',  ( 164.5449999999999875, 36.00939999999999941, 3.000000000000000000 ) ) ;
#3410 = DIRECTION ( 'NONE',  ( -1.000000000000000000, 0.000000000000000000, 0.000000000000000000 ) ) ;
#3411 = AXIS2_PLACEMENT_3D ( 'NONE', #9114, #10937, #11005 ) ;
#3412 = VERTEX_POINT ( 'NONE', #6483 ) ;
#3413 = EDGE_LOOP ( 'NONE', ( #11800, #8806, #2928, #685 ) ) ;
#3414 = EDGE_CURVE ( 'NONE', #11249, #2993, #1451, .T. ) ;
#3415 = DIRECTION ( 'NONE',  ( -0.000000000000000000, 1.000000000000000000, -0.000000000000000000 ) ) ;
#3416 = EDGE_CURVE ( 'NONE', #12047, #2438, #12110, .T. ) ;
#3418 = ORIENTED_EDGE ( 'NONE', *, *, #12316, .F. ) ;
#3417 = CARTESIAN_POINT ( 'NONE',  ( 187.8569299999999771, 131.5209999999999866, 0.000000000000000000 ) ) ;
#3419 = FACE_OUTER_BOUND ( 'NONE', #2801, .T. ) ;
#3420 = ORIENTED_EDGE ( 'NONE', *, *, #6162, .F. ) ;
#3421 = CARTESIAN_POINT ( 'NONE',  ( 157.1129999999999995, 45.82269999999999754, 3.000000000000000000 ) ) ;
#3422 = VECTOR ( 'NONE', #3210, 1000.000000000000000 ) ;
#3423 = PLANE ( 'NONE',  #3815 ) ;
#3424 = VECTOR ( 'NONE', #9627, 1000.000000000000000 ) ;
#3425 = CARTESIAN_POINT ( 'NONE',  ( 206.1330000000000098, 105.4340820000000178, 0.000000000000000000 ) ) ;
#3426 = DIRECTION ( 'NONE',  ( 1.000000000000000000, -0.000000000000000000, -0.000000000000000000 ) ) ;
#3427 = DIRECTION ( 'NONE',  ( 1.000000000000000000, 0.000000000000000000, 0.000000000000000000 ) ) ;
#3428 = ORIENTED_EDGE ( 'NONE', *, *, #3642, .F. ) ;
#3429 = AXIS2_PLACEMENT_3D ( 'NONE', #916, #4915, #1043 ) ;
#3430 = ORIENTED_EDGE ( 'NONE', *, *, #684, .F. ) ;
#3431 = AXIS2_PLACEMENT_3D ( 'NONE', #8162, #9397, #11240 ) ;
#3432 = VERTEX_POINT ( 'NONE', #7463 ) ;
#3433 = CARTESIAN_POINT ( 'NONE',  ( 121.3940000000000055, 64.87269999999999470, 0.000000000000000000 ) ) ;
#3434 = ORIENTED_EDGE ( 'NONE', *, *, #5175, .F. ) ;
#3435 = EDGE_CURVE ( 'NONE', #10630, #8641, #11444, .T. ) ;
#3436 = FACE_BOUND ( 'NONE', #2782, .T. ) ;
#3437 = AXIS2_PLACEMENT_3D ( 'NONE', #185, #9078, #12076 ) ;
#3438 = CARTESIAN_POINT ( 'NONE',  ( 21.66969999999999885, 83.92270000000000607, 0.000000000000000000 ) ) ;
#3439 = DIRECTION ( 'NONE',  ( -0.000000000000000000, -0.000000000000000000, 1.000000000000000000 ) ) ;
#3440 = EDGE_CURVE ( 'NONE', #10801, #933, #534, .T. ) ;
#3441 = CARTESIAN_POINT ( 'NONE',  ( 209.8830000000000098, -3.565917999999999477, 0.000000000000000000 ) ) ;
#3443 = ORIENTED_EDGE ( 'NONE', *, *, #4138, .T. ) ;
#3442 = VERTEX_POINT ( 'NONE', #11633 ) ;
#3444 = CIRCLE ( 'NONE', #12819, 0.9999999999999991118 ) ;
#3445 = EDGE_LOOP ( 'NONE', ( #12770, #12044, #3629, #12359 ) ) ;
#3446 = DIRECTION ( 'NONE',  ( 1.000000000000000000, 0.000000000000000000, 0.000000000000000000 ) ) ;
#3447 = ORIENTED_EDGE ( 'NONE', *, *, #6656, .F. ) ;
#3448 = ORIENTED_EDGE ( 'NONE', *, *, #2600, .F. ) ;
#3449 = CARTESIAN_POINT ( 'NONE',  ( 93.10720000000000596, 45.82269999999999754, 3.000000000000000000 ) ) ;
#3450 = DIRECTION ( 'NONE',  ( -0.000000000000000000, 1.000000000000000000, -0.000000000000000000 ) ) ;
#3451 = DIRECTION ( 'NONE',  ( 1.000000000000000000, 0.000000000000000000, 0.000000000000000000 ) ) ;
#3452 = CARTESIAN_POINT ( 'NONE',  ( 136.3940000000000055, 93.22150000000000603, 0.000000000000000000 ) ) ;
#3453 = EDGE_CURVE ( 'NONE', #1156, #7806, #7776, .T. ) ;
#3454 = AXIS2_PLACEMENT_3D ( 'NONE', #2316, #10147, #1326 ) ;
#3455 = DIRECTION ( 'NONE',  ( -1.000000000000000000, 0.000000000000000000, 0.000000000000000000 ) ) ;
#3456 = DIRECTION ( 'NONE',  ( 0.000000000000000000, 1.000000000000000000, -0.000000000000000000 ) ) ;
#3457 = EDGE_CURVE ( 'NONE', #3784, #11399, #7647, .T. ) ;
#3458 = DIRECTION ( 'NONE',  ( 1.000000000000000000, -0.000000000000000000, -0.000000000000000000 ) ) ;
#3459 = ORIENTED_EDGE ( 'NONE', *, *, #2261, .F. ) ;
#3460 = FACE_OUTER_BOUND ( 'NONE', #4668, .T. ) ;
#3461 = ORIENTED_EDGE ( 'NONE', *, *, #1673, .T. ) ;
#3462 = VECTOR ( 'NONE', #11365, 1000.000000000000000 ) ;
#3463 = ORIENTED_EDGE ( 'NONE', *, *, #8019, .F. ) ;
#3464 = ORIENTED_EDGE ( 'NONE', *, *, #3775, .F. ) ;
#3465 = ADVANCED_FACE ( 'NONE', ( #9608 ), #2630, .T. ) ;
#3466 = CARTESIAN_POINT ( 'NONE',  ( 126.4450000000000074, 78.87189999999999657, 3.000000000000000000 ) ) ;
#3467 = CARTESIAN_POINT ( 'NONE',  ( 137.2179999999999893, 96.45159999999999911, 3.000000000000000000 ) ) ;
#3468 = FACE_OUTER_BOUND ( 'NONE', #7542, .T. ) ;
#3469 = DIRECTION ( 'NONE',  ( 0.000000000000000000, -1.000000000000000000, 0.000000000000000000 ) ) ;
#3470 = VECTOR ( 'NONE', #9202, 1000.000000000000000 ) ;
#3471 = LINE ( 'NONE', #5240, #2267 ) ;
#3472 = DIRECTION ( 'NONE',  ( -0.000000000000000000, -0.000000000000000000, -1.000000000000000000 ) ) ;
#3473 = CARTESIAN_POINT ( 'NONE',  ( 136.5620000000000118, 46.05270000000000152, 0.000000000000000000 ) ) ;
#3474 = ADVANCED_FACE ( 'NONE', ( #1839 ), #3743, .T. ) ;
#3475 = CARTESIAN_POINT ( 'NONE',  ( 178.5440000000000111, 112.4980000000000047, 0.000000000000000000 ) ) ;
#3476 = DIRECTION ( 'NONE',  ( 0.000000000000000000, 0.000000000000000000, 1.000000000000000000 ) ) ;
#3477 = EDGE_LOOP ( 'NONE', ( #9909, #12539, #5779, #1891 ) ) ;
#3478 = ORIENTED_EDGE ( 'NONE', *, *, #7708, .F. ) ;
#3479 = CARTESIAN_POINT ( 'NONE',  ( 40.43149999999999977, 112.4980000000000047, 0.000000000000000000 ) ) ;
#3481 = ORIENTED_EDGE ( 'NONE', *, *, #3607, .F. ) ;
#3480 = LINE ( 'NONE', #2371, #8142 ) ;
#3482 = VECTOR ( 'NONE', #520, 1000.000000000000000 ) ;
#3483 = VECTOR ( 'NONE', #4671, 1000.000000000000000 ) ;
#3484 = CARTESIAN_POINT ( 'NONE',  ( 23.90692999999999913, 24.24100000000002098, 3.000000000000000000 ) ) ;
#3485 = EDGE_LOOP ( 'NONE', ( #5946, #10205, #9940, #2173 ) ) ;
#3486 = DIRECTION ( 'NONE',  ( -1.000000000000000000, -0.000000000000000000, -0.000000000000000000 ) ) ;
#3487 = LINE ( 'NONE', #1386, #10986 ) ;
#3488 = CARTESIAN_POINT ( 'NONE',  ( 139.8630000000000280, 59.27230000000000132, 3.000000000000000000 ) ) ;
#3489 = EDGE_CURVE ( 'NONE', #10569, #10228, #8828, .T. ) ;
#3490 = AXIS2_PLACEMENT_3D ( 'NONE', #5714, #8775, #8712 ) ;
#3491 = DIRECTION ( 'NONE',  ( 0.000000000000000000, 0.000000000000000000, -1.000000000000000000 ) ) ;
#3492 = DIRECTION ( 'NONE',  ( 1.000000000000000000, 0.000000000000000000, 0.000000000000000000 ) ) ;
#3493 = VECTOR ( 'NONE', #3212, 1000.000000000000000 ) ;
#3494 = DIRECTION ( 'NONE',  ( 1.000000000000000000, 0.000000000000000000, 0.000000000000000000 ) ) ;
#3495 = ORIENTED_EDGE ( 'NONE', *, *, #9674, .F. ) ;
#3496 = ORIENTED_EDGE ( 'NONE', *, *, #2691, .F. ) ;
#3497 = VECTOR ( 'NONE', #5478, 1000.000000000000000 ) ;
#3498 = VECTOR ( 'NONE', #4353, 1000.000000000000000 ) ;
#3499 = DIRECTION ( 'NONE',  ( 1.000000000000000000, -0.000000000000000000, -0.000000000000000000 ) ) ;
#3500 = ORIENTED_EDGE ( 'NONE', *, *, #433, .T. ) ;
#3501 = FACE_OUTER_BOUND ( 'NONE', #4460, .T. ) ;
#3502 = AXIS2_PLACEMENT_3D ( 'NONE', #11013, #6056, #7160 ) ;
#3503 = CARTESIAN_POINT ( 'NONE',  ( 7.856929999999980652, 131.5209999999999866, 0.000000000000000000 ) ) ;
#3504 = PLANE ( 'NONE',  #8620 ) ;
#3505 = EDGE_CURVE ( 'NONE', #7495, #1832, #4852, .T. ) ;
#3506 = DIRECTION ( 'NONE',  ( 0.000000000000000000, 0.000000000000000000, -1.000000000000000000 ) ) ;
#3508 = ORIENTED_EDGE ( 'NONE', *, *, #7129, .F. ) ;
#3507 = ORIENTED_EDGE ( 'NONE', *, *, #8639, .T. ) ;
#3509 = VERTEX_POINT ( 'NONE', #11762 ) ;
#3510 = DIRECTION ( 'NONE',  ( 0.000000000000000000, 1.000000000000000000, 0.000000000000000000 ) ) ;
#3511 = ORIENTED_EDGE ( 'NONE', *, *, #5392, .F. ) ;
#3512 = EDGE_CURVE ( 'NONE', #5408, #2416, #4653, .T. ) ;
#3513 = ORIENTED_EDGE ( 'NONE', *, *, #10213, .T. ) ;
#3514 = LINE ( 'NONE', #6580, #5957 ) ;
#3515 = VECTOR ( 'NONE', #11954, 1000.000000000000000 ) ;
#3516 = LINE ( 'NONE', #2663, #2950 ) ;
#3517 = DIRECTION ( 'NONE',  ( 0.000000000000000000, 0.000000000000000000, 1.000000000000000000 ) ) ;
#3518 = CARTESIAN_POINT ( 'NONE',  ( 207.3830000000000098, 105.4340820000000178, 0.000000000000000000 ) ) ;
#3519 = VECTOR ( 'NONE', #6018, 1000.000000000000000 ) ;
#3520 = DIRECTION ( 'NONE',  ( 0.000000000000000000, 1.000000000000000000, 0.000000000000000000 ) ) ;
#3521 = EDGE_CURVE ( 'NONE', #5901, #11293, #6872, .T. ) ;
#3522 = LINE ( 'NONE', #8350, #2629 ) ;
#3523 = EDGE_LOOP ( 'NONE', ( #2023, #11357, #5825, #5106 ) ) ;
#3524 = FACE_OUTER_BOUND ( 'NONE', #7676, .T. ) ;
#3525 = ORIENTED_EDGE ( 'NONE', *, *, #9168, .F. ) ;
#3526 = VERTEX_POINT ( 'NONE', #2826 ) ;
#3527 = EDGE_LOOP ( 'NONE', ( #11656, #5539, #12103, #6751 ) ) ;
#3528 = EDGE_CURVE ( 'NONE', #11187, #12399, #10720, .T. ) ;
#3529 = CARTESIAN_POINT ( 'NONE',  ( 107.1070000000000135, 59.82189999999999941, 3.000000000000000000 ) ) ;
#3530 = CARTESIAN_POINT ( 'NONE',  ( 145.4950000000000045, 16.95949999999999847, 3.000000000000000000 ) ) ;
#3531 = CARTESIAN_POINT ( 'NONE',  ( 78.81969999999999743, 97.92189999999999372, 0.000000000000000000 ) ) ;
#3532 = DIRECTION ( 'NONE',  ( -0.000000000000000000, -0.000000000000000000, -1.000000000000000000 ) ) ;
#3533 = LINE ( 'NONE', #11678, #12273 ) ;
#3534 = DIRECTION ( 'NONE',  ( -1.000000000000000000, 0.000000000000000000, 0.000000000000000000 ) ) ;
#3535 = CARTESIAN_POINT ( 'NONE',  ( 23.90692999999999557, 43.29100000000001813, 3.000000000000000000 ) ) ;
#3536 = VERTEX_POINT ( 'NONE', #8695 ) ;
#3537 = CARTESIAN_POINT ( 'NONE',  ( 54.12530000000000285, 7.952670000000000350, 3.000000000000000000 ) ) ;
#3538 = EDGE_LOOP ( 'NONE', ( #4691, #4185, #4767, #8374 ) ) ;
#3539 = EDGE_CURVE ( 'NONE', #5865, #2247, #10787, .T. ) ;
#3540 = EDGE_LOOP ( 'NONE', ( #317, #11260, #173, #3900 ) ) ;
#3541 = CARTESIAN_POINT ( 'NONE',  ( 14.88192999999999699, 43.79100000000002524, 0.000000000000000000 ) ) ;
#3543 = ORIENTED_EDGE ( 'NONE', *, *, #11524, .T. ) ;
#3542 = LINE ( 'NONE', #6542, #5412 ) ;
#3544 = CARTESIAN_POINT ( 'NONE',  ( 49.10099999999999909, 17.02149999999999963, 3.000000000000000000 ) ) ;
#3545 = ORIENTED_EDGE ( 'NONE', *, *, #2963, .T. ) ;
#3546 = ADVANCED_FACE ( 'NONE', ( #12741 ), #6614, .T. ) ;
#3547 = PLANE ( 'NONE',  #638 ) ;
#3548 = CARTESIAN_POINT ( 'NONE',  ( 40.71970000000000312, 97.92189999999999372, 0.000000000000000000 ) ) ;
#3549 = CARTESIAN_POINT ( 'NONE',  ( 185.9759999999999991, 126.4969999999999999, 3.000000000000000000 ) ) ;
#3550 = DIRECTION ( 'NONE',  ( -0.000000000000000000, 1.000000000000000000, -0.000000000000000000 ) ) ;
#3551 = PLANE ( 'NONE',  #7448 ) ;
#3552 = LINE ( 'NONE', #8451, #9278 ) ;
#3553 = ORIENTED_EDGE ( 'NONE', *, *, #10297, .T. ) ;
#3554 = EDGE_LOOP ( 'NONE', ( #8405, #7721, #8573, #10614 ) ) ;
#3555 = DIRECTION ( 'NONE',  ( -0.000000000000000000, -0.000000000000000000, -1.000000000000000000 ) ) ;
#3556 = ORIENTED_EDGE ( 'NONE', *, *, #6239, .F. ) ;
#3557 = EDGE_CURVE ( 'NONE', #7968, #10629, #12679, .T. ) ;
#3558 = FACE_BOUND ( 'NONE', #12721, .T. ) ;
#3559 = EDGE_CURVE ( 'NONE', #4718, #4810, #12546, .T. ) ;
#3560 = EDGE_CURVE ( 'NONE', #104, #9110, #1646, .T. ) ;
#3561 = CARTESIAN_POINT ( 'NONE',  ( 50.82469999999999999, 6.972859999999999836, 3.000000000000000000 ) ) ;
#3562 = DIRECTION ( 'NONE',  ( -0.000000000000000000, -0.000000000000000000, 1.000000000000000000 ) ) ;
#3563 = DIRECTION ( 'NONE',  ( 0.000000000000000000, 1.000000000000000000, -0.000000000000000000 ) ) ;
#3565 = VERTEX_POINT ( 'NONE', #4720 ) ;
#3564 = ORIENTED_EDGE ( 'NONE', *, *, #2655, .F. ) ;
#3566 = VERTEX_POINT ( 'NONE', #7714 ) ;
#3567 = LINE ( 'NONE', #8589, #515 ) ;
#3568 = ORIENTED_EDGE ( 'NONE', *, *, #9795, .F. ) ;
#3569 = EDGE_CURVE ( 'NONE', #6832, #1892, #6741, .T. ) ;
#3570 = ADVANCED_FACE ( 'NONE', ( #3807 ), #3606, .T. ) ;
#3571 = ORIENTED_EDGE ( 'NONE', *, *, #12075, .F. ) ;
#3572 = AXIS2_PLACEMENT_3D ( 'NONE', #2860, #10941, #4954 ) ;
#3573 = LINE ( 'NONE', #7546, #10325 ) ;
#3574 = CARTESIAN_POINT ( 'NONE',  ( 161.0180000000000007, 84.15269999999999584, 0.000000000000000000 ) ) ;
#3575 = DIRECTION ( 'NONE',  ( 1.000000000000000000, -3.642463991552349972E-16, 0.000000000000000000 ) ) ;
#3576 = LINE ( 'NONE', #5804, #2129 ) ;
#3577 = EDGE_CURVE ( 'NONE', #2291, #6064, #920, .T. ) ;
#3578 = CARTESIAN_POINT ( 'NONE',  ( 136.5620000000000118, 59.27230000000000132, 3.000000000000000000 ) ) ;
#3579 = VECTOR ( 'NONE', #7458, 1000.000000000000000 ) ;
#3580 = CARTESIAN_POINT ( 'NONE',  ( 178.5440000000000111, 126.4969999999999999, 0.000000000000000000 ) ) ;
#3581 = ORIENTED_EDGE ( 'NONE', *, *, #12496, .T. ) ;
#3582 = FACE_OUTER_BOUND ( 'NONE', #7288, .T. ) ;
#3583 = ORIENTED_EDGE ( 'NONE', *, *, #9261, .T. ) ;
#3584 = VECTOR ( 'NONE', #8944, 1000.000000000000000 ) ;
#3585 = ORIENTED_EDGE ( 'NONE', *, *, #6177, .T. ) ;
#3586 = ORIENTED_EDGE ( 'NONE', *, *, #5108, .F. ) ;
#3587 = CARTESIAN_POINT ( 'NONE',  ( 23.90692999999999557, 43.29100000000001813, 3.000000000000000000 ) ) ;
#3588 = LINE ( 'NONE', #580, #10512 ) ;
#3589 = EDGE_CURVE ( 'NONE', #4697, #12296, #1964, .T. ) ;
#3590 = LINE ( 'NONE', #2611, #5048 ) ;
#3591 = FACE_OUTER_BOUND ( 'NONE', #6197, .T. ) ;
#3592 = ADVANCED_FACE ( 'NONE', ( #10061 ), #6931, .T. ) ;
#3593 = DIRECTION ( 'NONE',  ( 0.000000000000000000, 0.000000000000000000, -1.000000000000000000 ) ) ;
#3594 = CARTESIAN_POINT ( 'NONE',  ( 163.6630000000000109, 45.07159999999999656, 0.000000000000000000 ) ) ;
#3595 = LINE ( 'NONE', #5630, #8489 ) ;
#3596 = VERTEX_POINT ( 'NONE', #10910 ) ;
#3597 = CARTESIAN_POINT ( 'NONE',  ( 16.61919999999999931, 83.92270000000000607, 3.000000000000000000 ) ) ;
#3598 = ORIENTED_EDGE ( 'NONE', *, *, #8146, .T. ) ;
#3599 = ORIENTED_EDGE ( 'NONE', *, *, #4245, .F. ) ;
#3600 = CARTESIAN_POINT ( 'NONE',  ( 185.9759999999999991, 126.4969999999999999, 3.000000000000000000 ) ) ;
#3601 = VECTOR ( 'NONE', #10210, 1000.000000000000000 ) ;
#3602 = CARTESIAN_POINT ( 'NONE',  ( 142.2439999999999998, 97.37229999999999563, 3.000000000000000000 ) ) ;
#3603 = DIRECTION ( 'NONE',  ( 0.000000000000000000, 1.000000000000000000, 0.000000000000000000 ) ) ;
#3604 = ORIENTED_EDGE ( 'NONE', *, *, #1858, .F. ) ;
#3605 = VECTOR ( 'NONE', #3817, 1000.000000000000000 ) ;
#3606 = PLANE ( 'NONE',  #10037 ) ;
#3607 = EDGE_CURVE ( 'NONE', #1459, #1623, #9999, .T. ) ;
#3608 = CARTESIAN_POINT ( 'NONE',  ( 35.66899999999999693, 83.92270000000000607, 0.000000000000000000 ) ) ;
#3609 = LINE ( 'NONE', #3675, #5275 ) ;
#3610 = EDGE_CURVE ( 'NONE', #3015, #2307, #192, .T. ) ;
#3611 = LINE ( 'NONE', #2633, #5380 ) ;
#3612 = AXIS2_PLACEMENT_3D ( 'NONE', #8282, #10364, #10558 ) ;
#3613 = PLANE ( 'NONE',  #4706 ) ;
#3614 = PLANE ( 'NONE',  #565 ) ;
#3615 = FACE_OUTER_BOUND ( 'NONE', #4843, .T. ) ;
#3616 = ADVANCED_FACE ( 'NONE', ( #2096 ), #9020, .T. ) ;
#3617 = ORIENTED_EDGE ( 'NONE', *, *, #3669, .F. ) ;
#3619 = EDGE_LOOP ( 'NONE', ( #12105, #5915, #7514, #10230 ) ) ;
#3618 = ORIENTED_EDGE ( 'NONE', *, *, #7615, .F. ) ;
#3620 = CARTESIAN_POINT ( 'NONE',  ( 25.30079999999999885, 7.952670000000000350, 0.000000000000000000 ) ) ;
#3621 = ORIENTED_EDGE ( 'NONE', *, *, #1269, .T. ) ;
#3622 = EDGE_CURVE ( 'NONE', #10841, #4892, #5111, .T. ) ;
#3623 = FACE_BOUND ( 'NONE', #10134, .T. ) ;
#3624 = VECTOR ( 'NONE', #2911, 1000.000000000000000 ) ;
#3625 = LINE ( 'NONE', #10807, #7238 ) ;
#3626 = CARTESIAN_POINT ( 'NONE',  ( 23.40692999999999913, 24.24100000000002098, 0.000000000000000000 ) ) ;
#3627 = DIRECTION ( 'NONE',  ( -0.000000000000000000, 1.000000000000000000, -0.000000000000000000 ) ) ;
#3628 = CIRCLE ( 'NONE', #7582, 0.5000000000000000000 ) ;
#3630 = ORIENTED_EDGE ( 'NONE', *, *, #7975, .F. ) ;
#3629 = ORIENTED_EDGE ( 'NONE', *, *, #12714, .T. ) ;
#3631 = EDGE_CURVE ( 'NONE', #1683, #10290, #6085, .T. ) ;
#3632 = EDGE_CURVE ( 'NONE', #3949, #9810, #8895, .T. ) ;
#3633 = ORIENTED_EDGE ( 'NONE', *, *, #10012, .T. ) ;
#3634 = LINE ( 'NONE', #7805, #7815 ) ;
#3635 = VERTEX_POINT ( 'NONE', #987 ) ;
#3636 = AXIS2_PLACEMENT_3D ( 'NONE', #7252, #11354, #2480 ) ;
#3637 = ORIENTED_EDGE ( 'NONE', *, *, #9161, .T. ) ;
#3638 = DIRECTION ( 'NONE',  ( -0.000000000000000000, -1.000000000000000000, -0.000000000000000000 ) ) ;
#3639 = PLANE ( 'NONE',  #2315 ) ;
#3640 = CARTESIAN_POINT ( 'NONE',  ( 126.4450000000000074, 64.87269999999999470, 0.000000000000000000 ) ) ;
#3641 = PLANE ( 'NONE',  #9424 ) ;
#3642 = EDGE_CURVE ( 'NONE', #1460, #7300, #6997, .T. ) ;
#3643 = DIRECTION ( 'NONE',  ( -1.000000000000000000, 0.000000000000000000, 0.000000000000000000 ) ) ;
#3644 = AXIS2_PLACEMENT_3D ( 'NONE', #2732, #1681, #5676 ) ;
#3645 = ORIENTED_EDGE ( 'NONE', *, *, #7923, .T. ) ;
#3646 = ORIENTED_EDGE ( 'NONE', *, *, #12202, .T. ) ;
#3647 = DIRECTION ( 'NONE',  ( 1.000000000000000000, 0.000000000000000000, 0.000000000000000000 ) ) ;
#3648 = ORIENTED_EDGE ( 'NONE', *, *, #4640, .F. ) ;
#3649 = ORIENTED_EDGE ( 'NONE', *, *, #21, .T. ) ;
#3650 = ORIENTED_EDGE ( 'NONE', *, *, #4235, .F. ) ;
#3651 = CARTESIAN_POINT ( 'NONE',  ( 116.6320000000000192, 126.4969999999999999, 0.000000000000000000 ) ) ;
#3652 = EDGE_CURVE ( 'NONE', #6643, #10749, #7969, .T. ) ;
#3653 = CARTESIAN_POINT ( 'NONE',  ( 139.8630000000000280, 58.35159999999999769, 3.000000000000000000 ) ) ;
#3654 = AXIS2_PLACEMENT_3D ( 'NONE', #9558, #11507, #408 ) ;
#3655 = CARTESIAN_POINT ( 'NONE',  ( 83.58220000000000027, 26.77250000000000085, 0.000000000000000000 ) ) ;
#3656 = CARTESIAN_POINT ( 'NONE',  ( 188.3569999999999993, 97.92189999999999372, 0.000000000000000000 ) ) ;
#3657 = VECTOR ( 'NONE', #5471, 1000.000000000000000 ) ;
#3658 = CARTESIAN_POINT ( 'NONE',  ( 136.5620000000000118, 58.35159999999999769, 3.000000000000000000 ) ) ;
#3659 = AXIS2_PLACEMENT_3D ( 'NONE', #6408, #5429, #10513 ) ;
#3660 = CARTESIAN_POINT ( 'NONE',  ( 159.5449999999999875, 102.9218999999999937, 0.000000000000000000 ) ) ;
#3661 = CARTESIAN_POINT ( 'NONE',  ( 188.3569999999999993, 40.77190000000000225, 3.000000000000000000 ) ) ;
#3662 = VERTEX_POINT ( 'NONE', #7063 ) ;
#3663 = CARTESIAN_POINT ( 'NONE',  ( 143.9689999999999941, 88.62170000000001835, 0.000000000000000000 ) ) ;
#3664 = EDGE_LOOP ( 'NONE', ( #7937, #12798, #5659, #9907 ) ) ;
#3665 = ORIENTED_EDGE ( 'NONE', *, *, #12238, .T. ) ;
#3666 = VERTEX_POINT ( 'NONE', #129 ) ;
#3667 = CARTESIAN_POINT ( 'NONE',  ( 19.38192999999999699, 102.9218999999999937, 3.000000000000000000 ) ) ;
#3668 = CARTESIAN_POINT ( 'NONE',  ( 40.43149999999999977, 26.77250000000000085, 3.000000000000000000 ) ) ;
#3669 = EDGE_CURVE ( 'NONE', #8368, #4015, #8957, .T. ) ;
#3670 = DIRECTION ( 'NONE',  ( 1.000000000000000000, -0.000000000000000000, -0.000000000000000000 ) ) ;
#3671 = VERTEX_POINT ( 'NONE', #11106 ) ;
#3672 = AXIS2_PLACEMENT_3D ( 'NONE', #4246, #243, #12334 ) ;
#3673 = DIRECTION ( 'NONE',  ( -1.000000000000000000, 0.000000000000000000, 0.000000000000000000 ) ) ;
#3674 = CYLINDRICAL_SURFACE ( 'NONE', #11402, 1.250000000000001110 ) ;
#3675 = CARTESIAN_POINT ( 'NONE',  ( 45.19400000000000261, 78.87189999999999657, 3.000000000000000000 ) ) ;
#3676 = DIRECTION ( 'NONE',  ( 0.000000000000000000, 1.000000000000000000, 0.000000000000000000 ) ) ;
#3677 = CARTESIAN_POINT ( 'NONE',  ( 88.05649999999999977, 45.82269999999999754, 3.000000000000000000 ) ) ;
#3678 = CARTESIAN_POINT ( 'NONE',  ( 166.0440000000000111, 84.15269999999999584, 3.000000000000000000 ) ) ;
#3679 = EDGE_CURVE ( 'NONE', #667, #11397, #7125, .T. ) ;
#3680 = CARTESIAN_POINT ( 'NONE',  ( 45.48219999999999885, 112.4980000000000047, 0.000000000000000000 ) ) ;
#3681 = VECTOR ( 'NONE', #3152, 1000.000000000000000 ) ;
#3682 = ORIENTED_EDGE ( 'NONE', *, *, #8876, .T. ) ;
#3683 = VECTOR ( 'NONE', #1196, 1000.000000000000000 ) ;
#3685 = VERTEX_POINT ( 'NONE', #12939 ) ;
#3684 = ORIENTED_EDGE ( 'NONE', *, *, #8747, .T. ) ;
#3686 = FACE_BOUND ( 'NONE', #6604, .T. ) ;
#3687 = ORIENTED_EDGE ( 'NONE', *, *, #4881, .F. ) ;
#3688 = FACE_BOUND ( 'NONE', #2044, .T. ) ;
#3689 = CARTESIAN_POINT ( 'NONE',  ( 143.9689999999999941, 93.22150000000000603, 0.000000000000000000 ) ) ;
#3690 = VECTOR ( 'NONE', #1007, 1000.000000000000000 ) ;
#3691 = CARTESIAN_POINT ( 'NONE',  ( 31.19470000000000098, 64.87269999999999470, 3.000000000000000000 ) ) ;
#3692 = VECTOR ( 'NONE', #1436, 1000.000000000000000 ) ;
#3693 = CARTESIAN_POINT ( 'NONE',  ( 161.0180000000000007, 93.22150000000000603, 0.000000000000000000 ) ) ;
#3694 = CARTESIAN_POINT ( 'NONE',  ( 188.3569999999999993, 64.87269999999999470, 0.000000000000000000 ) ) ;
#3695 = ADVANCED_FACE ( 'NONE', ( #4001 ), #11041, .T. ) ;
#3696 = VECTOR ( 'NONE', #10493, 1000.000000000000000 ) ;
#3698 = ORIENTED_EDGE ( 'NONE', *, *, #4209, .T. ) ;
#3697 = ORIENTED_EDGE ( 'NONE', *, *, #11508, .T. ) ;
#3699 = AXIS2_PLACEMENT_3D ( 'NONE', #7154, #9116, #160 ) ;
#3700 = ORIENTED_EDGE ( 'NONE', *, *, #2957, .F. ) ;
#3701 = CARTESIAN_POINT ( 'NONE',  ( 95.48710000000001230, 21.72200000000000131, 0.000000000000000000 ) ) ;
#3702 = ORIENTED_EDGE ( 'NONE', *, *, #9149, .F. ) ;
#3703 = EDGE_CURVE ( 'NONE', #8482, #7679, #2162, .T. ) ;
#3704 = VECTOR ( 'NONE', #12831, 1000.000000000000000 ) ;
#3705 = ORIENTED_EDGE ( 'NONE', *, *, #10226, .F. ) ;
#3706 = DIRECTION ( 'NONE',  ( -0.000000000000000000, -0.000000000000000000, -1.000000000000000000 ) ) ;
#3707 = DIRECTION ( 'NONE',  ( -0.000000000000000000, -0.000000000000000000, 1.000000000000000000 ) ) ;
#3708 = LINE ( 'NONE', #6708, #260 ) ;
#3709 = VECTOR ( 'NONE', #5385, 1000.000000000000000 ) ;
#3710 = EDGE_CURVE ( 'NONE', #12694, #3565, #8164, .T. ) ;
#3711 = DIRECTION ( 'NONE',  ( 0.000000000000000000, 0.000000000000000000, -1.000000000000000000 ) ) ;
#3712 = EDGE_CURVE ( 'NONE', #7592, #11187, #7193, .T. ) ;
#3713 = VECTOR ( 'NONE', #3761, 1000.000000000000000 ) ;
#3714 = LINE ( 'NONE', #3578, #2021 ) ;
#3715 = ORIENTED_EDGE ( 'NONE', *, *, #2090, .F. ) ;
#3716 = ORIENTED_EDGE ( 'NONE', *, *, #7981, .F. ) ;
#3717 = CARTESIAN_POINT ( 'NONE',  ( 142.2439999999999998, 96.45159999999999911, 0.000000000000000000 ) ) ;
#3718 = AXIS2_PLACEMENT_3D ( 'NONE', #11746, #7505, #10896 ) ;
#3719 = ORIENTED_EDGE ( 'NONE', *, *, #2901, .T. ) ;
#3720 = ORIENTED_EDGE ( 'NONE', *, *, #1163, .F. ) ;
#3721 = ORIENTED_EDGE ( 'NONE', *, *, #952, .F. ) ;
#3722 = PLANE ( 'NONE',  #1469 ) ;
#3723 = CARTESIAN_POINT ( 'NONE',  ( 160.3619999999999948, 59.27230000000000132, 3.000000000000000000 ) ) ;
#3724 = EDGE_CURVE ( 'NONE', #10374, #5663, #6220, .T. ) ;
#3725 = CARTESIAN_POINT ( 'NONE',  ( 197.5939999999999941, 16.95949999999999847, 3.000000000000000000 ) ) ;
#3726 = ADVANCED_FACE ( 'NONE', ( #4388 ), #11300, .T. ) ;
#3727 = CARTESIAN_POINT ( 'NONE',  ( 145.4950000000000045, 2.960030000000000161, 0.000000000000000000 ) ) ;
#3728 = VECTOR ( 'NONE', #3269, 1000.000000000000000 ) ;
#3729 = CARTESIAN_POINT ( 'NONE',  ( 54.12530000000000285, 6.972859999999999836, 0.000000000000000000 ) ) ;
#3730 = AXIS2_PLACEMENT_3D ( 'NONE', #2212, #7105, #301 ) ;
#3731 = CARTESIAN_POINT ( 'NONE',  ( 64.53220000000000312, 40.77190000000000225, 3.000000000000000000 ) ) ;
#3732 = DIRECTION ( 'NONE',  ( -0.000000000000000000, 0.000000000000000000, -1.000000000000000000 ) ) ;
#3733 = VERTEX_POINT ( 'NONE', #1305 ) ;
#3734 = CARTESIAN_POINT ( 'NONE',  ( 150.2570000000000050, 64.87269999999999470, 3.000000000000000000 ) ) ;
#3735 = ORIENTED_EDGE ( 'NONE', *, *, #9387, .T. ) ;
#3736 = ORIENTED_EDGE ( 'NONE', *, *, #11535, .F. ) ;
#3737 = VERTEX_POINT ( 'NONE', #10315 ) ;
#3738 = DIRECTION ( 'NONE',  ( -0.000000000000000000, -0.000000000000000000, -1.000000000000000000 ) ) ;
#3739 = CARTESIAN_POINT ( 'NONE',  ( 13.88192999999999344, 62.34100000000002240, 3.000000000000000000 ) ) ;
#3740 = EDGE_CURVE ( 'NONE', #4273, #1364, #10255, .T. ) ;
#3741 = FACE_OUTER_BOUND ( 'NONE', #8188, .T. ) ;
#3742 = ORIENTED_EDGE ( 'NONE', *, *, #12856, .F. ) ;
#3743 = PLANE ( 'NONE',  #2114 ) ;
#3744 = VECTOR ( 'NONE', #8624, 1000.000000000000000 ) ;
#3745 = CARTESIAN_POINT ( 'NONE',  ( 16.61919999999999931, 83.92270000000000607, 0.000000000000000000 ) ) ;
#3746 = CARTESIAN_POINT ( 'NONE',  ( 17.38192999999999699, -2.065918000000003474, 3.000000000000000000 ) ) ;
#3747 = DIRECTION ( 'NONE',  ( -1.000000000000000000, 0.000000000000000000, 0.000000000000000000 ) ) ;
#3748 = CARTESIAN_POINT ( 'NONE',  ( 59.48149999999999693, 40.77190000000000225, 3.000000000000000000 ) ) ;
#3749 = CARTESIAN_POINT ( 'NONE',  ( 130.9190000000000111, 97.92189999999999372, 0.000000000000000000 ) ) ;
#3750 = ADVANCED_FACE ( 'NONE', ( #2297 ), #448, .T. ) ;
#3751 = CARTESIAN_POINT ( 'NONE',  ( 163.6630000000000109, 45.07159999999999656, 3.000000000000000000 ) ) ;
#3752 = ORIENTED_EDGE ( 'NONE', *, *, #12795, .F. ) ;
#3754 = ORIENTED_EDGE ( 'NONE', *, *, #3857, .T. ) ;
#3753 = ORIENTED_EDGE ( 'NONE', *, *, #11092, .F. ) ;
#3755 = CARTESIAN_POINT ( 'NONE',  ( 9.618929999999991765, 80.89100000000001955, 3.000000000000000000 ) ) ;
#3756 = EDGE_LOOP ( 'NONE', ( #5278, #7216, #979, #4934 ) ) ;
#3757 = FACE_BOUND ( 'NONE', #1941, .T. ) ;
#3758 = EDGE_CURVE ( 'NONE', #1330, #2994, #2486, .T. ) ;
#3759 = CARTESIAN_POINT ( 'NONE',  ( 143.1119999999999948, 55.12149999999999750, 3.000000000000000000 ) ) ;
#3760 = DIRECTION ( 'NONE',  ( -0.000000000000000000, -0.000000000000000000, 1.000000000000000000 ) ) ;
#3761 = DIRECTION ( 'NONE',  ( -1.000000000000000000, -0.000000000000000000, -0.000000000000000000 ) ) ;
#3762 = LINE ( 'NONE', #9691, #10349 ) ;
#3763 = EDGE_CURVE ( 'NONE', #1639, #5870, #3826, .T. ) ;
#3765 = ORIENTED_EDGE ( 'NONE', *, *, #4126, .F. ) ;
#3764 = VERTEX_POINT ( 'NONE', #6280 ) ;
#3766 = ORIENTED_EDGE ( 'NONE', *, *, #2165, .F. ) ;
#3767 = DIRECTION ( 'NONE',  ( -0.000000000000000000, -0.000000000000000000, -1.000000000000000000 ) ) ;
#3768 = ORIENTED_EDGE ( 'NONE', *, *, #10690, .T. ) ;
#3769 = VERTEX_POINT ( 'NONE', #12406 ) ;
#3770 = DIRECTION ( 'NONE',  ( -0.000000000000000000, -0.000000000000000000, 1.000000000000000000 ) ) ;
#3771 = VECTOR ( 'NONE', #2626, 1000.000000000000000 ) ;
#3772 = CARTESIAN_POINT ( 'NONE',  ( 17.38192999999999699, -2.065918000000003474, 0.000000000000000000 ) ) ;
#3773 = DIRECTION ( 'NONE',  ( 0.000000000000000000, 0.000000000000000000, -1.000000000000000000 ) ) ;
#3774 = CARTESIAN_POINT ( 'NONE',  ( 31.19470000000000098, 78.87189999999999657, 3.000000000000000000 ) ) ;
#3775 = EDGE_CURVE ( 'NONE', #5260, #5693, #9341, .T. ) ;
#3776 = VECTOR ( 'NONE', #12789, 1000.000000000000000 ) ;
#3777 = CARTESIAN_POINT ( 'NONE',  ( 7.856929999999980652, 131.5209999999999866, 0.000000000000000000 ) ) ;
#3778 = EDGE_LOOP ( 'NONE', ( #5824, #1923, #7900, #1224 ) ) ;
#3779 = ORIENTED_EDGE ( 'NONE', *, *, #4938, .F. ) ;
#3780 = VECTOR ( 'NONE', #10236, 1000.000000000000000 ) ;
#3781 = FACE_OUTER_BOUND ( 'NONE', #3192, .T. ) ;
#3782 = ORIENTED_EDGE ( 'NONE', *, *, #8130, .T. ) ;
#3783 = EDGE_CURVE ( 'NONE', #7354, #11802, #11483, .T. ) ;
#3784 = VERTEX_POINT ( 'NONE', #10443 ) ;
#3785 = ORIENTED_EDGE ( 'NONE', *, *, #1697, .T. ) ;
#3786 = ORIENTED_EDGE ( 'NONE', *, *, #9136, .F. ) ;
#3787 = ADVANCED_FACE ( 'NONE', ( #3468 ), #5491, .T. ) ;
#3788 = CARTESIAN_POINT ( 'NONE',  ( 88.05649999999999977, 59.82189999999999941, 3.000000000000000000 ) ) ;
#3789 = DIRECTION ( 'NONE',  ( -0.000000000000000000, -0.000000000000000000, -1.000000000000000000 ) ) ;
#3790 = FACE_OUTER_BOUND ( 'NONE', #6477, .T. ) ;
#3791 = VECTOR ( 'NONE', #5509, 1000.000000000000000 ) ;
#3792 = PLANE ( 'NONE',  #4987 ) ;
#3793 = DIRECTION ( 'NONE',  ( 0.000000000000000000, 0.000000000000000000, 1.000000000000000000 ) ) ;
#3794 = DIRECTION ( 'NONE',  ( 1.000000000000000000, 0.000000000000000000, 0.000000000000000000 ) ) ;
#3795 = VERTEX_POINT ( 'NONE', #3531 ) ;
#3796 = CARTESIAN_POINT ( 'NONE',  ( 30.32509999999999906, 21.17220000000000368, 3.000000000000000000 ) ) ;
#3797 = VERTEX_POINT ( 'NONE', #4323 ) ;
#3798 = VERTEX_POINT ( 'NONE', #6342 ) ;
#3799 = ORIENTED_EDGE ( 'NONE', *, *, #5692, .F. ) ;
#3800 = EDGE_CURVE ( 'NONE', #7837, #12599, #1244, .T. ) ;
#3801 = EDGE_CURVE ( 'NONE', #5997, #2317, #11241, .T. ) ;
#3802 = VECTOR ( 'NONE', #1574, 1000.000000000000000 ) ;
#3803 = CARTESIAN_POINT ( 'NONE',  ( 55.00719999999999743, 59.82189999999999941, 3.000000000000000000 ) ) ;
#3804 = CARTESIAN_POINT ( 'NONE',  ( 202.3569999999999993, 45.82269999999999754, 3.000000000000000000 ) ) ;
#3805 = ORIENTED_EDGE ( 'NONE', *, *, #989, .T. ) ;
#3806 = VECTOR ( 'NONE', #12777, 1000.000000000000000 ) ;
#3807 = FACE_OUTER_BOUND ( 'NONE', #5405, .T. ) ;
#3808 = LINE ( 'NONE', #5767, #8691 ) ;
#3809 = PLANE ( 'NONE',  #8184 ) ;
#3810 = DIRECTION ( 'NONE',  ( 0.000000000000000000, 0.000000000000000000, 1.000000000000000000 ) ) ;
#3811 = DIRECTION ( 'NONE',  ( -0.000000000000000000, -0.000000000000000000, -1.000000000000000000 ) ) ;
#3812 = DIRECTION ( 'NONE',  ( -1.000000000000000000, 0.000000000000000000, 0.000000000000000000 ) ) ;
#3813 = EDGE_CURVE ( 'NONE', #8572, #2940, #5238, .T. ) ;
#3814 = DIRECTION ( 'NONE',  ( -1.000000000000000000, 0.000000000000000000, 0.000000000000000000 ) ) ;
#3815 = AXIS2_PLACEMENT_3D ( 'NONE', #6616, #5703, #7650 ) ;
#3816 = VERTEX_POINT ( 'NONE', #4511 ) ;
#3818 = ORIENTED_EDGE ( 'NONE', *, *, #8632, .T. ) ;
#3817 = DIRECTION ( 'NONE',  ( -0.000000000000000000, 1.000000000000000000, -0.000000000000000000 ) ) ;
#3819 = CARTESIAN_POINT ( 'NONE',  ( 145.4930000000000234, 93.22150000000000603, 3.000000000000000000 ) ) ;
#3820 = ORIENTED_EDGE ( 'NONE', *, *, #7440, .F. ) ;
#3821 = CARTESIAN_POINT ( 'NONE',  ( 45.48219999999999885, 40.77190000000000225, 0.000000000000000000 ) ) ;
#3822 = ADVANCED_FACE ( 'NONE', ( #2545 ), #3405, .T. ) ;
#3823 = LINE ( 'NONE', #10073, #753 ) ;
#3824 = AXIS2_PLACEMENT_3D ( 'NONE', #6180, #1072, #1013 ) ;
#3825 = CARTESIAN_POINT ( 'NONE',  ( 159.4939999999999998, 93.22150000000000603, 3.000000000000000000 ) ) ;
#3826 = CIRCLE ( 'NONE', #4214, 1.250000000000001110 ) ;
#3827 = LINE ( 'NONE', #6828, #6427 ) ;
#3828 = CARTESIAN_POINT ( 'NONE',  ( 17.38192999999999699, -2.065918000000003474, 0.000000000000000000 ) ) ;
#3829 = CARTESIAN_POINT ( 'NONE',  ( 23.40692999999999557, 43.29100000000001813, 3.000000000000000000 ) ) ;
#3831 = ORIENTED_EDGE ( 'NONE', *, *, #8221, .F. ) ;
#3830 = ORIENTED_EDGE ( 'NONE', *, *, #3528, .F. ) ;
#3832 = VERTEX_POINT ( 'NONE', #5297 ) ;
#3833 = EDGE_CURVE ( 'NONE', #1625, #8464, #6531, .T. ) ;
#3834 = LINE ( 'NONE', #1606, #10111 ) ;
#3835 = VECTOR ( 'NONE', #9242, 1000.000000000000000 ) ;
#3836 = EDGE_LOOP ( 'NONE', ( #9127, #6985 ) ) ;
#3837 = ORIENTED_EDGE ( 'NONE', *, *, #1661, .T. ) ;
#3838 = CARTESIAN_POINT ( 'NONE',  ( 164.5449999999999875, 112.4980000000000047, 3.000000000000000000 ) ) ;
#3839 = EDGE_CURVE ( 'NONE', #5408, #5865, #4257, .T. ) ;
#3840 = DIRECTION ( 'NONE',  ( 0.000000000000000000, 0.000000000000000000, -1.000000000000000000 ) ) ;
#3841 = LINE ( 'NONE', #5734, #10904 ) ;
#3842 = CARTESIAN_POINT ( 'NONE',  ( 14.88192999999999877, 23.74100000000002098, 0.000000000000000000 ) ) ;
#3843 = VECTOR ( 'NONE', #3400, 1000.000000000000000 ) ;
#3844 = VECTOR ( 'NONE', #12358, 1000.000000000000000 ) ;
#3845 = VECTOR ( 'NONE', #4405, 1000.000000000000000 ) ;
#3846 = LINE ( 'NONE', #1873, #11212 ) ;
#3847 = ORIENTED_EDGE ( 'NONE', *, *, #8891, .F. ) ;
#3848 = VECTOR ( 'NONE', #7570, 1000.000000000000000 ) ;
#3849 = ORIENTED_EDGE ( 'NONE', *, *, #4013, .F. ) ;
#3850 = EDGE_CURVE ( 'NONE', #9266, #2573, #8299, .T. ) ;
#3851 = CARTESIAN_POINT ( 'NONE',  ( 91.92530000000000712, 14.24100000000001920, 3.000000000000000000 ) ) ;
#3852 = ORIENTED_EDGE ( 'NONE', *, *, #6254, .T. ) ;
#3853 = ORIENTED_EDGE ( 'NONE', *, *, #5728, .F. ) ;
#3854 = ORIENTED_EDGE ( 'NONE', *, *, #3282, .T. ) ;
#3855 = VECTOR ( 'NONE', #899, 1000.000000000000000 ) ;
#3856 = CARTESIAN_POINT ( 'NONE',  ( 45.19400000000000261, 78.87189999999999657, 0.000000000000000000 ) ) ;
#3857 = EDGE_CURVE ( 'NONE', #9505, #6245, #7320, .T. ) ;
#3858 = LINE ( 'NONE', #7045, #2594 ) ;
#3859 = CARTESIAN_POINT ( 'NONE',  ( 202.3569999999999993, 97.92189999999999372, 3.000000000000000000 ) ) ;
#3860 = AXIS2_PLACEMENT_3D ( 'NONE', #10885, #12920, #6062 ) ;
#3861 = DIRECTION ( 'NONE',  ( -1.000000000000000000, 0.000000000000000000, 0.000000000000000000 ) ) ;
#3862 = CARTESIAN_POINT ( 'NONE',  ( 108.6319299999999828, -2.065918000000003474, 3.000000000000000000 ) ) ;
#3863 = EDGE_CURVE ( 'NONE', #8658, #10140, #6724, .T. ) ;
#3864 = ORIENTED_EDGE ( 'NONE', *, *, #6456, .T. ) ;
#3865 = LINE ( 'NONE', #8753, #5931 ) ;
#3866 = VERTEX_POINT ( 'NONE', #12659 ) ;
#3867 = ORIENTED_EDGE ( 'NONE', *, *, #3227, .T. ) ;
#3868 = ORIENTED_EDGE ( 'NONE', *, *, #4349, .F. ) ;
#3869 = LINE ( 'NONE', #4714, #2133 ) ;
#3870 = VECTOR ( 'NONE', #6591, 1000.000000000000000 ) ;
#3871 = CARTESIAN_POINT ( 'NONE',  ( 30.32509999999999906, 20.25169999999999959, 3.000000000000000000 ) ) ;
#3872 = EDGE_CURVE ( 'NONE', #4300, #632, #5624, .T. ) ;
#3873 = CARTESIAN_POINT ( 'NONE',  ( 164.2570000000000050, 64.87269999999999470, 3.000000000000000000 ) ) ;
#3874 = VERTEX_POINT ( 'NONE', #10768 ) ;
#3875 = CARTESIAN_POINT ( 'NONE',  ( 32.05040000000000333, 12.42159999999999975, 3.000000000000000000 ) ) ;
#3876 = LINE ( 'NONE', #1965, #5164 ) ;
#3877 = EDGE_CURVE ( 'NONE', #4396, #9373, #1821, .T. ) ;
#3878 = EDGE_CURVE ( 'NONE', #10551, #11541, #1066, .T. ) ;
#3879 = LINE ( 'NONE', #11566, #1406 ) ;
#3880 = AXIS2_PLACEMENT_3D ( 'NONE', #5387, #6558, #9362 ) ;
#3881 = LINE ( 'NONE', #6876, #110 ) ;
#3882 = LINE ( 'NONE', #7849, #7851 ) ;
#3883 = CARTESIAN_POINT ( 'NONE',  ( 138.9430000000000121, 96.45159999999999911, 0.000000000000000000 ) ) ;
#3884 = ORIENTED_EDGE ( 'NONE', *, *, #11044, .F. ) ;
#3886 = ORIENTED_EDGE ( 'NONE', *, *, #6052, .T. ) ;
#3885 = CARTESIAN_POINT ( 'NONE',  ( 71.67600000000000193, 21.72200000000000131, 0.000000000000000000 ) ) ;
#3887 = VECTOR ( 'NONE', #5302, 1000.000000000000000 ) ;
#3888 = CARTESIAN_POINT ( 'NONE',  ( 198.6319299999999828, -2.065918000000003474, 3.000000000000000000 ) ) ;
#3889 = ORIENTED_EDGE ( 'NONE', *, *, #8461, .T. ) ;
#3890 = FACE_BOUND ( 'NONE', #7733, .T. ) ;
#3891 = EDGE_CURVE ( 'NONE', #10484, #9650, #10666, .T. ) ;
#3892 = CARTESIAN_POINT ( 'NONE',  ( 59.48149999999999693, 26.77250000000000085, 3.000000000000000000 ) ) ;
#3893 = DIRECTION ( 'NONE',  ( -0.000000000000000000, -0.000000000000000000, -1.000000000000000000 ) ) ;
#3894 = CARTESIAN_POINT ( 'NONE',  ( 107.1070000000000135, 59.82189999999999941, 0.000000000000000000 ) ) ;
#3895 = AXIS2_PLACEMENT_3D ( 'NONE', #7552, #7800, #2849 ) ;
#3896 = DIRECTION ( 'NONE',  ( 0.000000000000000000, 0.000000000000000000, 1.000000000000000000 ) ) ;
#3897 = PLANE ( 'NONE',  #3270 ) ;
#3899 = ORIENTED_EDGE ( 'NONE', *, *, #11560, .T. ) ;
#3898 = ORIENTED_EDGE ( 'NONE', *, *, #9837, .F. ) ;
#3900 = ORIENTED_EDGE ( 'NONE', *, *, #12157, .T. ) ;
#3901 = FACE_OUTER_BOUND ( 'NONE', #4417, .T. ) ;
#3902 = VERTEX_POINT ( 'NONE', #6661 ) ;
#3903 = ORIENTED_EDGE ( 'NONE', *, *, #613, .F. ) ;
#3904 = DIRECTION ( 'NONE',  ( 1.000000000000000000, 0.000000000000000000, -0.000000000000000000 ) ) ;
#3905 = VECTOR ( 'NONE', #8170, 1000.000000000000000 ) ;
#3906 = EDGE_CURVE ( 'NONE', #5665, #3795, #3590, .T. ) ;
#3907 = VECTOR ( 'NONE', #5653, 1000.000000000000000 ) ;
#3908 = DIRECTION ( 'NONE',  ( -0.000000000000000000, -0.000000000000000000, -1.000000000000000000 ) ) ;
#3909 = CARTESIAN_POINT ( 'NONE',  ( 102.6320000000000050, 40.77190000000000225, 0.000000000000000000 ) ) ;
#3910 = LINE ( 'NONE', #8932, #5057 ) ;
#3911 = VECTOR ( 'NONE', #7741, 1000.000000000000000 ) ;
#3912 = LINE ( 'NONE', #7945, #1613 ) ;
#3913 = ORIENTED_EDGE ( 'NONE', *, *, #6953, .T. ) ;
#3914 = VECTOR ( 'NONE', #8565, 1000.000000000000000 ) ;
#3915 = EDGE_CURVE ( 'NONE', #6653, #12788, #1564, .T. ) ;
#3916 = ORIENTED_EDGE ( 'NONE', *, *, #12054, .F. ) ;
#3917 = CARTESIAN_POINT ( 'NONE',  ( 207.3830000000000098, 35.43408199999999653, 0.000000000000000000 ) ) ;
#3918 = EDGE_LOOP ( 'NONE', ( #3830, #9778, #6474, #2973 ) ) ;
#3919 = ORIENTED_EDGE ( 'NONE', *, *, #4245, .T. ) ;
#3920 = ORIENTED_EDGE ( 'NONE', *, *, #5751, .F. ) ;
#3921 = DIRECTION ( 'NONE',  ( 0.000000000000000000, 0.000000000000000000, -1.000000000000000000 ) ) ;
#3922 = AXIS2_PLACEMENT_3D ( 'NONE', #10795, #12615, #9806 ) ;
#3923 = VECTOR ( 'NONE', #9494, 1000.000000000000000 ) ;
#3924 = PLANE ( 'NONE',  #6560 ) ;
#3925 = CARTESIAN_POINT ( 'NONE',  ( 188.3569999999999993, 40.77190000000000225, 0.000000000000000000 ) ) ;
#3926 = AXIS2_PLACEMENT_3D ( 'NONE', #10545, #3563, #5461 ) ;
#3927 = EDGE_CURVE ( 'NONE', #4137, #1238, #12793, .T. ) ;
#3928 = DIRECTION ( 'NONE',  ( 0.000000000000000000, 0.000000000000000000, 1.000000000000000000 ) ) ;
#3929 = AXIS2_PLACEMENT_3D ( 'NONE', #5961, #8168, #1048 ) ;
#3930 = DIRECTION ( 'NONE',  ( 0.000000000000000000, 1.000000000000000000, 0.000000000000000000 ) ) ;
#3931 = EDGE_CURVE ( 'NONE', #5934, #523, #8611, .T. ) ;
#3932 = ORIENTED_EDGE ( 'NONE', *, *, #12609, .T. ) ;
#3933 = FACE_OUTER_BOUND ( 'NONE', #9316, .T. ) ;
#3934 = ORIENTED_EDGE ( 'NONE', *, *, #5392, .T. ) ;
#3935 = VERTEX_POINT ( 'NONE', #2739 ) ;
#3936 = ORIENTED_EDGE ( 'NONE', *, *, #9837, .T. ) ;
#3937 = DIRECTION ( 'NONE',  ( 0.000000000000000000, -1.000000000000000000, 0.000000000000000000 ) ) ;
#3938 = DIRECTION ( 'NONE',  ( 0.000000000000000000, 0.000000000000000000, -1.000000000000000000 ) ) ;
#3939 = CARTESIAN_POINT ( 'NONE',  ( 78.53149999999999409, 40.77190000000000225, 3.000000000000000000 ) ) ;
#3940 = ORIENTED_EDGE ( 'NONE', *, *, #6518, .F. ) ;
#3941 = AXIS2_PLACEMENT_3D ( 'NONE', #5300, #12220, #6282 ) ;
#3942 = CARTESIAN_POINT ( 'NONE',  ( 112.1569999999999965, 59.82189999999999941, 3.000000000000000000 ) ) ;
#3943 = CARTESIAN_POINT ( 'NONE',  ( 164.2570000000000050, 64.87269999999999470, 3.000000000000000000 ) ) ;
#3944 = DIRECTION ( 'NONE',  ( 0.000000000000000000, -0.000000000000000000, -1.000000000000000000 ) ) ;
#3945 = EDGE_CURVE ( 'NONE', #10394, #3565, #4576, .T. ) ;
#3946 = CARTESIAN_POINT ( 'NONE',  ( 178.5440000000000111, 22.01000000000000156, 3.000000000000000000 ) ) ;
#3947 = CARTESIAN_POINT ( 'NONE',  ( 159.4939999999999998, 112.4980000000000047, 3.000000000000000000 ) ) ;
#3948 = CARTESIAN_POINT ( 'NONE',  ( 7.382159999999999833, 112.4980000000000047, 0.000000000000000000 ) ) ;
#3949 = VERTEX_POINT ( 'NONE', #3859 ) ;
#3951 = ORIENTED_EDGE ( 'NONE', *, *, #10317, .F. ) ;
#3950 = CARTESIAN_POINT ( 'NONE',  ( 9.118929999999991765, 80.89100000000001955, 3.000000000000000000 ) ) ;
#3952 = ADVANCED_FACE ( 'NONE', ( #9654 ), #10702, .T. ) ;
#3953 = FACE_BOUND ( 'NONE', #12668, .T. ) ;
#3954 = ORIENTED_EDGE ( 'NONE', *, *, #6868, .F. ) ;
#3955 = FACE_BOUND ( 'NONE', #4463, .T. ) ;
#3956 = DIRECTION ( 'NONE',  ( 1.000000000000000000, 0.000000000000000000, 0.000000000000000000 ) ) ;
#3957 = DIRECTION ( 'NONE',  ( -0.000000000000000000, -1.000000000000000000, -0.000000000000000000 ) ) ;
#3958 = CARTESIAN_POINT ( 'NONE',  ( 59.76970000000000027, 83.92270000000000607, 3.000000000000000000 ) ) ;
#3959 = CARTESIAN_POINT ( 'NONE',  ( 24.47530000000000072, 17.02149999999999963, 0.000000000000000000 ) ) ;
#3960 = FACE_OUTER_BOUND ( 'NONE', #10133, .T. ) ;
#3962 = ORIENTED_EDGE ( 'NONE', *, *, #10786, .F. ) ;
#3961 = ORIENTED_EDGE ( 'NONE', *, *, #8250, .F. ) ;
#3963 = ORIENTED_EDGE ( 'NONE', *, *, #5162, .T. ) ;
#3964 = CARTESIAN_POINT ( 'NONE',  ( 130.9190000000000111, 97.92189999999999372, 3.000000000000000000 ) ) ;
#3965 = EDGE_CURVE ( 'NONE', #1892, #8602, #11613, .T. ) ;
#3966 = VERTEX_POINT ( 'NONE', #2682 ) ;
#3967 = EDGE_CURVE ( 'NONE', #3140, #5311, #2877, .T. ) ;
#3968 = EDGE_CURVE ( 'NONE', #4734, #6653, #9529, .T. ) ;
#3969 = VERTEX_POINT ( 'NONE', #582 ) ;
#3970 = DIRECTION ( 'NONE',  ( -0.000000000000000000, -0.000000000000000000, -1.000000000000000000 ) ) ;
#3971 = LINE ( 'NONE', #7941, #8361 ) ;
#3972 = DIRECTION ( 'NONE',  ( 1.000000000000000000, 0.000000000000000000, 0.000000000000000000 ) ) ;
#3973 = PLANE ( 'NONE',  #9009 ) ;
#3974 = CARTESIAN_POINT ( 'NONE',  ( 9.118929999999991765, 81.39100000000001955, 3.000000000000000000 ) ) ;
#3975 = CARTESIAN_POINT ( 'NONE',  ( 163.6630000000000109, 46.05270000000000152, 3.000000000000000000 ) ) ;
#3976 = VERTEX_POINT ( 'NONE', #3725 ) ;
#3977 = EDGE_CURVE ( 'NONE', #5869, #8720, #11676, .T. ) ;
#3978 = ADVANCED_FACE ( 'NONE', ( #772 ), #4771, .F. ) ;
#3979 = ORIENTED_EDGE ( 'NONE', *, *, #2218, .F. ) ;
#3980 = LINE ( 'NONE', #11019, #3235 ) ;
#3981 = ORIENTED_EDGE ( 'NONE', *, *, #3144, .T. ) ;
#3982 = ORIENTED_EDGE ( 'NONE', *, *, #4583, .F. ) ;
#3983 = ORIENTED_EDGE ( 'NONE', *, *, #10719, .T. ) ;
#3984 = FACE_OUTER_BOUND ( 'NONE', #4215, .T. ) ;
#3985 = DIRECTION ( 'NONE',  ( -0.000000000000000000, 1.000000000000000000, -0.000000000000000000 ) ) ;
#3986 = DIRECTION ( 'NONE',  ( -0.000000000000000000, -0.000000000000000000, 1.000000000000000000 ) ) ;
#3987 = ADVANCED_FACE ( 'NONE', ( #3790 ), #6790, .T. ) ;
#3988 = CARTESIAN_POINT ( 'NONE',  ( 88.05649999999999977, 59.82189999999999941, 3.000000000000000000 ) ) ;
#3989 = VECTOR ( 'NONE', #12515, 1000.000000000000000 ) ;
#3990 = DIRECTION ( 'NONE',  ( -0.000000000000000000, -0.000000000000000000, -1.000000000000000000 ) ) ;
#3991 = ORIENTED_EDGE ( 'NONE', *, *, #3915, .F. ) ;
#3992 = CARTESIAN_POINT ( 'NONE',  ( 168.5929999999999893, 93.22150000000000603, 3.000000000000000000 ) ) ;
#3993 = VERTEX_POINT ( 'NONE', #1162 ) ;
#3994 = ORIENTED_EDGE ( 'NONE', *, *, #9208, .F. ) ;
#3995 = ORIENTED_EDGE ( 'NONE', *, *, #8855, .F. ) ;
#3996 = ADVANCED_FACE ( 'NONE', ( #4051 ), #5875, .T. ) ;
#3997 = DIRECTION ( 'NONE',  ( 0.000000000000000000, 1.000000000000000000, 0.000000000000000000 ) ) ;
#3998 = CARTESIAN_POINT ( 'NONE',  ( 16.90719999999999956, 59.82189999999999941, 3.000000000000000000 ) ) ;
#3999 = EDGE_LOOP ( 'NONE', ( #11683, #4831, #2783, #3633 ) ) ;
#4000 = VECTOR ( 'NONE', #3673, 1000.000000000000000 ) ;
#4001 = FACE_OUTER_BOUND ( 'NONE', #202, .T. ) ;
#4002 = EDGE_CURVE ( 'NONE', #8507, #7935, #6070, .T. ) ;
#4003 = DIRECTION ( 'NONE',  ( 0.000000000000000000, 0.000000000000000000, -1.000000000000000000 ) ) ;
#4004 = LINE ( 'NONE', #6155, #3515 ) ;
#4005 = DIRECTION ( 'NONE',  ( 1.000000000000000000, 2.218304324340535762E-17, 0.000000000000000000 ) ) ;
#4006 = DIRECTION ( 'NONE',  ( -0.000000000000000000, -1.000000000000000000, -0.000000000000000000 ) ) ;
#4007 = VECTOR ( 'NONE', #5827, 1000.000000000000000 ) ;
#4008 = CARTESIAN_POINT ( 'NONE',  ( 162.7429999999999950, 84.15269999999999584, 3.000000000000000000 ) ) ;
#4009 = ORIENTED_EDGE ( 'NONE', *, *, #4482, .T. ) ;
#4011 = ORIENTED_EDGE ( 'NONE', *, *, #12366, .F. ) ;
#4010 = DIRECTION ( 'NONE',  ( 0.000000000000000000, 0.000000000000000000, -1.000000000000000000 ) ) ;
#4012 = VECTOR ( 'NONE', #8537, 1000.000000000000000 ) ;
#4013 = EDGE_CURVE ( 'NONE', #12509, #831, #9139, .T. ) ;
#4014 = FACE_BOUND ( 'NONE', #22, .T. ) ;
#4015 = VERTEX_POINT ( 'NONE', #3068 ) ;
#4016 = EDGE_CURVE ( 'NONE', #6783, #609, #2146, .T. ) ;
#4017 = DIRECTION ( 'NONE',  ( 1.000000000000000000, 0.000000000000000000, 0.000000000000000000 ) ) ;
#4018 = CARTESIAN_POINT ( 'NONE',  ( 178.5440000000000111, 2.960030000000000161, 3.000000000000000000 ) ) ;
#4019 = PLANE ( 'NONE',  #6637 ) ;
#4020 = EDGE_CURVE ( 'NONE', #10707, #7285, #7894, .T. ) ;
#4021 = DIRECTION ( 'NONE',  ( 1.000000000000000000, 0.000000000000000000, 0.000000000000000000 ) ) ;
#4022 = LINE ( 'NONE', #5549, #11805 ) ;
#4023 = ORIENTED_EDGE ( 'NONE', *, *, #1922, .F. ) ;
#4024 = VERTEX_POINT ( 'NONE', #6137 ) ;
#4025 = EDGE_CURVE ( 'NONE', #7147, #3737, #4113, .T. ) ;
#4026 = LINE ( 'NONE', #9959, #10875 ) ;
#4027 = VERTEX_POINT ( 'NONE', #6007 ) ;
#4028 = DIRECTION ( 'NONE',  ( -0.000000000000000000, -0.000000000000000000, 1.000000000000000000 ) ) ;
#4029 = EDGE_LOOP ( 'NONE', ( #3586, #3963, #12469, #3889 ) ) ;
#4030 = DIRECTION ( 'NONE',  ( 0.000000000000000000, -1.000000000000000000, 0.000000000000000000 ) ) ;
#4031 = CIRCLE ( 'NONE', #9028, 1.250000000000001110 ) ;
#4032 = LINE ( 'NONE', #5076, #4618 ) ;
#4033 = DIRECTION ( 'NONE',  ( 0.000000000000000000, 1.000000000000000000, 0.000000000000000000 ) ) ;
#4034 = DIRECTION ( 'NONE',  ( 1.000000000000000000, 0.000000000000000000, -0.000000000000000000 ) ) ;
#4035 = LINE ( 'NONE', #2067, #5375 ) ;
#4036 = CARTESIAN_POINT ( 'NONE',  ( 197.5939999999999941, 2.960030000000000161, 3.000000000000000000 ) ) ;
#4037 = EDGE_CURVE ( 'NONE', #9777, #11121, #4177, .T. ) ;
#4038 = EDGE_CURVE ( 'NONE', #8434, #4876, #9848, .T. ) ;
#4039 = VECTOR ( 'NONE', #12576, 1000.000000000000000 ) ;
#4041 = ORIENTED_EDGE ( 'NONE', *, *, #12518, .F. ) ;
#4040 = CARTESIAN_POINT ( 'NONE',  ( 158.6370000000000005, 50.52170000000000272, 0.000000000000000000 ) ) ;
#4042 = VERTEX_POINT ( 'NONE', #3925 ) ;
#4043 = CARTESIAN_POINT ( 'NONE',  ( 47.57529999999999859, 12.42159999999999975, 0.000000000000000000 ) ) ;
#4044 = EDGE_LOOP ( 'NONE', ( #3434, #4712, #476, #3308 ) ) ;
#4045 = ORIENTED_EDGE ( 'NONE', *, *, #11456, .T. ) ;
#4046 = ORIENTED_EDGE ( 'NONE', *, *, #11403, .F. ) ;
#4047 = CARTESIAN_POINT ( 'NONE',  ( 33.57589999999999719, 21.72200000000000131, 0.000000000000000000 ) ) ;
#4048 = DIRECTION ( 'NONE',  ( -0.000000000000000000, -0.000000000000000000, -1.000000000000000000 ) ) ;
#4049 = DIRECTION ( 'NONE',  ( 1.000000000000000000, -0.000000000000000000, -0.000000000000000000 ) ) ;
#4050 = VECTOR ( 'NONE', #8846, 1000.000000000000000 ) ;
#4051 = FACE_OUTER_BOUND ( 'NONE', #2382, .T. ) ;
#4052 = ADVANCED_FACE ( 'NONE', ( #9985 ), #4903, .T. ) ;
#4053 = FACE_OUTER_BOUND ( 'NONE', #7404, .T. ) ;
#4054 = PLANE ( 'NONE',  #11232 ) ;
#4055 = DIRECTION ( 'NONE',  ( -0.000000000000000000, -0.000000000000000000, -1.000000000000000000 ) ) ;
#4056 = VERTEX_POINT ( 'NONE', #5942 ) ;
#4057 = CARTESIAN_POINT ( 'NONE',  ( 107.3950000000000102, 78.87189999999999657, 3.000000000000000000 ) ) ;
#4058 = VECTOR ( 'NONE', #9482, 1000.000000000000000 ) ;
#4059 = ORIENTED_EDGE ( 'NONE', *, *, #7515, .F. ) ;
#4060 = EDGE_LOOP ( 'NONE', ( #6512, #3766, #4545, #5808 ) ) ;
#4061 = ORIENTED_EDGE ( 'NONE', *, *, #3863, .F. ) ;
#4062 = LINE ( 'NONE', #6869, #10758 ) ;
#4063 = CARTESIAN_POINT ( 'NONE',  ( 164.5449999999999875, 36.00939999999999941, 0.000000000000000000 ) ) ;
#4064 = VECTOR ( 'NONE', #5356, 1000.000000000000000 ) ;
#4065 = DIRECTION ( 'NONE',  ( -0.000000000000000000, -0.000000000000000000, 1.000000000000000000 ) ) ;
#4066 = DIRECTION ( 'NONE',  ( -0.000000000000000000, -0.000000000000000000, -1.000000000000000000 ) ) ;
#4067 = PLANE ( 'NONE',  #5608 ) ;
#4068 = LINE ( 'NONE', #8039, #2838 ) ;
#4069 = CARTESIAN_POINT ( 'NONE',  ( 35.95720000000000027, 59.82189999999999941, 3.000000000000000000 ) ) ;
#4070 = VECTOR ( 'NONE', #9647, 1000.000000000000000 ) ;
#4071 = LINE ( 'NONE', #3288, #11368 ) ;
#4072 = VERTEX_POINT ( 'NONE', #12131 ) ;
#4073 = EDGE_CURVE ( 'NONE', #7922, #805, #10834, .T. ) ;
#4075 = VERTEX_POINT ( 'NONE', #1033 ) ;
#4074 = LINE ( 'NONE', #5437, #5484 ) ;
#4076 = FACE_BOUND ( 'NONE', #4896, .T. ) ;
#4077 = ORIENTED_EDGE ( 'NONE', *, *, #10336, .T. ) ;
#4078 = CIRCLE ( 'NONE', #11987, 1.000000000000000000 ) ;
#4079 = DIRECTION ( 'NONE',  ( 1.000000000000000000, -7.284927983104702902E-16, 0.000000000000000000 ) ) ;
#4080 = PLANE ( 'NONE',  #9869 ) ;
#4081 = CARTESIAN_POINT ( 'NONE',  ( 59.48149999999999693, 26.77250000000000085, 0.000000000000000000 ) ) ;
#4082 = ADVANCED_FACE ( 'NONE', ( #1884 ), #8879, .F. ) ;
#4083 = LINE ( 'NONE', #19, #9104 ) ;
#4084 = DIRECTION ( 'NONE',  ( -0.000000000000000000, 0.000000000000000000, 1.000000000000000000 ) ) ;
#4085 = VECTOR ( 'NONE', #5836, 1000.000000000000000 ) ;
#4086 = ORIENTED_EDGE ( 'NONE', *, *, #6060, .T. ) ;
#4087 = ORIENTED_EDGE ( 'NONE', *, *, #9972, .F. ) ;
#4088 = FACE_OUTER_BOUND ( 'NONE', #1590, .T. ) ;
#4089 = ORIENTED_EDGE ( 'NONE', *, *, #11358, .T. ) ;
#4090 = FACE_OUTER_BOUND ( 'NONE', #5995, .T. ) ;
#4091 = ORIENTED_EDGE ( 'NONE', *, *, #3763, .F. ) ;
#4092 = DIRECTION ( 'NONE',  ( 0.000000000000000000, 0.000000000000000000, 1.000000000000000000 ) ) ;
#4093 = DIRECTION ( 'NONE',  ( 0.000000000000000000, -1.000000000000000000, 0.000000000000000000 ) ) ;
#4094 = CARTESIAN_POINT ( 'NONE',  ( 26.43220000000000169, 126.4969999999999999, 3.000000000000000000 ) ) ;
#4095 = VECTOR ( 'NONE', #10580, 1000.000000000000000 ) ;
#4096 = CARTESIAN_POINT ( 'NONE',  ( 14.38192999999999699, 24.24100000000002453, 0.000000000000000000 ) ) ;
#4097 = CARTESIAN_POINT ( 'NONE',  ( 145.4950000000000045, 126.4969999999999999, 0.000000000000000000 ) ) ;
#4098 = LINE ( 'NONE', #9901, #9740 ) ;
#4099 = EDGE_CURVE ( 'NONE', #11670, #7753, #11875, .T. ) ;
#4101 = ORIENTED_EDGE ( 'NONE', *, *, #2090, .T. ) ;
#4100 = LINE ( 'NONE', #1151, #4535 ) ;
#4102 = VERTEX_POINT ( 'NONE', #9005 ) ;
#4103 = CARTESIAN_POINT ( 'NONE',  ( 133.3000000000000114, 7.722520000000000273, 3.000000000000000000 ) ) ;
#4104 = VERTEX_POINT ( 'NONE', #4972 ) ;
#4105 = VECTOR ( 'NONE', #5242, 1000.000000000000000 ) ;
#4106 = ORIENTED_EDGE ( 'NONE', *, *, #6849, .F. ) ;
#4107 = VECTOR ( 'NONE', #12759, 1000.000000000000000 ) ;
#4108 = ORIENTED_EDGE ( 'NONE', *, *, #8928, .T. ) ;
#4109 = CARTESIAN_POINT ( 'NONE',  ( 167.7680000000000007, 96.45159999999999911, 0.000000000000000000 ) ) ;
#4110 = EDGE_CURVE ( 'NONE', #1204, #6247, #11028, .T. ) ;
#4111 = DIRECTION ( 'NONE',  ( 0.000000000000000000, 1.000000000000000000, 0.000000000000000000 ) ) ;
#4112 = CARTESIAN_POINT ( 'NONE',  ( 14.88192999999999877, 24.24100000000002453, 0.000000000000000000 ) ) ;
#4113 = LINE ( 'NONE', #180, #3584 ) ;
#4114 = VECTOR ( 'NONE', #8433, 1000.000000000000000 ) ;
#4115 = CARTESIAN_POINT ( 'NONE',  ( 145.4930000000000234, 88.62170000000001835, 0.000000000000000000 ) ) ;
#4116 = CIRCLE ( 'NONE', #12246, 1.250000000000001110 ) ;
#4117 = DIRECTION ( 'NONE',  ( -0.000000000000000000, -1.000000000000000000, -0.000000000000000000 ) ) ;
#4118 = CARTESIAN_POINT ( 'NONE',  ( 202.3569999999999993, 26.77250000000000085, 3.000000000000000000 ) ) ;
#4119 = VERTEX_POINT ( 'NONE', #2013 ) ;
#4120 = CARTESIAN_POINT ( 'NONE',  ( 50.82469999999999999, 20.25169999999999959, 3.000000000000000000 ) ) ;
#4121 = VECTOR ( 'NONE', #1338, 1000.000000000000000 ) ;
#4122 = ORIENTED_EDGE ( 'NONE', *, *, #4666, .F. ) ;
#4123 = ORIENTED_EDGE ( 'NONE', *, *, #7366, .T. ) ;
#4124 = AXIS2_PLACEMENT_3D ( 'NONE', #10606, #4865, #1784 ) ;
#4125 = ORIENTED_EDGE ( 'NONE', *, *, #12792, .T. ) ;
#4126 = EDGE_CURVE ( 'NONE', #10831, #1730, #50, .T. ) ;
#4127 = DIRECTION ( 'NONE',  ( 0.000000000000000000, -1.000000000000000000, 0.000000000000000000 ) ) ;
#4128 = VECTOR ( 'NONE', #12915, 1000.000000000000000 ) ;
#4129 = EDGE_CURVE ( 'NONE', #4745, #10228, #2081, .T. ) ;
#4130 = CARTESIAN_POINT ( 'NONE',  ( 209.8830000000000098, -4.565917999999999921, 3.000000000000000000 ) ) ;
#4131 = CARTESIAN_POINT ( 'NONE',  ( 165.3880000000000052, 52.32260000000000133, 3.000000000000000000 ) ) ;
#4132 = PLANE ( 'NONE',  #2242 ) ;
#4133 = CARTESIAN_POINT ( 'NONE',  ( 160.3619999999999948, 59.27230000000000132, 0.000000000000000000 ) ) ;
#4134 = DIRECTION ( 'NONE',  ( 0.000000000000000000, -1.000000000000000000, 0.000000000000000000 ) ) ;
#4135 = CYLINDRICAL_SURFACE ( 'NONE', #964, 1.250000000000001110 ) ;
#4136 = DIRECTION ( 'NONE',  ( 1.000000000000000000, 0.000000000000000000, 0.000000000000000000 ) ) ;
#4137 = VERTEX_POINT ( 'NONE', #12199 ) ;
#4138 = EDGE_CURVE ( 'NONE', #10692, #9187, #2407, .T. ) ;
#4140 = ORIENTED_EDGE ( 'NONE', *, *, #5521, .F. ) ;
#4139 = DIRECTION ( 'NONE',  ( 1.000000000000000000, 0.000000000000000000, 0.000000000000000000 ) ) ;
#4141 = CIRCLE ( 'NONE', #3718, 1.250000000000001110 ) ;
#4142 = DIRECTION ( 'NONE',  ( 0.000000000000000000, 0.000000000000000000, 1.000000000000000000 ) ) ;
#4143 = VERTEX_POINT ( 'NONE', #6389 ) ;
#4144 = FACE_OUTER_BOUND ( 'NONE', #10591, .T. ) ;
#4145 = FACE_OUTER_BOUND ( 'NONE', #9065, .T. ) ;
#4146 = ADVANCED_FACE ( 'NONE', ( #9324 ), #8475, .T. ) ;
#4147 = DIRECTION ( 'NONE',  ( 0.000000000000000000, -0.000000000000000000, -1.000000000000000000 ) ) ;
#4148 = DIRECTION ( 'NONE',  ( -0.000000000000000000, -0.000000000000000000, -1.000000000000000000 ) ) ;
#4149 = VECTOR ( 'NONE', #1226, 1000.000000000000000 ) ;
#4150 = CARTESIAN_POINT ( 'NONE',  ( 160.3619999999999948, 59.27230000000000132, 0.000000000000000000 ) ) ;
#4151 = ORIENTED_EDGE ( 'NONE', *, *, #8370, .F. ) ;
#4152 = ORIENTED_EDGE ( 'NONE', *, *, #8783, .F. ) ;
#4153 = CARTESIAN_POINT ( 'NONE',  ( 135.6819999999999879, 112.4980000000000047, 0.000000000000000000 ) ) ;
#4154 = VERTEX_POINT ( 'NONE', #6266 ) ;
#4155 = LINE ( 'NONE', #7087, #10067 ) ;
#4156 = ORIENTED_EDGE ( 'NONE', *, *, #6097, .F. ) ;
#4157 = EDGE_CURVE ( 'NONE', #11932, #4948, #8215, .T. ) ;
#4158 = DIRECTION ( 'NONE',  ( -0.000000000000000000, 0.000000000000000000, -1.000000000000000000 ) ) ;
#4159 = CARTESIAN_POINT ( 'NONE',  ( 59.48149999999999693, 40.77190000000000225, 0.000000000000000000 ) ) ;
#4160 = CARTESIAN_POINT ( 'NONE',  ( 166.0440000000000111, 84.15269999999999584, 0.000000000000000000 ) ) ;
#4161 = LINE ( 'NONE', #3249, #1322 ) ;
#4162 = EDGE_CURVE ( 'NONE', #7767, #3874, #4436, .T. ) ;
#4163 = LINE ( 'NONE', #4225, #148 ) ;
#4164 = LINE ( 'NONE', #11506, #11610 ) ;
#4166 = EDGE_LOOP ( 'NONE', ( #5841, #12078, #1731, #2178 ) ) ;
#4165 = DIRECTION ( 'NONE',  ( -0.000000000000000000, 1.000000000000000000, -0.000000000000000000 ) ) ;
#4167 = ORIENTED_EDGE ( 'NONE', *, *, #1239, .T. ) ;
#4168 = LINE ( 'NONE', #3188, #11361 ) ;
#4169 = ORIENTED_EDGE ( 'NONE', *, *, #2722, .F. ) ;
#4170 = ORIENTED_EDGE ( 'NONE', *, *, #10894, .F. ) ;
#4171 = ORIENTED_EDGE ( 'NONE', *, *, #3453, .F. ) ;
#4172 = LINE ( 'NONE', #3387, #4360 ) ;
#4173 = EDGE_CURVE ( 'NONE', #10840, #7187, #3391, .T. ) ;
#4174 = FACE_OUTER_BOUND ( 'NONE', #767, .T. ) ;
#4175 = LINE ( 'NONE', #9196, #4449 ) ;
#4176 = EDGE_CURVE ( 'NONE', #8321, #43, #1482, .T. ) ;
#4177 = LINE ( 'NONE', #10892, #10880 ) ;
#4178 = DIRECTION ( 'NONE',  ( -1.000000000000000000, -0.000000000000000000, -0.000000000000000000 ) ) ;
#4179 = CARTESIAN_POINT ( 'NONE',  ( 25.30079999999999885, 14.22269999999999968, 3.000000000000000000 ) ) ;
#4180 = EDGE_CURVE ( 'NONE', #3324, #2071, #6326, .T. ) ;
#4181 = CARTESIAN_POINT ( 'NONE',  ( 31.19470000000000098, 78.87189999999999657, 3.000000000000000000 ) ) ;
#4182 = ORIENTED_EDGE ( 'NONE', *, *, #1016, .T. ) ;
#4183 = DIRECTION ( 'NONE',  ( 1.000000000000000000, 0.000000000000000000, 0.000000000000000000 ) ) ;
#4184 = ORIENTED_EDGE ( 'NONE', *, *, #10368, .F. ) ;
#4185 = ORIENTED_EDGE ( 'NONE', *, *, #6392, .F. ) ;
#4186 = ORIENTED_EDGE ( 'NONE', *, *, #1071, .F. ) ;
#4187 = APPLICATION_PROTOCOL_DEFINITION ( 'draft international standard', 'automotive_design', 1998, #10600 ) ;
#4188 = EDGE_CURVE ( 'NONE', #12263, #11387, #6203, .T. ) ;
#4189 = CARTESIAN_POINT ( 'NONE',  ( 25.30079999999999885, 7.952670000000000350, 3.000000000000000000 ) ) ;
#4190 = DIRECTION ( 'NONE',  ( 0.000000000000000000, -1.000000000000000000, 0.000000000000000000 ) ) ;
#4191 = VECTOR ( 'NONE', #529, 1000.000000000000000 ) ;
#4192 = CARTESIAN_POINT ( 'NONE',  ( 26.43220000000000169, 26.77250000000000085, 0.000000000000000000 ) ) ;
#4193 = LINE ( 'NONE', #11243, #3692 ) ;
#4194 = CARTESIAN_POINT ( 'NONE',  ( 16.90719999999999956, 59.82189999999999941, 3.000000000000000000 ) ) ;
#4195 = LINE ( 'NONE', #12021, #8248 ) ;
#4196 = DIRECTION ( 'NONE',  ( 0.000000000000000000, 1.000000000000000000, -0.000000000000000000 ) ) ;
#4197 = EDGE_CURVE ( 'NONE', #10742, #1102, #2216, .T. ) ;
#4198 = EDGE_CURVE ( 'NONE', #9841, #9393, #5347, .T. ) ;
#4199 = CARTESIAN_POINT ( 'NONE',  ( 74.05719999999999459, 45.82269999999999754, 3.000000000000000000 ) ) ;
#4200 = ORIENTED_EDGE ( 'NONE', *, *, #4197, .T. ) ;
#4201 = ORIENTED_EDGE ( 'NONE', *, *, #3703, .F. ) ;
#4202 = AXIS2_PLACEMENT_3D ( 'NONE', #623, #10621, #1674 ) ;
#4204 = ORIENTED_EDGE ( 'NONE', *, *, #9846, .F. ) ;
#4203 = DIRECTION ( 'NONE',  ( -0.000000000000000000, -0.000000000000000000, -1.000000000000000000 ) ) ;
#4205 = FACE_BOUND ( 'NONE', #3485, .T. ) ;
#4206 = ORIENTED_EDGE ( 'NONE', *, *, #1724, .T. ) ;
#4207 = CARTESIAN_POINT ( 'NONE',  ( 30.32509999999999906, 7.952670000000000350, 3.000000000000000000 ) ) ;
#4208 = CARTESIAN_POINT ( 'NONE',  ( 9.118929999999991765, 80.89100000000001955, 3.000000000000000000 ) ) ;
#4209 = EDGE_CURVE ( 'NONE', #9393, #9310, #33, .T. ) ;
#4210 = CARTESIAN_POINT ( 'NONE',  ( 93.10720000000000596, 59.82189999999999941, 0.000000000000000000 ) ) ;
#4211 = VECTOR ( 'NONE', #4647, 1000.000000000000000 ) ;
#4212 = DIRECTION ( 'NONE',  ( -0.000000000000000000, -0.000000000000000000, -1.000000000000000000 ) ) ;
#4213 = LINE ( 'NONE', #10214, #1978 ) ;
#4214 = AXIS2_PLACEMENT_3D ( 'NONE', #10383, #4450, #390 ) ;
#4215 = EDGE_LOOP ( 'NONE', ( #12062, #896, #6270, #7316 ) ) ;
#4216 = VERTEX_POINT ( 'NONE', #10430 ) ;
#4217 = VERTEX_POINT ( 'NONE', #4375 ) ;
#4218 = PRODUCT_DEFINITION ( 'Êú', '', #11718, #4885 ) ;
#4219 = DIRECTION ( 'NONE',  ( 1.000000000000000000, 0.000000000000000000, 0.000000000000000000 ) ) ;
#4220 = ORIENTED_EDGE ( 'NONE', *, *, #9682, .T. ) ;
#4221 = LINE ( 'NONE', #10280, #11820 ) ;
#4222 = CARTESIAN_POINT ( 'NONE',  ( 199.9749999999999943, 112.4980000000000047, 3.000000000000000000 ) ) ;
#4223 = DIRECTION ( 'NONE',  ( 0.000000000000000000, 0.000000000000000000, -1.000000000000000000 ) ) ;
#4224 = CARTESIAN_POINT ( 'NONE',  ( 21.66969999999999885, 83.92270000000000607, 0.000000000000000000 ) ) ;
#4225 = CARTESIAN_POINT ( 'NONE',  ( 20.63193000000000055, 102.9218999999999937, -7.000000000000000000 ) ) ;
#4226 = DIRECTION ( 'NONE',  ( 0.000000000000000000, -0.000000000000000000, -1.000000000000000000 ) ) ;
#4227 = ADVANCED_FACE ( 'NONE', ( #8410 ), #10366, .T. ) ;
#4229 = ORIENTED_EDGE ( 'NONE', *, *, #1512, .T. ) ;
#4228 = DIRECTION ( 'NONE',  ( 1.000000000000000000, -0.000000000000000000, -0.000000000000000000 ) ) ;
#4230 = ORIENTED_EDGE ( 'NONE', *, *, #8676, .T. ) ;
#4231 = CARTESIAN_POINT ( 'NONE',  ( 166.0440000000000111, 97.37229999999999563, 0.000000000000000000 ) ) ;
#4232 = VECTOR ( 'NONE', #10466, 1000.000000000000000 ) ;
#4233 = VERTEX_POINT ( 'NONE', #1230 ) ;
#4234 = EDGE_LOOP ( 'NONE', ( #6765, #5485, #6303, #11237 ) ) ;
#4235 = EDGE_CURVE ( 'NONE', #9373, #1471, #3333, .T. ) ;
#4236 = ORIENTED_EDGE ( 'NONE', *, *, #151, .F. ) ;
#4237 = VECTOR ( 'NONE', #6940, 1000.000000000000000 ) ;
#4238 = DIRECTION ( 'NONE',  ( 0.000000000000000000, -1.000000000000000000, 0.000000000000000000 ) ) ;
#4239 = DIRECTION ( 'NONE',  ( 0.000000000000000000, -1.000000000000000000, 0.000000000000000000 ) ) ;
#4240 = LINE ( 'NONE', #2145, #1313 ) ;
#4241 = DIRECTION ( 'NONE',  ( -1.000000000000000000, 0.000000000000000000, 0.000000000000000000 ) ) ;
#4242 = CARTESIAN_POINT ( 'NONE',  ( 167.7680000000000007, 84.15269999999999584, 3.000000000000000000 ) ) ;
#4243 = AXIS2_PLACEMENT_3D ( 'NONE', #10822, #8663, #12642 ) ;
#4244 = PLANE ( 'NONE',  #380 ) ;
#4245 = EDGE_CURVE ( 'NONE', #7138, #1813, #5414, .T. ) ;
#4246 = CARTESIAN_POINT ( 'NONE',  ( 107.3819299999999828, -2.065918000000003474, 3.000000000000000000 ) ) ;
#4247 = EDGE_LOOP ( 'NONE', ( #10309, #1659, #1679, #5552 ) ) ;
#4248 = PLANE ( 'NONE',  #3224 ) ;
#4249 = ORIENTED_EDGE ( 'NONE', *, *, #5045, .T. ) ;
#4250 = VERTEX_POINT ( 'NONE', #2472 ) ;
#4251 = EDGE_CURVE ( 'NONE', #6527, #7638, #5224, .T. ) ;
#4252 = ORIENTED_EDGE ( 'NONE', *, *, #5329, .T. ) ;
#4253 = CARTESIAN_POINT ( 'NONE',  ( 64.53220000000000312, 26.77250000000000085, 3.000000000000000000 ) ) ;
#4254 = VECTOR ( 'NONE', #5848, 1000.000000000000000 ) ;
#4255 = DIRECTION ( 'NONE',  ( 0.000000000000000000, 0.000000000000000000, 1.000000000000000000 ) ) ;
#4256 = EDGE_CURVE ( 'NONE', #11170, #8807, #10239, .T. ) ;
#4257 = LINE ( 'NONE', #320, #11500 ) ;
#4258 = DIRECTION ( 'NONE',  ( 0.000000000000000000, 0.000000000000000000, 1.000000000000000000 ) ) ;
#4259 = DIRECTION ( 'NONE',  ( -0.000000000000000000, 0.000000000000000000, -1.000000000000000000 ) ) ;
#4260 = EDGE_CURVE ( 'NONE', #2748, #3671, #3266, .T. ) ;
#4261 = VECTOR ( 'NONE', #12404, 1000.000000000000000 ) ;
#4262 = CARTESIAN_POINT ( 'NONE',  ( 88.05649999999999977, 45.82269999999999754, 3.000000000000000000 ) ) ;
#4263 = CARTESIAN_POINT ( 'NONE',  ( 166.2119999999999891, 55.12149999999999750, 3.000000000000000000 ) ) ;
#4264 = VECTOR ( 'NONE', #116, 1000.000000000000000 ) ;
#4265 = CARTESIAN_POINT ( 'NONE',  ( 19.38192999999999699, 102.9218999999999937, 0.000000000000000000 ) ) ;
#4266 = VERTEX_POINT ( 'NONE', #4308 ) ;
#4267 = ADVANCED_FACE ( 'NONE', ( #12577 ), #12713, .F. ) ;
#4268 = ORIENTED_EDGE ( 'NONE', *, *, #4949, .F. ) ;
#4269 = AXIS2_PLACEMENT_3D ( 'NONE', #5419, #9391, #440 ) ;
#4271 = VERTEX_POINT ( 'NONE', #11598 ) ;
#4270 = LINE ( 'NONE', #11438, #3193 ) ;
#4272 = DIRECTION ( 'NONE',  ( -0.000000000000000000, -1.000000000000000000, -0.000000000000000000 ) ) ;
#4273 = VERTEX_POINT ( 'NONE', #566 ) ;
#4274 = AXIS2_PLACEMENT_3D ( 'NONE', #7378, #2421, #5558 ) ;
#4275 = EDGE_CURVE ( 'NONE', #12224, #6543, #9629, .T. ) ;
#4276 = ADVANCED_FACE ( 'NONE', ( #2532 ), #3641, .T. ) ;
#4277 = DIRECTION ( 'NONE',  ( -0.000000000000000000, -1.000000000000000000, -0.000000000000000000 ) ) ;
#4278 = DIRECTION ( 'NONE',  ( 0.000000000000000000, -1.000000000000000000, 0.000000000000000000 ) ) ;
#4279 = CARTESIAN_POINT ( 'NONE',  ( 116.6320000000000192, 126.4969999999999999, 3.000000000000000000 ) ) ;
#4280 = VECTOR ( 'NONE', #11790, 1000.000000000000000 ) ;
#4281 = LINE ( 'NONE', #2054, #752 ) ;
#4282 = DIRECTION ( 'NONE',  ( 1.000000000000000000, -0.000000000000000000, -0.000000000000000000 ) ) ;
#4283 = ORIENTED_EDGE ( 'NONE', *, *, #2356, .F. ) ;
#4284 = EDGE_LOOP ( 'NONE', ( #4964, #8247, #8617, #977 ) ) ;
#4285 = ORIENTED_EDGE ( 'NONE', *, *, #10698, .T. ) ;
#4286 = CARTESIAN_POINT ( 'NONE',  ( 121.6820000000000022, 126.4969999999999999, 3.000000000000000000 ) ) ;
#4287 = VECTOR ( 'NONE', #4282, 1000.000000000000000 ) ;
#4288 = VERTEX_POINT ( 'NONE', #3774 ) ;
#4289 = DIRECTION ( 'NONE',  ( 1.000000000000000000, 0.000000000000000000, 0.000000000000000000 ) ) ;
#4290 = CARTESIAN_POINT ( 'NONE',  ( 133.3000000000000114, 21.72200000000000131, 3.000000000000000000 ) ) ;
#4291 = AXIS2_PLACEMENT_3D ( 'NONE', #7810, #10940, #11793 ) ;
#4292 = CARTESIAN_POINT ( 'NONE',  ( 160.3619999999999948, 58.35159999999999769, 3.000000000000000000 ) ) ;
#4293 = LINE ( 'NONE', #6120, #1617 ) ;
#4294 = VECTOR ( 'NONE', #10387, 1000.000000000000000 ) ;
#4295 = FACE_OUTER_BOUND ( 'NONE', #10412, .T. ) ;
#4297 = ORIENTED_EDGE ( 'NONE', *, *, #9594, .T. ) ;
#4296 = ORIENTED_EDGE ( 'NONE', *, *, #9149, .T. ) ;
#4298 = ORIENTED_EDGE ( 'NONE', *, *, #6978, .F. ) ;
#4299 = DIRECTION ( 'NONE',  ( 1.000000000000000000, 0.000000000000000000, 0.000000000000000000 ) ) ;
#4300 = VERTEX_POINT ( 'NONE', #1805 ) ;
#4301 = ORIENTED_EDGE ( 'NONE', *, *, #897, .F. ) ;
#4302 = EDGE_CURVE ( 'NONE', #2748, #10900, #8732, .T. ) ;
#4303 = ORIENTED_EDGE ( 'NONE', *, *, #10530, .T. ) ;
#4304 = DIRECTION ( 'NONE',  ( 0.000000000000000000, 1.000000000000000000, 0.000000000000000000 ) ) ;
#4305 = CIRCLE ( 'NONE', #741, 1.250000000000001110 ) ;
#4306 = CARTESIAN_POINT ( 'NONE',  ( 97.58150000000000546, 126.4969999999999999, 0.000000000000000000 ) ) ;
#4307 = CARTESIAN_POINT ( 'NONE',  ( 138.9430000000000121, 84.15269999999999584, 0.000000000000000000 ) ) ;
#4308 = CARTESIAN_POINT ( 'NONE',  ( 90.71346499999999935, 102.9218999999999937, 0.000000000000000000 ) ) ;
#4309 = CARTESIAN_POINT ( 'NONE',  ( 35.66899999999999693, 83.92270000000000607, 3.000000000000000000 ) ) ;
#4310 = EDGE_CURVE ( 'NONE', #4271, #8528, #9580, .T. ) ;
#4311 = DIRECTION ( 'NONE',  ( 0.000000000000000000, 0.000000000000000000, 1.000000000000000000 ) ) ;
#4312 = AXIS2_PLACEMENT_3D ( 'NONE', #6763, #10741, #1918 ) ;
#4313 = DIRECTION ( 'NONE',  ( 0.000000000000000000, -0.000000000000000000, 1.000000000000000000 ) ) ;
#4314 = VERTEX_POINT ( 'NONE', #5670 ) ;
#4315 = DIRECTION ( 'NONE',  ( -0.000000000000000000, 0.000000000000000000, -1.000000000000000000 ) ) ;
#4316 = VERTEX_POINT ( 'NONE', #689 ) ;
#4317 = VERTEX_POINT ( 'NONE', #625 ) ;
#4318 = ORIENTED_EDGE ( 'NONE', *, *, #2763, .F. ) ;
#4319 = LINE ( 'NONE', #7317, #2164 ) ;
#4320 = DIRECTION ( 'NONE',  ( 0.000000000000000000, 0.000000000000000000, 1.000000000000000000 ) ) ;
#4321 = EDGE_CURVE ( 'NONE', #6294, #3028, #6517, .T. ) ;
#4322 = AXIS2_PLACEMENT_3D ( 'NONE', #150, #12038, #11060 ) ;
#4323 = CARTESIAN_POINT ( 'NONE',  ( 30.32509999999999906, 6.972859999999999836, 0.000000000000000000 ) ) ;
#4324 = AXIS2_PLACEMENT_3D ( 'NONE', #6101, #8050, #7925 ) ;
#4325 = DIRECTION ( 'NONE',  ( -0.000000000000000000, -0.000000000000000000, -1.000000000000000000 ) ) ;
#4326 = EDGE_CURVE ( 'NONE', #4809, #7086, #4565, .T. ) ;
#4327 = CARTESIAN_POINT ( 'NONE',  ( 74.05719999999999459, 45.82269999999999754, 0.000000000000000000 ) ) ;
#4328 = VECTOR ( 'NONE', #7616, 1000.000000000000000 ) ;
#4329 = FACE_OUTER_BOUND ( 'NONE', #7237, .T. ) ;
#4330 = CARTESIAN_POINT ( 'NONE',  ( 128.8259999999999934, 40.77190000000000225, 3.000000000000000000 ) ) ;
#4331 = AXIS2_PLACEMENT_3D ( 'NONE', #5984, #3770, #9896 ) ;
#4332 = LINE ( 'NONE', #456, #5307 ) ;
#4333 = ORIENTED_EDGE ( 'NONE', *, *, #11767, .F. ) ;
#4334 = EDGE_LOOP ( 'NONE', ( #4749, #5949, #3443, #12397 ) ) ;
#4335 = VECTOR ( 'NONE', #7335, 1000.000000000000000 ) ;
#4337 = ORIENTED_EDGE ( 'NONE', *, *, #9594, .F. ) ;
#4336 = LINE ( 'NONE', #7459, #7145 ) ;
#4338 = CARTESIAN_POINT ( 'NONE',  ( 45.48219999999999885, 112.4980000000000047, 3.000000000000000000 ) ) ;
#4339 = ORIENTED_EDGE ( 'NONE', *, *, #11123, .T. ) ;
#4340 = VECTOR ( 'NONE', #11504, 1000.000000000000000 ) ;
#4341 = CARTESIAN_POINT ( 'NONE',  ( 102.6320000000000050, 26.77250000000000085, 3.000000000000000000 ) ) ;
#4342 = EDGE_CURVE ( 'NONE', #9475, #10900, #9641, .T. ) ;
#4343 = CARTESIAN_POINT ( 'NONE',  ( 26.14410000000000167, 64.87269999999999470, 0.000000000000000000 ) ) ;
#4344 = VECTOR ( 'NONE', #10225, 1000.000000000000000 ) ;
#4345 = PLANE ( 'NONE',  #4348 ) ;
#4346 = CARTESIAN_POINT ( 'NONE',  ( 78.53149999999999409, 40.77190000000000225, 3.000000000000000000 ) ) ;
#4347 = CARTESIAN_POINT ( 'NONE',  ( 30.32509999999999906, 7.952670000000000350, 0.000000000000000000 ) ) ;
#4348 = AXIS2_PLACEMENT_3D ( 'NONE', #10406, #4407, #3491 ) ;
#4349 = EDGE_CURVE ( 'NONE', #9823, #1257, #7614, .T. ) ;
#4350 = VERTEX_POINT ( 'NONE', #11729 ) ;
#4351 = VERTEX_POINT ( 'NONE', #756 ) ;
#4352 = ORIENTED_EDGE ( 'NONE', *, *, #2640, .F. ) ;
#4353 = DIRECTION ( 'NONE',  ( 1.000000000000000000, 0.000000000000000000, 0.000000000000000000 ) ) ;
#4354 = VERTEX_POINT ( 'NONE', #9773 ) ;
#4355 = CARTESIAN_POINT ( 'NONE',  ( 71.67600000000000193, 7.722520000000000273, 3.000000000000000000 ) ) ;
#4356 = DIRECTION ( 'NONE',  ( -0.000000000000000000, -0.000000000000000000, -1.000000000000000000 ) ) ;
#4357 = VECTOR ( 'NONE', #12408, 1000.000000000000000 ) ;
#4358 = LINE ( 'NONE', #8394, #5715 ) ;
#4359 = CARTESIAN_POINT ( 'NONE',  ( 45.48219999999999885, 126.4969999999999999, 3.000000000000000000 ) ) ;
#4360 = VECTOR ( 'NONE', #7303, 1000.000000000000000 ) ;
#4361 = CARTESIAN_POINT ( 'NONE',  ( 159.4939999999999998, 112.4980000000000047, 0.000000000000000000 ) ) ;
#4362 = ADVANCED_FACE ( 'NONE', ( #4622 ), #4688, .F. ) ;
#4364 = EDGE_LOOP ( 'NONE', ( #1383, #2734, #1808, #6771 ) ) ;
#4363 = ORIENTED_EDGE ( 'NONE', *, *, #7687, .F. ) ;
#4365 = EDGE_CURVE ( 'NONE', #831, #3662, #5735, .T. ) ;
#4366 = EDGE_CURVE ( 'NONE', #2438, #911, #3576, .T. ) ;
#4367 = ORIENTED_EDGE ( 'NONE', *, *, #12897, .F. ) ;
#4368 = DIRECTION ( 'NONE',  ( 0.000000000000000000, 0.000000000000000000, 1.000000000000000000 ) ) ;
#4369 = ORIENTED_EDGE ( 'NONE', *, *, #12012, .T. ) ;
#4370 = ORIENTED_EDGE ( 'NONE', *, *, #4682, .T. ) ;
#4371 = ORIENTED_EDGE ( 'NONE', *, *, #1453, .T. ) ;
#4372 = FACE_OUTER_BOUND ( 'NONE', #3382, .T. ) ;
#4373 = CYLINDRICAL_SURFACE ( 'NONE', #10243, 1.250000000000001110 ) ;
#4374 = PLANE ( 'NONE',  #10074 ) ;
#4375 = CARTESIAN_POINT ( 'NONE',  ( 85.67529999999999291, 7.722520000000000273, 3.000000000000000000 ) ) ;
#4376 = DIRECTION ( 'NONE',  ( -0.000000000000000000, -0.000000000000000000, 1.000000000000000000 ) ) ;
#4377 = ADVANCED_FACE ( 'NONE', ( #6649 ), #9705, .T. ) ;
#4378 = DIRECTION ( 'NONE',  ( -1.000000000000000000, -0.000000000000000000, -0.000000000000000000 ) ) ;
#4379 = ADVANCED_FACE ( 'NONE', ( #6585 ), #10559, .T. ) ;
#4380 = CARTESIAN_POINT ( 'NONE',  ( 145.4950000000000045, 126.4969999999999999, 0.000000000000000000 ) ) ;
#4381 = ORIENTED_EDGE ( 'NONE', *, *, #2855, .T. ) ;
#4382 = DIRECTION ( 'NONE',  ( 0.000000000000000000, -0.000000000000000000, 1.000000000000000000 ) ) ;
#4383 = ORIENTED_EDGE ( 'NONE', *, *, #8579, .F. ) ;
#4384 = VERTEX_POINT ( 'NONE', #7686 ) ;
#4385 = ORIENTED_EDGE ( 'NONE', *, *, #4939, .F. ) ;
#4386 = DIRECTION ( 'NONE',  ( -0.000000000000000000, -0.000000000000000000, -1.000000000000000000 ) ) ;
#4387 = DIRECTION ( 'NONE',  ( 1.000000000000000000, 0.000000000000000000, 0.000000000000000000 ) ) ;
#4388 = FACE_OUTER_BOUND ( 'NONE', #10229, .T. ) ;
#4389 = CARTESIAN_POINT ( 'NONE',  ( 143.9689999999999941, 84.15269999999999584, 3.000000000000000000 ) ) ;
#4390 = FACE_OUTER_BOUND ( 'NONE', #8270, .T. ) ;
#4391 = PLANE ( 'NONE',  #3659 ) ;
#4392 = DIRECTION ( 'NONE',  ( -1.000000000000000000, 0.000000000000000000, 0.000000000000000000 ) ) ;
#4393 = EDGE_CURVE ( 'NONE', #6366, #3993, #11664, .T. ) ;
#4394 = ORIENTED_EDGE ( 'NONE', *, *, #6508, .T. ) ;
#4395 = DIRECTION ( 'NONE',  ( 0.000000000000000000, 1.000000000000000000, 0.000000000000000000 ) ) ;
#4396 = VERTEX_POINT ( 'NONE', #957 ) ;
#4397 = ORIENTED_EDGE ( 'NONE', *, *, #8387, .F. ) ;
#4398 = DIRECTION ( 'NONE',  ( 1.000000000000000000, -0.000000000000000000, -0.000000000000000000 ) ) ;
#4400 = ORIENTED_EDGE ( 'NONE', *, *, #6672, .T. ) ;
#4399 = CARTESIAN_POINT ( 'NONE',  ( 49.95649999999999835, 45.82269999999999754, 3.000000000000000000 ) ) ;
#4401 = ADVANCED_FACE ( 'NONE', ( #8002 ), #3973, .T. ) ;
#4402 = DIRECTION ( 'NONE',  ( -1.000000000000000000, 0.000000000000000000, 0.000000000000000000 ) ) ;
#4403 = ORIENTED_EDGE ( 'NONE', *, *, #3740, .T. ) ;
#4404 = DIRECTION ( 'NONE',  ( -0.000000000000000000, 1.000000000000000000, -0.000000000000000000 ) ) ;
#4405 = DIRECTION ( 'NONE',  ( 1.000000000000000000, -0.000000000000000000, -0.000000000000000000 ) ) ;
#4406 = VECTOR ( 'NONE', #6721, 1000.000000000000000 ) ;
#4407 = DIRECTION ( 'NONE',  ( 1.000000000000000000, 0.000000000000000000, 0.000000000000000000 ) ) ;
#4408 = DIRECTION ( 'NONE',  ( -0.000000000000000000, -0.000000000000000000, -1.000000000000000000 ) ) ;
#4409 = VECTOR ( 'NONE', #10833, 1000.000000000000000 ) ;
#4410 = PLANE ( 'NONE',  #3654 ) ;
#4411 = ORIENTED_EDGE ( 'NONE', *, *, #10457, .F. ) ;
#4412 = EDGE_CURVE ( 'NONE', #5217, #10275, #1146, .T. ) ;
#4413 = ORIENTED_EDGE ( 'NONE', *, *, #6917, .T. ) ;
#4414 = ORIENTED_EDGE ( 'NONE', *, *, #1798, .F. ) ;
#4415 = EDGE_CURVE ( 'NONE', #11751, #10450, #886, .T. ) ;
#4416 = DIRECTION ( 'NONE',  ( -0.000000000000000000, -0.000000000000000000, -1.000000000000000000 ) ) ;
#4417 = EDGE_LOOP ( 'NONE', ( #4584, #1493, #4950, #11477 ) ) ;
#4418 = FACE_BOUND ( 'NONE', #7, .T. ) ;
#4419 = AXIS2_PLACEMENT_3D ( 'NONE', #851, #10593, #12810 ) ;
#4420 = DIRECTION ( 'NONE',  ( -0.000000000000000000, 1.000000000000000000, -0.000000000000000000 ) ) ;
#4421 = DIRECTION ( 'NONE',  ( 1.000000000000000000, 0.000000000000000000, 0.000000000000000000 ) ) ;
#4422 = FACE_OUTER_BOUND ( 'NONE', #8772, .T. ) ;
#4423 = VECTOR ( 'NONE', #9915, 1000.000000000000000 ) ;
#4424 = ADVANCED_FACE ( 'NONE', ( #12847 ), #11924, .T. ) ;
#4426 = ORIENTED_EDGE ( 'NONE', *, *, #9917, .F. ) ;
#4425 = ORIENTED_EDGE ( 'NONE', *, *, #7386, .T. ) ;
#4427 = VECTOR ( 'NONE', #618, 1000.000000000000000 ) ;
#4428 = ORIENTED_EDGE ( 'NONE', *, *, #8980, .T. ) ;
#4429 = CARTESIAN_POINT ( 'NONE',  ( 59.76970000000000027, 97.92189999999999372, 0.000000000000000000 ) ) ;
#4430 = VERTEX_POINT ( 'NONE', #10943 ) ;
#4431 = ORIENTED_EDGE ( 'NONE', *, *, #7911, .F. ) ;
#4432 = DIRECTION ( 'NONE',  ( -0.000000000000000000, -0.000000000000000000, -1.000000000000000000 ) ) ;
#4433 = AXIS2_PLACEMENT_3D ( 'NONE', #1420, #10181, #6454 ) ;
#4434 = DIRECTION ( 'NONE',  ( 0.000000000000000000, -1.000000000000000000, 0.000000000000000000 ) ) ;
#4435 = FACE_OUTER_BOUND ( 'NONE', #12620, .T. ) ;
#4436 = LINE ( 'NONE', #5475, #10043 ) ;
#4437 = EDGE_CURVE ( 'NONE', #1607, #1074, #11012, .T. ) ;
#4438 = DIRECTION ( 'NONE',  ( 0.000000000000000000, 0.000000000000000000, 1.000000000000000000 ) ) ;
#4439 = CARTESIAN_POINT ( 'NONE',  ( 109.4879999999999995, 21.72200000000000131, 3.000000000000000000 ) ) ;
#4440 = CARTESIAN_POINT ( 'NONE',  ( 126.4450000000000074, 64.87269999999999470, 3.000000000000000000 ) ) ;
#4441 = ORIENTED_EDGE ( 'NONE', *, *, #8805, .T. ) ;
#4442 = DIRECTION ( 'NONE',  ( 0.000000000000000000, 1.000000000000000000, 0.000000000000000000 ) ) ;
#4443 = ORIENTED_EDGE ( 'NONE', *, *, #12048, .F. ) ;
#4444 = ORIENTED_EDGE ( 'NONE', *, *, #11403, .T. ) ;
#4445 = ORIENTED_EDGE ( 'NONE', *, *, #9376, .F. ) ;
#4446 = DIRECTION ( 'NONE',  ( 0.000000000000000000, 1.000000000000000000, -0.000000000000000000 ) ) ;
#4447 = ADVANCED_FACE ( 'NONE', ( #10881 ), #8865, .T. ) ;
#4448 = LINE ( 'NONE', #7261, #9057 ) ;
#4449 = VECTOR ( 'NONE', #12001, 1000.000000000000000 ) ;
#4450 = DIRECTION ( 'NONE',  ( 0.000000000000000000, 0.000000000000000000, 1.000000000000000000 ) ) ;
#4451 = VECTOR ( 'NONE', #12002, 1000.000000000000000 ) ;
#4452 = LINE ( 'NONE', #8612, #10370 ) ;
#4453 = CARTESIAN_POINT ( 'NONE',  ( 21.38169999999999860, 126.4969999999999999, 0.000000000000000000 ) ) ;
#4454 = LINE ( 'NONE', #8364, #7613 ) ;
#4455 = LINE ( 'NONE', #10388, #11195 ) ;
#4456 = LINE ( 'NONE', #4517, #4114 ) ;
#4457 = DIRECTION ( 'NONE',  ( -0.000000000000000000, 1.000000000000000000, -0.000000000000000000 ) ) ;
#4458 = VECTOR ( 'NONE', #4496, 1000.000000000000000 ) ;
#4459 = EDGE_LOOP ( 'NONE', ( #8398, #11590, #3507, #6908 ) ) ;
#4460 = EDGE_LOOP ( 'NONE', ( #4841, #4980, #4428, #10471, #10402, #7820, #11871, #10104, #8308, #4230, #2972, #6740, #12908, #1879, #617, #5326, #5434, #7964, #12484, #7097, #9781, #8126, #648, #3185, #5633, #4778, #11681, #8941 ) ) ;
#4461 = LINE ( 'NONE', #5201, #4211 ) ;
#4463 = EDGE_LOOP ( 'NONE', ( #266, #1975, #11200, #12572 ) ) ;
#4462 = CARTESIAN_POINT ( 'NONE',  ( 97.58150000000000546, 40.77190000000000225, 3.000000000000000000 ) ) ;
#4464 = ADVANCED_FACE ( 'NONE', ( #4886 ), #6963, .T. ) ;
#4465 = LINE ( 'NONE', #7276, #9255 ) ;
#4466 = EDGE_LOOP ( 'NONE', ( #6786, #6415, #2304, #4182 ) ) ;
#4467 = CARTESIAN_POINT ( 'NONE',  ( 16.90719999999999956, 59.82189999999999941, 3.000000000000000000 ) ) ;
#4468 = CARTESIAN_POINT ( 'NONE',  ( 27.02609999999999957, 6.972859999999999836, 0.000000000000000000 ) ) ;
#4469 = AXIS2_PLACEMENT_3D ( 'NONE', #4985, #5109, #2093 ) ;
#4470 = DIRECTION ( 'NONE',  ( -0.000000000000000000, -0.000000000000000000, -1.000000000000000000 ) ) ;
#4471 = LINE ( 'NONE', #8380, #9751 ) ;
#4472 = DIRECTION ( 'NONE',  ( 0.000000000000000000, -0.000000000000000000, -1.000000000000000000 ) ) ;
#4473 = EDGE_CURVE ( 'NONE', #1813, #5791, #3910, .T. ) ;
#4474 = CARTESIAN_POINT ( 'NONE',  ( 54.12530000000000285, 6.972859999999999836, 0.000000000000000000 ) ) ;
#4475 = ORIENTED_EDGE ( 'NONE', *, *, #6275, .F. ) ;
#4476 = VECTOR ( 'NONE', #7757, 1000.000000000000000 ) ;
#4477 = ORIENTED_EDGE ( 'NONE', *, *, #12916, .F. ) ;
#4478 = DIRECTION ( 'NONE',  ( 0.000000000000000000, 1.000000000000000000, 0.000000000000000000 ) ) ;
#4479 = VERTEX_POINT ( 'NONE', #1080 ) ;
#4480 = FACE_BOUND ( 'NONE', #713, .T. ) ;
#4481 = CIRCLE ( 'NONE', #4893, 1.000000000000000888 ) ;
#4482 = EDGE_CURVE ( 'NONE', #2275, #3966, #3118, .T. ) ;
#4483 = CARTESIAN_POINT ( 'NONE',  ( 112.1569999999999965, 59.82189999999999941, 0.000000000000000000 ) ) ;
#4484 = FACE_OUTER_BOUND ( 'NONE', #10393, .T. ) ;
#4485 = DIRECTION ( 'NONE',  ( -1.000000000000000000, 0.000000000000000000, 0.000000000000000000 ) ) ;
#4486 = EDGE_CURVE ( 'NONE', #4316, #6783, #6903, .T. ) ;
#4488 = VERTEX_POINT ( 'NONE', #5078 ) ;
#4487 = ORIENTED_EDGE ( 'NONE', *, *, #7391, .T. ) ;
#4489 = VECTOR ( 'NONE', #1343, 1000.000000000000000 ) ;
#4490 = ORIENTED_EDGE ( 'NONE', *, *, #12164, .F. ) ;
#4491 = DIRECTION ( 'NONE',  ( -0.000000000000000000, -0.000000000000000000, -1.000000000000000000 ) ) ;
#4492 = ORIENTED_EDGE ( 'NONE', *, *, #4583, .T. ) ;
#4493 = VERTEX_POINT ( 'NONE', #5990 ) ;
#4494 = LINE ( 'NONE', #2723, #8242 ) ;
#4495 = CARTESIAN_POINT ( 'NONE',  ( 50.82469999999999999, 7.952670000000000350, 3.000000000000000000 ) ) ;
#4496 = DIRECTION ( 'NONE',  ( -0.000000000000000000, -1.000000000000000000, -0.000000000000000000 ) ) ;
#4497 = DIRECTION ( 'NONE',  ( 0.000000000000000000, 0.000000000000000000, 1.000000000000000000 ) ) ;
#4498 = VECTOR ( 'NONE', #11129, 1000.000000000000000 ) ;
#4499 = ADVANCED_FACE ( 'NONE', ( #8988 ), #10823, .T. ) ;
#4500 = CARTESIAN_POINT ( 'NONE',  ( 188.3569999999999993, 40.77190000000000225, 0.000000000000000000 ) ) ;
#4501 = CARTESIAN_POINT ( 'NONE',  ( 9.618929999999991765, 80.89100000000001955, 0.000000000000000000 ) ) ;
#4502 = ORIENTED_EDGE ( 'NONE', *, *, #2892, .F. ) ;
#4503 = FACE_OUTER_BOUND ( 'NONE', #544, .T. ) ;
#4504 = ORIENTED_EDGE ( 'NONE', *, *, #6423, .F. ) ;
#4505 = EDGE_CURVE ( 'NONE', #1593, #5744, #480, .T. ) ;
#4506 = VECTOR ( 'NONE', #11769, 1000.000000000000000 ) ;
#4507 = ORIENTED_EDGE ( 'NONE', *, *, #5623, .F. ) ;
#4508 = ORIENTED_EDGE ( 'NONE', *, *, #3557, .F. ) ;
#4509 = LINE ( 'NONE', #12470, #4406 ) ;
#4510 = LINE ( 'NONE', #636, #7591 ) ;
#4511 = CARTESIAN_POINT ( 'NONE',  ( 14.88192999999999699, 43.29100000000002524, 3.000000000000000000 ) ) ;
#4512 = CARTESIAN_POINT ( 'NONE',  ( 71.67600000000000193, 21.72200000000000131, 0.000000000000000000 ) ) ;
#4513 = VECTOR ( 'NONE', #119, 1000.000000000000000 ) ;
#4514 = LINE ( 'NONE', #7265, #1214 ) ;
#4515 = DIRECTION ( 'NONE',  ( -0.000000000000000000, -0.000000000000000000, -1.000000000000000000 ) ) ;
#4516 = CARTESIAN_POINT ( 'NONE',  ( 40.43149999999999977, 26.77250000000000085, 0.000000000000000000 ) ) ;
#4517 = CARTESIAN_POINT ( 'NONE',  ( 166.0440000000000111, 97.37229999999999563, 3.000000000000000000 ) ) ;
#4518 = ORIENTED_EDGE ( 'NONE', *, *, #11039, .T. ) ;
#4519 = EDGE_CURVE ( 'NONE', #2307, #7993, #98, .T. ) ;
#4520 = LINE ( 'NONE', #6285, #2620 ) ;
#4521 = ORIENTED_EDGE ( 'NONE', *, *, #9882, .T. ) ;
#4522 = ORIENTED_EDGE ( 'NONE', *, *, #6562, .T. ) ;
#4523 = CARTESIAN_POINT ( 'NONE',  ( 78.53149999999999409, 126.4969999999999999, 0.000000000000000000 ) ) ;
#4524 = EDGE_CURVE ( 'NONE', #1593, #6525, #1019, .T. ) ;
#4525 = EDGE_CURVE ( 'NONE', #12091, #12386, #12053, .T. ) ;
#4527 = ORIENTED_EDGE ( 'NONE', *, *, #5211, .F. ) ;
#4526 = DIRECTION ( 'NONE',  ( -0.000000000000000000, 0.000000000000000000, -1.000000000000000000 ) ) ;
#4528 = AXIS2_PLACEMENT_3D ( 'NONE', #8702, #1651, #12685 ) ;
#4529 = VECTOR ( 'NONE', #7091, 1000.000000000000000 ) ;
#4530 = DIRECTION ( 'NONE',  ( -1.000000000000000000, 0.000000000000000000, 0.000000000000000000 ) ) ;
#4531 = ORIENTED_EDGE ( 'NONE', *, *, #12870, .T. ) ;
#4532 = CARTESIAN_POINT ( 'NONE',  ( 159.4939999999999998, 83.92270000000000607, 3.000000000000000000 ) ) ;
#4533 = DIRECTION ( 'NONE',  ( -1.000000000000000000, 0.000000000000000000, 0.000000000000000000 ) ) ;
#4534 = CARTESIAN_POINT ( 'NONE',  ( 30.32509999999999906, 7.952670000000000350, 0.000000000000000000 ) ) ;
#4535 = VECTOR ( 'NONE', #2813, 1000.000000000000000 ) ;
#4536 = DIRECTION ( 'NONE',  ( 0.000000000000000000, -0.000000000000000000, -1.000000000000000000 ) ) ;
#4537 = EDGE_CURVE ( 'NONE', #9505, #9221, #1872, .T. ) ;
#4538 = VECTOR ( 'NONE', #4277, 1000.000000000000000 ) ;
#4539 = CARTESIAN_POINT ( 'NONE',  ( 202.3569999999999993, 45.82269999999999754, 0.000000000000000000 ) ) ;
#4540 = ORIENTED_EDGE ( 'NONE', *, *, #5805, .T. ) ;
#4541 = ORIENTED_EDGE ( 'NONE', *, *, #4393, .T. ) ;
#4542 = VECTOR ( 'NONE', #6620, 1000.000000000000000 ) ;
#4543 = VECTOR ( 'NONE', #4478, 1000.000000000000000 ) ;
#4544 = CARTESIAN_POINT ( 'NONE',  ( 47.57529999999999859, 12.42159999999999975, 0.000000000000000000 ) ) ;
#4545 = ORIENTED_EDGE ( 'NONE', *, *, #8323, .T. ) ;
#4546 = FACE_BOUND ( 'NONE', #8043, .T. ) ;
#4547 = AXIS2_PLACEMENT_3D ( 'NONE', #9243, #12249, #10094 ) ;
#4548 = EDGE_CURVE ( 'NONE', #7788, #10026, #5144, .T. ) ;
#4549 = CARTESIAN_POINT ( 'NONE',  ( 134.0130000000000337, 52.32260000000000133, 0.000000000000000000 ) ) ;
#4550 = CARTESIAN_POINT ( 'NONE',  ( 139.8630000000000280, 46.05270000000000152, 3.000000000000000000 ) ) ;
#4551 = LINE ( 'NONE', #11269, #994 ) ;
#4552 = CIRCLE ( 'NONE', #12465, 0.5000000000000000000 ) ;
#4554 = ORIENTED_EDGE ( 'NONE', *, *, #8382, .T. ) ;
#4553 = VERTEX_POINT ( 'NONE', #9371 ) ;
#4555 = ORIENTED_EDGE ( 'NONE', *, *, #6486, .T. ) ;
#4556 = EDGE_CURVE ( 'NONE', #6703, #6894, #7162, .T. ) ;
#4557 = CARTESIAN_POINT ( 'NONE',  ( 78.81969999999999743, 97.92189999999999372, 0.000000000000000000 ) ) ;
#4558 = ORIENTED_EDGE ( 'NONE', *, *, #8001, .T. ) ;
#4559 = ORIENTED_EDGE ( 'NONE', *, *, #10149, .F. ) ;
#4560 = CARTESIAN_POINT ( 'NONE',  ( 88.05649999999999977, 45.82269999999999754, 0.000000000000000000 ) ) ;
#4561 = AXIS2_PLACEMENT_3D ( 'NONE', #9657, #8614, #6533 ) ;
#4562 = EDGE_CURVE ( 'NONE', #12024, #4317, #9120, .T. ) ;
#4563 = FACE_OUTER_BOUND ( 'NONE', #2337, .T. ) ;
#4564 = CARTESIAN_POINT ( 'NONE',  ( 19.38192999999999699, 102.9218999999999937, -7.000000000000000000 ) ) ;
#4565 = LINE ( 'NONE', #5545, #4630 ) ;
#4566 = FACE_OUTER_BOUND ( 'NONE', #12652, .T. ) ;
#4567 = LINE ( 'NONE', #5851, #1589 ) ;
#4568 = EDGE_LOOP ( 'NONE', ( #607, #4171, #12445, #1816 ) ) ;
#4569 = DIRECTION ( 'NONE',  ( -0.000000000000000000, -0.000000000000000000, -1.000000000000000000 ) ) ;
#4570 = EDGE_LOOP ( 'NONE', ( #6286, #7608, #7071, #8335 ) ) ;
#4571 = ORIENTED_EDGE ( 'NONE', *, *, #8072, .F. ) ;
#4572 = EDGE_CURVE ( 'NONE', #9646, #12399, #6187, .T. ) ;
#4573 = VERTEX_POINT ( 'NONE', #12113 ) ;
#4574 = LINE ( 'NONE', #1495, #421 ) ;
#4575 = CARTESIAN_POINT ( 'NONE',  ( 90.67530000000000712, 14.24100000000001920, 3.000000000000000000 ) ) ;
#4576 = LINE ( 'NONE', #3655, #472 ) ;
#4577 = DIRECTION ( 'NONE',  ( -1.000000000000000000, -0.000000000000000000, -0.000000000000000000 ) ) ;
#4578 = EDGE_CURVE ( 'NONE', #3902, #9190, #7292, .T. ) ;
#4579 = CARTESIAN_POINT ( 'NONE',  ( 54.12530000000000285, 7.952670000000000350, 0.000000000000000000 ) ) ;
#4580 = EDGE_CURVE ( 'NONE', #8558, #6199, #8330, .T. ) ;
#4581 = DIRECTION ( 'NONE',  ( -1.000000000000000000, -0.000000000000000000, -0.000000000000000000 ) ) ;
#4582 = CARTESIAN_POINT ( 'NONE',  ( 26.43220000000000169, 26.77250000000000085, 0.000000000000000000 ) ) ;
#4583 = EDGE_CURVE ( 'NONE', #104, #5536, #11144, .T. ) ;
#4584 = ORIENTED_EDGE ( 'NONE', *, *, #9900, .F. ) ;
#4585 = LINE ( 'NONE', #8501, #5110 ) ;
#4586 = EDGE_LOOP ( 'NONE', ( #8294, #11169, #8098, #6755 ) ) ;
#4587 = ORIENTED_EDGE ( 'NONE', *, *, #11054, .F. ) ;
#4588 = CARTESIAN_POINT ( 'NONE',  ( 88.34470000000000312, 64.87269999999999470, 3.000000000000000000 ) ) ;
#4589 = DIRECTION ( 'NONE',  ( -1.000000000000000000, 0.000000000000000000, 0.000000000000000000 ) ) ;
#4590 = LINE ( 'NONE', #1836, #5301 ) ;
#4591 = VERTEX_POINT ( 'NONE', #1273 ) ;
#4592 = CARTESIAN_POINT ( 'NONE',  ( 50.82469999999999999, 7.952670000000000350, 3.000000000000000000 ) ) ;
#4593 = DIRECTION ( 'NONE',  ( 0.000000000000000000, 0.000000000000000000, 1.000000000000000000 ) ) ;
#4594 = PLANE ( 'NONE',  #1304 ) ;
#4595 = ADVANCED_FACE ( 'NONE', ( #3375 ), #165, .T. ) ;
#4596 = DIRECTION ( 'NONE',  ( 0.000000000000000000, 0.000000000000000000, 1.000000000000000000 ) ) ;
#4597 = EDGE_CURVE ( 'NONE', #1040, #6256, #3318, .T. ) ;
#4598 = DIRECTION ( 'NONE',  ( -0.000000000000000000, 1.000000000000000000, -0.000000000000000000 ) ) ;
#4599 = DIRECTION ( 'NONE',  ( 0.000000000000000000, 0.000000000000000000, 1.000000000000000000 ) ) ;
#4600 = DIRECTION ( 'NONE',  ( -0.000000000000000000, 0.000000000000000000, -1.000000000000000000 ) ) ;
#4601 = VERTEX_POINT ( 'NONE', #12183 ) ;
#4603 = ORIENTED_EDGE ( 'NONE', *, *, #3610, .F. ) ;
#4602 = ORIENTED_EDGE ( 'NONE', *, *, #9219, .F. ) ;
#4604 = CARTESIAN_POINT ( 'NONE',  ( 145.4950000000000045, 2.960030000000000161, 0.000000000000000000 ) ) ;
#4605 = ORIENTED_EDGE ( 'NONE', *, *, #5456, .F. ) ;
#4606 = FACE_BOUND ( 'NONE', #1811, .T. ) ;
#4607 = EDGE_CURVE ( 'NONE', #4948, #11326, #4161, .T. ) ;
#4608 = DIRECTION ( 'NONE',  ( 0.000000000000000000, -0.000000000000000000, -1.000000000000000000 ) ) ;
#4609 = DIRECTION ( 'NONE',  ( 0.000000000000000000, 0.000000000000000000, -1.000000000000000000 ) ) ;
#4610 = CARTESIAN_POINT ( 'NONE',  ( 130.9190000000000111, 97.92189999999999372, 3.000000000000000000 ) ) ;
#4612 = EDGE_LOOP ( 'NONE', ( #6113, #11442, #8241, #8999 ) ) ;
#4611 = ORIENTED_EDGE ( 'NONE', *, *, #9183, .F. ) ;
#4613 = EDGE_CURVE ( 'NONE', #10548, #11587, #3181, .T. ) ;
#4614 = VERTEX_POINT ( 'NONE', #5267 ) ;
#4615 = CARTESIAN_POINT ( 'NONE',  ( 49.10099999999999909, 7.952670000000000350, 0.000000000000000000 ) ) ;
#4616 = VERTEX_POINT ( 'NONE', #6251 ) ;
#4617 = ORIENTED_EDGE ( 'NONE', *, *, #1595, .T. ) ;
#4618 = VECTOR ( 'NONE', #4883, 1000.000000000000000 ) ;
#4619 = DIRECTION ( 'NONE',  ( 0.000000000000000000, 0.000000000000000000, 1.000000000000000000 ) ) ;
#4620 = CARTESIAN_POINT ( 'NONE',  ( 136.5620000000000118, 45.07159999999999656, 3.000000000000000000 ) ) ;
#4621 = DIRECTION ( 'NONE',  ( 0.000000000000000000, 1.000000000000000000, -0.000000000000000000 ) ) ;
#4622 = FACE_OUTER_BOUND ( 'NONE', #5508, .T. ) ;
#4623 = DIRECTION ( 'NONE',  ( 1.000000000000000000, 0.000000000000000000, 0.000000000000000000 ) ) ;
#4624 = VECTOR ( 'NONE', #6178, 1000.000000000000000 ) ;
#4625 = ORIENTED_EDGE ( 'NONE', *, *, #8470, .F. ) ;
#4626 = EDGE_CURVE ( 'NONE', #3671, #108, #288, .T. ) ;
#4627 = ORIENTED_EDGE ( 'NONE', *, *, #2722, .T. ) ;
#4628 = LINE ( 'NONE', #2868, #4070 ) ;
#4629 = VERTEX_POINT ( 'NONE', #7351 ) ;
#4630 = VECTOR ( 'NONE', #2726, 1000.000000000000000 ) ;
#4631 = ORIENTED_EDGE ( 'NONE', *, *, #4982, .T. ) ;
#4632 = ORIENTED_EDGE ( 'NONE', *, *, #7307, .T. ) ;
#4633 = LINE ( 'NONE', #12588, #8357 ) ;
#4634 = CARTESIAN_POINT ( 'NONE',  ( 208.6330000000000098, 35.43408199999999653, 0.000000000000000000 ) ) ;
#4635 = DIRECTION ( 'NONE',  ( 0.000000000000000000, 0.000000000000000000, 1.000000000000000000 ) ) ;
#4636 = EDGE_CURVE ( 'NONE', #2819, #7679, #270, .T. ) ;
#4637 = DIRECTION ( 'NONE',  ( 1.000000000000000000, 0.000000000000000000, 0.000000000000000000 ) ) ;
#4638 = FACE_OUTER_BOUND ( 'NONE', #7462, .T. ) ;
#4639 = DIRECTION ( 'NONE',  ( -1.000000000000000000, 0.000000000000000000, 0.000000000000000000 ) ) ;
#4640 = EDGE_CURVE ( 'NONE', #3685, #10868, #2326, .T. ) ;
#4641 = LINE ( 'NONE', #3475, #2863 ) ;
#4642 = ORIENTED_EDGE ( 'NONE', *, *, #11885, .F. ) ;
#4643 = FACE_OUTER_BOUND ( 'NONE', #12555, .T. ) ;
#4644 = ORIENTED_EDGE ( 'NONE', *, *, #12830, .F. ) ;
#4645 = ORIENTED_EDGE ( 'NONE', *, *, #5748, .F. ) ;
#4646 = ORIENTED_EDGE ( 'NONE', *, *, #8768, .F. ) ;
#4647 = DIRECTION ( 'NONE',  ( -0.000000000000000000, 1.000000000000000000, -0.000000000000000000 ) ) ;
#4648 = VECTOR ( 'NONE', #6267, 1000.000000000000000 ) ;
#4649 = DIRECTION ( 'NONE',  ( 0.000000000000000000, 0.000000000000000000, -1.000000000000000000 ) ) ;
#4650 = EDGE_CURVE ( 'NONE', #1027, #1987, #10712, .T. ) ;
#4651 = CARTESIAN_POINT ( 'NONE',  ( 49.10099999999999909, 17.02149999999999963, 3.000000000000000000 ) ) ;
#4652 = ORIENTED_EDGE ( 'NONE', *, *, #745, .T. ) ;
#4653 = LINE ( 'NONE', #12608, #1487 ) ;
#4654 = EDGE_CURVE ( 'NONE', #1471, #2992, #11331, .T. ) ;
#4655 = DIRECTION ( 'NONE',  ( 0.000000000000000000, 0.000000000000000000, -1.000000000000000000 ) ) ;
#4656 = CARTESIAN_POINT ( 'NONE',  ( 141.5879999999999939, 58.35159999999999769, 3.000000000000000000 ) ) ;
#4657 = CARTESIAN_POINT ( 'NONE',  ( 45.48219999999999885, 26.77250000000000085, 3.000000000000000000 ) ) ;
#4658 = EDGE_CURVE ( 'NONE', #813, #9301, #70, .T. ) ;
#4659 = CARTESIAN_POINT ( 'NONE',  ( 16.61919999999999931, 97.92189999999999372, 0.000000000000000000 ) ) ;
#4660 = FACE_OUTER_BOUND ( 'NONE', #2943, .T. ) ;
#4661 = CYLINDRICAL_SURFACE ( 'NONE', #7408, 1.250000000000001110 ) ;
#4662 = ORIENTED_EDGE ( 'NONE', *, *, #1085, .T. ) ;
#4664 = ORIENTED_EDGE ( 'NONE', *, *, #4525, .F. ) ;
#4663 = ORIENTED_EDGE ( 'NONE', *, *, #7575, .T. ) ;
#4665 = EDGE_CURVE ( 'NONE', #7935, #2904, #4358, .T. ) ;
#4666 = EDGE_CURVE ( 'NONE', #3245, #12007, #5460, .T. ) ;
#4667 = DIRECTION ( 'NONE',  ( 0.000000000000000000, -0.000000000000000000, 1.000000000000000000 ) ) ;
#4668 = EDGE_LOOP ( 'NONE', ( #11573, #7907, #10293, #3323 ) ) ;
#4669 = CARTESIAN_POINT ( 'NONE',  ( 136.5620000000000118, 46.05270000000000152, 3.000000000000000000 ) ) ;
#4670 = AXIS2_PLACEMENT_3D ( 'NONE', #6310, #10162, #9182 ) ;
#4671 = DIRECTION ( 'NONE',  ( -1.000000000000000000, -0.000000000000000000, -0.000000000000000000 ) ) ;
#4672 = CARTESIAN_POINT ( 'NONE',  ( 136.3940000000000055, 90.42260000000000275, 3.000000000000000000 ) ) ;
#4673 = DIRECTION ( 'NONE',  ( 0.000000000000000000, -1.000000000000000000, 0.000000000000000000 ) ) ;
#4674 = DIRECTION ( 'NONE',  ( 0.000000000000000000, 0.000000000000000000, 1.000000000000000000 ) ) ;
#4675 = VECTOR ( 'NONE', #10524, 1000.000000000000000 ) ;
#4677 = ORIENTED_EDGE ( 'NONE', *, *, #2329, .F. ) ;
#4676 = ORIENTED_EDGE ( 'NONE', *, *, #327, .T. ) ;
#4678 = ORIENTED_EDGE ( 'NONE', *, *, #5681, .F. ) ;
#4679 = CARTESIAN_POINT ( 'NONE',  ( 202.3569999999999993, 83.92270000000000607, 3.000000000000000000 ) ) ;
#4680 = EDGE_CURVE ( 'NONE', #12190, #9249, #9434, .T. ) ;
#4681 = ORIENTED_EDGE ( 'NONE', *, *, #4613, .F. ) ;
#4682 = EDGE_CURVE ( 'NONE', #11719, #8909, #9567, .T. ) ;
#4683 = VECTOR ( 'NONE', #907, 1000.000000000000000 ) ;
#4684 = ORIENTED_EDGE ( 'NONE', *, *, #4888, .T. ) ;
#4685 = CARTESIAN_POINT ( 'NONE',  ( 4.856929999999986869, 133.0209999999999866, 0.000000000000000000 ) ) ;
#4686 = DIRECTION ( 'NONE',  ( -1.456985596620940580E-15, 1.000000000000000000, 0.000000000000000000 ) ) ;
#4687 = DIRECTION ( 'NONE',  ( -1.000000000000000000, 0.000000000000000000, 0.000000000000000000 ) ) ;
#4688 = CYLINDRICAL_SURFACE ( 'NONE', #5472, 0.5000000000000004441 ) ;
#4689 = DIRECTION ( 'NONE',  ( -0.000000000000000000, -0.000000000000000000, -1.000000000000000000 ) ) ;
#4690 = VECTOR ( 'NONE', #4569, 1000.000000000000000 ) ;
#4691 = ORIENTED_EDGE ( 'NONE', *, *, #3712, .F. ) ;
#4692 = ADVANCED_FACE ( 'NONE', ( #5529 ), #3504, .T. ) ;
#4693 = ORIENTED_EDGE ( 'NONE', *, *, #1834, .T. ) ;
#4694 = LINE ( 'NONE', #8603, #10938 ) ;
#4695 = ORIENTED_EDGE ( 'NONE', *, *, #3631, .F. ) ;
#4696 = EDGE_LOOP ( 'NONE', ( #6838, #2493, #3962, #6833 ) ) ;
#4697 = VERTEX_POINT ( 'NONE', #5719 ) ;
#4698 = DIRECTION ( 'NONE',  ( -1.821231995776175725E-16, 1.000000000000000000, 0.000000000000000000 ) ) ;
#4699 = LINE ( 'NONE', #6723, #9887 ) ;
#4700 = VECTOR ( 'NONE', #1716, 1000.000000000000000 ) ;
#4701 = CARTESIAN_POINT ( 'NONE',  ( 35.95720000000000027, 59.82189999999999941, 3.000000000000000000 ) ) ;
#4702 = ADVANCED_FACE ( 'NONE', ( #4484 ), #8583, .F. ) ;
#4703 = LINE ( 'NONE', #8679, #9746 ) ;
#4704 = VECTOR ( 'NONE', #6900, 1000.000000000000000 ) ;
#4705 = DIRECTION ( 'NONE',  ( 1.000000000000000000, -0.000000000000000000, -0.000000000000000000 ) ) ;
#4706 = AXIS2_PLACEMENT_3D ( 'NONE', #5517, #9489, #4536 ) ;
#4707 = LINE ( 'NONE', #3731, #9918 ) ;
#4708 = PLANE ( 'NONE',  #770 ) ;
#4709 = ORIENTED_EDGE ( 'NONE', *, *, #8424, .F. ) ;
#4710 = CARTESIAN_POINT ( 'NONE',  ( 97.58150000000000546, 126.4969999999999999, 3.000000000000000000 ) ) ;
#4711 = ORIENTED_EDGE ( 'NONE', *, *, #6518, .T. ) ;
#4712 = ORIENTED_EDGE ( 'NONE', *, *, #3906, .F. ) ;
#4713 = EDGE_LOOP ( 'NONE', ( #11556, #7890 ) ) ;
#4714 = CARTESIAN_POINT ( 'NONE',  ( 164.5449999999999875, 36.00939999999999941, 3.000000000000000000 ) ) ;
#4715 = EDGE_CURVE ( 'NONE', #5723, #10378, #9689, .T. ) ;
#4716 = CARTESIAN_POINT ( 'NONE',  ( 145.4930000000000234, 97.92189999999999372, 3.000000000000000000 ) ) ;
#4717 = DIRECTION ( 'NONE',  ( -1.000000000000000000, 0.000000000000000000, 0.000000000000000000 ) ) ;
#4718 = VERTEX_POINT ( 'NONE', #12441 ) ;
#4719 = VECTOR ( 'NONE', #8615, 1000.000000000000000 ) ;
#4720 = CARTESIAN_POINT ( 'NONE',  ( 83.58220000000000027, 26.77250000000000085, 0.000000000000000000 ) ) ;
#4721 = EDGE_CURVE ( 'NONE', #2751, #9455, #12565, .T. ) ;
#4722 = CARTESIAN_POINT ( 'NONE',  ( 207.3830000000000098, 35.43408199999999653, 3.000000000000000000 ) ) ;
#4723 = FACE_OUTER_BOUND ( 'NONE', #1831, .T. ) ;
#4724 = PLANE ( 'NONE',  #12040 ) ;
#4725 = CARTESIAN_POINT ( 'NONE',  ( 143.1119999999999948, 50.52170000000000272, 3.000000000000000000 ) ) ;
#4726 = CARTESIAN_POINT ( 'NONE',  ( 111.8689999999999998, 83.92270000000000607, 0.000000000000000000 ) ) ;
#4727 = DIRECTION ( 'NONE',  ( 0.000000000000000000, 1.000000000000000000, 0.000000000000000000 ) ) ;
#4728 = AXIS2_PLACEMENT_3D ( 'NONE', #11971, #8254, #8973 ) ;
#4729 = ORIENTED_EDGE ( 'NONE', *, *, #5001, .T. ) ;
#4730 = AXIS2_PLACEMENT_3D ( 'NONE', #7028, #5141, #4223 ) ;
#4732 = ORIENTED_EDGE ( 'NONE', *, *, #3877, .F. ) ;
#4731 = VERTEX_POINT ( 'NONE', #4738 ) ;
#4733 = FACE_OUTER_BOUND ( 'NONE', #5981, .T. ) ;
#4734 = VERTEX_POINT ( 'NONE', #8460 ) ;
#4735 = DIRECTION ( 'NONE',  ( -1.000000000000000000, -0.000000000000000000, -0.000000000000000000 ) ) ;
#4736 = EDGE_CURVE ( 'NONE', #6399, #3866, #7479, .T. ) ;
#4737 = CARTESIAN_POINT ( 'NONE',  ( 88.34470000000000312, 64.87269999999999470, 3.000000000000000000 ) ) ;
#4738 = CARTESIAN_POINT ( 'NONE',  ( 89.42529999999999291, 14.24100000000001920, 3.000000000000000000 ) ) ;
#4739 = VECTOR ( 'NONE', #9801, 1000.000000000000000 ) ;
#4740 = DIRECTION ( 'NONE',  ( -0.000000000000000000, -0.000000000000000000, -1.000000000000000000 ) ) ;
#4741 = EDGE_CURVE ( 'NONE', #6574, #4384, #739, .T. ) ;
#4742 = FACE_OUTER_BOUND ( 'NONE', #7754, .T. ) ;
#4743 = AXIS2_PLACEMENT_3D ( 'NONE', #9706, #3520, #7550 ) ;
#4745 = VERTEX_POINT ( 'NONE', #10478 ) ;
#4744 = ORIENTED_EDGE ( 'NONE', *, *, #9804, .F. ) ;
#4746 = VECTOR ( 'NONE', #2966, 1000.000000000000000 ) ;
#4747 = VERTEX_POINT ( 'NONE', #2776 ) ;
#4748 = CARTESIAN_POINT ( 'NONE',  ( 32.05040000000000333, 12.42159999999999975, 0.000000000000000000 ) ) ;
#4749 = ORIENTED_EDGE ( 'NONE', *, *, #352, .F. ) ;
#4750 = VECTOR ( 'NONE', #3469, 1000.000000000000000 ) ;
#4751 = VERTEX_POINT ( 'NONE', #9500 ) ;
#4752 = CARTESIAN_POINT ( 'NONE',  ( 59.48149999999999693, 112.4980000000000047, 3.000000000000000000 ) ) ;
#4753 = DIRECTION ( 'NONE',  ( -0.000000000000000000, 0.000000000000000000, -1.000000000000000000 ) ) ;
#4754 = CARTESIAN_POINT ( 'NONE',  ( 92.81900000000000261, 83.92270000000000607, 3.000000000000000000 ) ) ;
#4755 = VECTOR ( 'NONE', #5770, 1000.000000000000000 ) ;
#4756 = CARTESIAN_POINT ( 'NONE',  ( 64.53220000000000312, 112.4980000000000047, 3.000000000000000000 ) ) ;
#4757 = VECTOR ( 'NONE', #9758, 1000.000000000000000 ) ;
#4758 = CARTESIAN_POINT ( 'NONE',  ( 208.8830000000000098, 134.0210000000000150, 0.000000000000000000 ) ) ;
#4759 = ADVANCED_FACE ( 'NONE', ( #1532 ), #549, .T. ) ;
#4760 = ADVANCED_FACE ( 'NONE', ( #7728 ), #1598, .F. ) ;
#4761 = ORIENTED_EDGE ( 'NONE', *, *, #3931, .F. ) ;
#4762 = ORIENTED_EDGE ( 'NONE', *, *, #873, .F. ) ;
#4763 = DIRECTION ( 'NONE',  ( 0.000000000000000000, -0.000000000000000000, -1.000000000000000000 ) ) ;
#4764 = AXIS2_PLACEMENT_3D ( 'NONE', #12285, #11303, #8494 ) ;
#4765 = ORIENTED_EDGE ( 'NONE', *, *, #11454, .F. ) ;
#4766 = EDGE_LOOP ( 'NONE', ( #9438, #10778, #11990, #4492 ) ) ;
#4767 = ORIENTED_EDGE ( 'NONE', *, *, #9103, .T. ) ;
#4768 = EDGE_LOOP ( 'NONE', ( #4186, #5277, #6259, #5470 ) ) ;
#4769 = PLANE ( 'NONE',  #842 ) ;
#4770 = PLANE ( 'NONE',  #6144 ) ;
#4771 = CYLINDRICAL_SURFACE ( 'NONE', #9214, 1.250000000000001110 ) ;
#4772 = ADVANCED_FACE ( 'NONE', ( #10610 ), #1663, .T. ) ;
#4773 = DIRECTION ( 'NONE',  ( -0.000000000000000000, -0.000000000000000000, -1.000000000000000000 ) ) ;
#4774 = LINE ( 'NONE', #8749, #8517 ) ;
#4775 = VECTOR ( 'NONE', #10177, 1000.000000000000000 ) ;
#4776 = DIRECTION ( 'NONE',  ( 0.000000000000000000, 0.000000000000000000, 1.000000000000000000 ) ) ;
#4777 = LINE ( 'NONE', #8991, #4970 ) ;
#4778 = ORIENTED_EDGE ( 'NONE', *, *, #6993, .T. ) ;
#4779 = DIRECTION ( 'NONE',  ( 0.000000000000000000, 0.000000000000000000, -1.000000000000000000 ) ) ;
#4780 = VERTEX_POINT ( 'NONE', #7537 ) ;
#4781 = ORIENTED_EDGE ( 'NONE', *, *, #3256, .T. ) ;
#4782 = EDGE_LOOP ( 'NONE', ( #2705, #9250, #174, #1511 ) ) ;
#4783 = EDGE_CURVE ( 'NONE', #2119, #7334, #2580, .T. ) ;
#4784 = CARTESIAN_POINT ( 'NONE',  ( 202.3569999999999993, 97.92189999999999372, 3.000000000000000000 ) ) ;
#4785 = DIRECTION ( 'NONE',  ( 0.000000000000000000, -1.000000000000000000, 0.000000000000000000 ) ) ;
#4786 = DIRECTION ( 'NONE',  ( -1.000000000000000000, 0.000000000000000000, 0.000000000000000000 ) ) ;
#4787 = ORIENTED_EDGE ( 'NONE', *, *, #4793, .T. ) ;
#4788 = DIRECTION ( 'NONE',  ( 1.000000000000000000, 0.000000000000000000, 0.000000000000000000 ) ) ;
#4789 = AXIS2_PLACEMENT_3D ( 'NONE', #8954, #3938, #10974 ) ;
#4790 = CARTESIAN_POINT ( 'NONE',  ( 159.5449999999999875, 102.9218999999999937, -7.000000000000000000 ) ) ;
#4791 = CARTESIAN_POINT ( 'NONE',  ( 50.24470000000000169, 78.87189999999999657, 0.000000000000000000 ) ) ;
#4792 = CARTESIAN_POINT ( 'NONE',  ( 83.58220000000000027, 112.4980000000000047, 0.000000000000000000 ) ) ;
#4793 = EDGE_CURVE ( 'NONE', #8486, #12024, #674, .T. ) ;
#4794 = DIRECTION ( 'NONE',  ( 9.106159978880878627E-17, -1.000000000000000000, 0.000000000000000000 ) ) ;
#4795 = CARTESIAN_POINT ( 'NONE',  ( 54.12530000000000285, 21.17220000000000368, 3.000000000000000000 ) ) ;
#4796 = CARTESIAN_POINT ( 'NONE',  ( 69.00650000000000261, 59.82189999999999941, 3.000000000000000000 ) ) ;
#4797 = ORIENTED_EDGE ( 'NONE', *, *, #2679, .T. ) ;
#4798 = EDGE_CURVE ( 'NONE', #4288, #8651, #12627, .T. ) ;
#4800 = VERTEX_POINT ( 'NONE', #11651 ) ;
#4799 = ORIENTED_EDGE ( 'NONE', *, *, #9655, .F. ) ;
#4801 = CARTESIAN_POINT ( 'NONE',  ( 138.9430000000000121, 97.37229999999999563, 3.000000000000000000 ) ) ;
#4802 = ORIENTED_EDGE ( 'NONE', *, *, #8811, .F. ) ;
#4803 = DIRECTION ( 'NONE',  ( -0.000000000000000000, -0.000000000000000000, -1.000000000000000000 ) ) ;
#4804 = DIRECTION ( 'NONE',  ( 1.000000000000000000, 0.000000000000000000, 0.000000000000000000 ) ) ;
#4805 = CARTESIAN_POINT ( 'NONE',  ( 54.71900000000000119, 97.92189999999999372, 3.000000000000000000 ) ) ;
#4806 = FACE_OUTER_BOUND ( 'NONE', #8626, .T. ) ;
#4807 = LINE ( 'NONE', #2254, #1801 ) ;
#4808 = FACE_OUTER_BOUND ( 'NONE', #9311, .T. ) ;
#4810 = VERTEX_POINT ( 'NONE', #5062 ) ;
#4809 = VERTEX_POINT ( 'NONE', #12899 ) ;
#4811 = ADVANCED_FACE ( 'NONE', ( #937 ), #4080, .T. ) ;
#4812 = ORIENTED_EDGE ( 'NONE', *, *, #5066, .F. ) ;
#4813 = DIRECTION ( 'NONE',  ( 1.000000000000000000, 0.000000000000000000, 0.000000000000000000 ) ) ;
#4814 = VERTEX_POINT ( 'NONE', #6040 ) ;
#4815 = VERTEX_POINT ( 'NONE', #5910 ) ;
#4816 = CARTESIAN_POINT ( 'NONE',  ( 33.57589999999999719, 17.02149999999999963, 3.000000000000000000 ) ) ;
#4817 = EDGE_CURVE ( 'NONE', #2479, #155, #8779, .T. ) ;
#4818 = CARTESIAN_POINT ( 'NONE',  ( 20.63193000000001120, 14.24100000000001742, 3.000000000000000000 ) ) ;
#4819 = CARTESIAN_POINT ( 'NONE',  ( 83.29399999999999693, 64.87269999999999470, 3.000000000000000000 ) ) ;
#4820 = DIRECTION ( 'NONE',  ( 0.000000000000000000, 0.000000000000000000, -1.000000000000000000 ) ) ;
#4821 = EDGE_CURVE ( 'NONE', #7528, #2751, #6887, .T. ) ;
#4822 = VECTOR ( 'NONE', #8809, 1000.000000000000000 ) ;
#4823 = LINE ( 'NONE', #2001, #2451 ) ;
#4824 = EDGE_LOOP ( 'NONE', ( #1045, #5219, #7836, #4414 ) ) ;
#4825 = VERTEX_POINT ( 'NONE', #7927 ) ;
#4826 = VECTOR ( 'NONE', #7999, 1000.000000000000000 ) ;
#4827 = DIRECTION ( 'NONE',  ( -0.000000000000000000, -0.000000000000000000, -1.000000000000000000 ) ) ;
#4828 = EDGE_LOOP ( 'NONE', ( #2561, #1153, #7098, #457 ) ) ;
#4829 = ORIENTED_EDGE ( 'NONE', *, *, #4073, .F. ) ;
#4830 = VERTEX_POINT ( 'NONE', #7796 ) ;
#4831 = ORIENTED_EDGE ( 'NONE', *, *, #11960, .F. ) ;
#4832 = DIRECTION ( 'NONE',  ( 1.000000000000000000, 0.000000000000000000, 0.000000000000000000 ) ) ;
#4833 = EDGE_CURVE ( 'NONE', #10841, #5932, #11782, .T. ) ;
#4834 = DIRECTION ( 'NONE',  ( -0.000000000000000000, -0.000000000000000000, -1.000000000000000000 ) ) ;
#4835 = CARTESIAN_POINT ( 'NONE',  ( 119.3010000000000019, 7.722520000000000273, 3.000000000000000000 ) ) ;
#4836 = VECTOR ( 'NONE', #11002, 1000.000000000000000 ) ;
#4837 = VECTOR ( 'NONE', #2951, 1000.000000000000000 ) ;
#4838 = CARTESIAN_POINT ( 'NONE',  ( 188.3569999999999993, 97.92189999999999372, 0.000000000000000000 ) ) ;
#4839 = VECTOR ( 'NONE', #8678, 1000.000000000000000 ) ;
#4840 = DIRECTION ( 'NONE',  ( 0.000000000000000000, 1.000000000000000000, -0.000000000000000000 ) ) ;
#4841 = ORIENTED_EDGE ( 'NONE', *, *, #2161, .T. ) ;
#4842 = CARTESIAN_POINT ( 'NONE',  ( 157.1129999999999995, 59.82189999999999941, 0.000000000000000000 ) ) ;
#4843 = EDGE_LOOP ( 'NONE', ( #12290, #11901, #3697, #12707 ) ) ;
#4844 = ORIENTED_EDGE ( 'NONE', *, *, #6873, .T. ) ;
#4845 = EDGE_CURVE ( 'NONE', #3358, #6574, #10863, .T. ) ;
#4846 = ORIENTED_EDGE ( 'NONE', *, *, #12072, .F. ) ;
#4847 = DIRECTION ( 'NONE',  ( -0.000000000000000000, -1.000000000000000000, -0.000000000000000000 ) ) ;
#4848 = VECTOR ( 'NONE', #8889, 1000.000000000000000 ) ;
#4849 = PLANE ( 'NONE',  #3429 ) ;
#4850 = CARTESIAN_POINT ( 'NONE',  ( 158.6370000000000005, 55.12149999999999750, 3.000000000000000000 ) ) ;
#4851 = ORIENTED_EDGE ( 'NONE', *, *, #10012, .F. ) ;
#4852 = LINE ( 'NONE', #10653, #7123 ) ;
#4853 = CARTESIAN_POINT ( 'NONE',  ( 9.118929999999988212, 81.39100000000001955, 3.000000000000000000 ) ) ;
#4854 = DIRECTION ( 'NONE',  ( 0.000000000000000000, -1.000000000000000000, 0.000000000000000000 ) ) ;
#4855 = CARTESIAN_POINT ( 'NONE',  ( 50.24470000000000169, 78.87189999999999657, 3.000000000000000000 ) ) ;
#4856 = DIRECTION ( 'NONE',  ( 0.000000000000000000, 0.000000000000000000, 1.000000000000000000 ) ) ;
#4857 = DIRECTION ( 'NONE',  ( 0.000000000000000000, -1.000000000000000000, 0.000000000000000000 ) ) ;
#4858 = CARTESIAN_POINT ( 'NONE',  ( 164.5449999999999875, 112.4980000000000047, 0.000000000000000000 ) ) ;
#4859 = VECTOR ( 'NONE', #722, 1000.000000000000000 ) ;
#4860 = ORIENTED_EDGE ( 'NONE', *, *, #2346, .T. ) ;
#4861 = EDGE_CURVE ( 'NONE', #523, #10329, #2845, .T. ) ;
#4862 = VECTOR ( 'NONE', #8373, 1000.000000000000000 ) ;
#4864 = ORIENTED_EDGE ( 'NONE', *, *, #3440, .T. ) ;
#4863 = VERTEX_POINT ( 'NONE', #4870 ) ;
#4865 = DIRECTION ( 'NONE',  ( 1.000000000000000000, 0.000000000000000000, -0.000000000000000000 ) ) ;
#4866 = ORIENTED_EDGE ( 'NONE', *, *, #6297, .T. ) ;
#4867 = FACE_BOUND ( 'NONE', #11553, .T. ) ;
#4868 = DIRECTION ( 'NONE',  ( -0.000000000000000000, -0.000000000000000000, -1.000000000000000000 ) ) ;
#4869 = VECTOR ( 'NONE', #5282, 1000.000000000000000 ) ;
#4870 = CARTESIAN_POINT ( 'NONE',  ( 128.8259999999999934, 26.77250000000000085, 0.000000000000000000 ) ) ;
#4871 = EDGE_CURVE ( 'NONE', #2623, #2369, #1061, .T. ) ;
#4872 = FACE_OUTER_BOUND ( 'NONE', #9825, .T. ) ;
#4873 = CARTESIAN_POINT ( 'NONE',  ( 126.1569999999999965, 45.82269999999999754, 0.000000000000000000 ) ) ;
#4874 = CARTESIAN_POINT ( 'NONE',  ( 102.3439999999999941, 78.87189999999999657, 3.000000000000000000 ) ) ;
#4876 = VERTEX_POINT ( 'NONE', #4937 ) ;
#4875 = ORIENTED_EDGE ( 'NONE', *, *, #8591, .F. ) ;
#4877 = EDGE_LOOP ( 'NONE', ( #3009, #11168, #6630, #1283 ) ) ;
#4878 = DIRECTION ( 'NONE',  ( -0.000000000000000000, -0.000000000000000000, 1.000000000000000000 ) ) ;
#4879 = ORIENTED_EDGE ( 'NONE', *, *, #6570, .F. ) ;
#4880 = ORIENTED_EDGE ( 'NONE', *, *, #12751, .T. ) ;
#4881 = EDGE_CURVE ( 'NONE', #2434, #9132, #8913, .T. ) ;
#4882 = LINE ( 'NONE', #2857, #9283 ) ;
#4883 = DIRECTION ( 'NONE',  ( 0.000000000000000000, -1.000000000000000000, 0.000000000000000000 ) ) ;
#4884 = DIRECTION ( 'NONE',  ( -0.000000000000000000, 1.000000000000000000, -0.000000000000000000 ) ) ;
#4885 = PRODUCT_DEFINITION_CONTEXT ( 'detailed design', #3095, 'design' ) ;
#4886 = FACE_OUTER_BOUND ( 'NONE', #2226, .T. ) ;
#4887 = AXIS2_PLACEMENT_3D ( 'NONE', #6928, #7120, #12806 ) ;
#4888 = EDGE_CURVE ( 'NONE', #4830, #12694, #81, .T. ) ;
#4889 = VECTOR ( 'NONE', #4786, 1000.000000000000000 ) ;
#4890 = VECTOR ( 'NONE', #10350, 1000.000000000000000 ) ;
#4891 = CARTESIAN_POINT ( 'NONE',  ( 89.46346499999998514, 102.9218999999999937, 0.000000000000000000 ) ) ;
#4892 = VERTEX_POINT ( 'NONE', #3102 ) ;
#4893 = AXIS2_PLACEMENT_3D ( 'NONE', #12137, #11033, #9204 ) ;
#4894 = ORIENTED_EDGE ( 'NONE', *, *, #1057, .T. ) ;
#4895 = PLANE ( 'NONE',  #3022 ) ;
#4896 = EDGE_LOOP ( 'NONE', ( #11434, #3583, #5067, #8190 ) ) ;
#4897 = EDGE_LOOP ( 'NONE', ( #9480, #228 ) ) ;
#4898 = VERTEX_POINT ( 'NONE', #2049 ) ;
#4899 = VECTOR ( 'NONE', #5683, 1000.000000000000000 ) ;
#4900 = CARTESIAN_POINT ( 'NONE',  ( 83.58220000000000027, 126.4969999999999999, 3.000000000000000000 ) ) ;
#4901 = LINE ( 'NONE', #11026, #922 ) ;
#4902 = EDGE_CURVE ( 'NONE', #4075, #12041, #8051, .T. ) ;
#4903 = PLANE ( 'NONE',  #11732 ) ;
#4904 = AXIS2_PLACEMENT_3D ( 'NONE', #7819, #3647, #2800 ) ;
#4905 = CARTESIAN_POINT ( 'NONE',  ( 21.38169999999999860, 126.4969999999999999, 3.000000000000000000 ) ) ;
#4906 = EDGE_CURVE ( 'NONE', #3866, #7170, #9757, .T. ) ;
#4907 = CARTESIAN_POINT ( 'NONE',  ( 27.02609999999999957, 7.952670000000000350, 3.000000000000000000 ) ) ;
#4908 = ORIENTED_EDGE ( 'NONE', *, *, #487, .T. ) ;
#4909 = PLANE ( 'NONE',  #3016 ) ;
#4910 = ORIENTED_EDGE ( 'NONE', *, *, #167, .F. ) ;
#4911 = ORIENTED_EDGE ( 'NONE', *, *, #1385, .T. ) ;
#4912 = ORIENTED_EDGE ( 'NONE', *, *, #12316, .T. ) ;
#4913 = CARTESIAN_POINT ( 'NONE',  ( 163.6630000000000109, 46.05270000000000152, 3.000000000000000000 ) ) ;
#4914 = VECTOR ( 'NONE', #9870, 1000.000000000000000 ) ;
#4915 = DIRECTION ( 'NONE',  ( 0.000000000000000000, 1.000000000000000000, -0.000000000000000000 ) ) ;
#4916 = LINE ( 'NONE', #3014, #6756 ) ;
#4917 = ORIENTED_EDGE ( 'NONE', *, *, #229, .F. ) ;
#4918 = VECTOR ( 'NONE', #5800, 1000.000000000000000 ) ;
#4919 = DIRECTION ( 'NONE',  ( 1.000000000000000000, 0.000000000000000000, 0.000000000000000000 ) ) ;
#4920 = DIRECTION ( 'NONE',  ( 0.000000000000000000, 0.000000000000000000, -1.000000000000000000 ) ) ;
#4921 = VECTOR ( 'NONE', #4924, 1000.000000000000000 ) ;
#4922 = DIRECTION ( 'NONE',  ( -1.000000000000000000, 0.000000000000000000, 0.000000000000000000 ) ) ;
#4923 = EDGE_CURVE ( 'NONE', #965, #12889, #5003, .T. ) ;
#4924 = DIRECTION ( 'NONE',  ( -1.000000000000000000, -0.000000000000000000, -0.000000000000000000 ) ) ;
#4925 = CARTESIAN_POINT ( 'NONE',  ( 158.6370000000000005, 58.35159999999999769, 0.000000000000000000 ) ) ;
#4926 = EDGE_CURVE ( 'NONE', #12808, #10136, #7863, .T. ) ;
#4927 = EDGE_CURVE ( 'NONE', #6256, #8641, #2968, .T. ) ;
#4928 = DIRECTION ( 'NONE',  ( -1.000000000000000000, 0.000000000000000000, 0.000000000000000000 ) ) ;
#4929 = VERTEX_POINT ( 'NONE', #4018 ) ;
#4931 = VERTEX_POINT ( 'NONE', #1980 ) ;
#4930 = CARTESIAN_POINT ( 'NONE',  ( 26.14410000000000167, 64.87269999999999470, 0.000000000000000000 ) ) ;
#4932 = AXIS2_PLACEMENT_3D ( 'NONE', #6921, #12073, #1101 ) ;
#4933 = FACE_BOUND ( 'NONE', #11065, .T. ) ;
#4934 = ORIENTED_EDGE ( 'NONE', *, *, #5664, .T. ) ;
#4935 = PLANE ( 'NONE',  #8699 ) ;
#4936 = LINE ( 'NONE', #2111, #7433 ) ;
#4937 = CARTESIAN_POINT ( 'NONE',  ( 141.5879999999999939, 50.52170000000000272, 0.000000000000000000 ) ) ;
#4938 = EDGE_CURVE ( 'NONE', #2940, #10627, #5973, .T. ) ;
#4939 = EDGE_CURVE ( 'NONE', #8013, #6907, #1003, .T. ) ;
#4940 = CARTESIAN_POINT ( 'NONE',  ( 55.85040000000000049, 14.22269999999999968, 3.000000000000000000 ) ) ;
#4941 = VECTOR ( 'NONE', #6394, 1000.000000000000000 ) ;
#4942 = DIRECTION ( 'NONE',  ( -0.000000000000000000, -0.000000000000000000, -1.000000000000000000 ) ) ;
#4943 = CARTESIAN_POINT ( 'NONE',  ( 64.53220000000000312, 40.77190000000000225, 3.000000000000000000 ) ) ;
#4945 = ORIENTED_EDGE ( 'NONE', *, *, #2150, .T. ) ;
#4944 = ORIENTED_EDGE ( 'NONE', *, *, #5033, .F. ) ;
#4946 = VERTEX_POINT ( 'NONE', #11967 ) ;
#4947 = CARTESIAN_POINT ( 'NONE',  ( 64.53220000000000312, 126.4969999999999999, 0.000000000000000000 ) ) ;
#4948 = VERTEX_POINT ( 'NONE', #7012 ) ;
#4949 = EDGE_CURVE ( 'NONE', #44, #12190, #11534, .T. ) ;
#4950 = ORIENTED_EDGE ( 'NONE', *, *, #273, .T. ) ;
#4951 = CARTESIAN_POINT ( 'NONE',  ( 164.5449999999999875, 36.00939999999999941, 3.000000000000000000 ) ) ;
#4952 = VECTOR ( 'NONE', #2301, 1000.000000000000000 ) ;
#4953 = VECTOR ( 'NONE', #7158, 1000.000000000000000 ) ;
#4954 = DIRECTION ( 'NONE',  ( 0.000000000000000000, 0.000000000000000000, 1.000000000000000000 ) ) ;
#4955 = CARTESIAN_POINT ( 'NONE',  ( 91.92530000000000712, 14.24100000000001920, 0.000000000000000000 ) ) ;
#4956 = DIRECTION ( 'NONE',  ( -0.000000000000000000, 1.000000000000000000, -0.000000000000000000 ) ) ;
#4957 = VECTOR ( 'NONE', #10820, 1000.000000000000000 ) ;
#4958 = CARTESIAN_POINT ( 'NONE',  ( 102.3439999999999941, 64.87269999999999470, 3.000000000000000000 ) ) ;
#4959 = EDGE_CURVE ( 'NONE', #5007, #11152, #269, .T. ) ;
#4960 = EDGE_LOOP ( 'NONE', ( #875, #12028, #8736, #11049 ) ) ;
#4961 = CIRCLE ( 'NONE', #9117, 0.5000000000000004441 ) ;
#4962 = ORIENTED_EDGE ( 'NONE', *, *, #115, .F. ) ;
#4963 = CARTESIAN_POINT ( 'NONE',  ( 142.2439999999999998, 84.15269999999999584, 3.000000000000000000 ) ) ;
#4964 = ORIENTED_EDGE ( 'NONE', *, *, #836, .F. ) ;
#4965 = ORIENTED_EDGE ( 'NONE', *, *, #1414, .T. ) ;
#4966 = EDGE_CURVE ( 'NONE', #12801, #8953, #11193, .T. ) ;
#4967 = EDGE_LOOP ( 'NONE', ( #1448, #6048, #3645, #10826 ) ) ;
#4968 = FACE_OUTER_BOUND ( 'NONE', #1572, .T. ) ;
#4969 = VECTOR ( 'NONE', #5806, 1000.000000000000000 ) ;
#4970 = VECTOR ( 'NONE', #3794, 1000.000000000000000 ) ;
#4971 = LINE ( 'NONE', #8086, #8224 ) ;
#4972 = CARTESIAN_POINT ( 'NONE',  ( 40.43149999999999977, 26.77250000000000085, 3.000000000000000000 ) ) ;
#4973 = VECTOR ( 'NONE', #6442, 1000.000000000000000 ) ;
#4974 = CARTESIAN_POINT ( 'NONE',  ( 26.43220000000000169, 126.4969999999999999, 0.000000000000000000 ) ) ;
#4975 = VECTOR ( 'NONE', #659, 1000.000000000000000 ) ;
#4976 = LINE ( 'NONE', #3004, #1369 ) ;
#4977 = ADVANCED_FACE ( 'NONE', ( #8252 ), #2182, .T. ) ;
#4978 = VERTEX_POINT ( 'NONE', #7210 ) ;
#4979 = DIRECTION ( 'NONE',  ( -1.000000000000000000, 0.000000000000000000, 0.000000000000000000 ) ) ;
#4980 = ORIENTED_EDGE ( 'NONE', *, *, #4556, .T. ) ;
#4981 = ORIENTED_EDGE ( 'NONE', *, *, #6706, .T. ) ;
#4982 = EDGE_CURVE ( 'NONE', #2716, #3874, #10142, .T. ) ;
#4983 = ORIENTED_EDGE ( 'NONE', *, *, #6729, .F. ) ;
#4984 = FACE_OUTER_BOUND ( 'NONE', #8544, .T. ) ;
#4985 = CARTESIAN_POINT ( 'NONE',  ( 168.5929999999999893, 90.42260000000000275, 3.000000000000000000 ) ) ;
#4986 = EDGE_LOOP ( 'NONE', ( #3716, #7809, #10119, #6644 ) ) ;
#4987 = AXIS2_PLACEMENT_3D ( 'NONE', #5686, #2548, #3593 ) ;
#4988 = CARTESIAN_POINT ( 'NONE',  ( 202.3569999999999993, 64.87269999999999470, 0.000000000000000000 ) ) ;
#4989 = DIRECTION ( 'NONE',  ( 1.000000000000000000, 0.000000000000000000, 0.000000000000000000 ) ) ;
#4990 = DIRECTION ( 'NONE',  ( -1.000000000000000000, 0.000000000000000000, 0.000000000000000000 ) ) ;
#4991 = ADVANCED_FACE ( 'NONE', ( #4145 ), #5194, .T. ) ;
#4992 = DIRECTION ( 'NONE',  ( -0.000000000000000000, 1.000000000000000000, -0.000000000000000000 ) ) ;
#4993 = CARTESIAN_POINT ( 'NONE',  ( 145.4950000000000045, 2.960030000000000161, 3.000000000000000000 ) ) ;
#4994 = DIRECTION ( 'NONE',  ( 1.000000000000000000, -0.000000000000000000, -0.000000000000000000 ) ) ;
#4995 = VERTEX_POINT ( 'NONE', #8118 ) ;
#4997 = VERTEX_POINT ( 'NONE', #1197 ) ;
#4996 = LINE ( 'NONE', #7072, #7761 ) ;
#4998 = FACE_BOUND ( 'NONE', #1743, .T. ) ;
#4999 = ORIENTED_EDGE ( 'NONE', *, *, #2738, .F. ) ;
#5000 = ADVANCED_FACE ( 'NONE', ( #5314 ), #3301, .F. ) ;
#5001 = EDGE_CURVE ( 'NONE', #4591, #1332, #9167, .T. ) ;
#5002 = DIRECTION ( 'NONE',  ( 0.000000000000000000, -0.000000000000000000, 1.000000000000000000 ) ) ;
#5003 = LINE ( 'NONE', #4805, #5095 ) ;
#5004 = PLANE ( 'NONE',  #999 ) ;
#5005 = CARTESIAN_POINT ( 'NONE',  ( 16.90719999999999956, 45.82269999999999754, 0.000000000000000000 ) ) ;
#5006 = CARTESIAN_POINT ( 'NONE',  ( 159.4939999999999998, 83.92270000000000607, 3.000000000000000000 ) ) ;
#5007 = VERTEX_POINT ( 'NONE', #8180 ) ;
#5008 = ORIENTED_EDGE ( 'NONE', *, *, #10748, .T. ) ;
#5009 = CARTESIAN_POINT ( 'NONE',  ( 59.48149999999999693, 126.4969999999999999, 3.000000000000000000 ) ) ;
#5010 = ORIENTED_EDGE ( 'NONE', *, *, #1542, .F. ) ;
#5011 = EDGE_CURVE ( 'NONE', #2022, #9736, #12233, .T. ) ;
#5012 = CARTESIAN_POINT ( 'NONE',  ( 165.3880000000000052, 58.35159999999999769, 0.000000000000000000 ) ) ;
#5013 = VERTEX_POINT ( 'NONE', #1321 ) ;
#5014 = CARTESIAN_POINT ( 'NONE',  ( 21.66969999999999885, 97.92189999999999372, 0.000000000000000000 ) ) ;
#5015 = CARTESIAN_POINT ( 'NONE',  ( 14.38192999999999344, 61.84100000000002240, 0.000000000000000000 ) ) ;
#5016 = DIRECTION ( 'NONE',  ( 0.000000000000000000, 1.000000000000000000, 0.000000000000000000 ) ) ;
#5017 = DIRECTION ( 'NONE',  ( 0.000000000000000000, 0.000000000000000000, -1.000000000000000000 ) ) ;
#5018 = LINE ( 'NONE', #35, #1822 ) ;
#5019 = EDGE_CURVE ( 'NONE', #632, #3816, #8214, .T. ) ;
#5020 = CARTESIAN_POINT ( 'NONE',  ( 133.3000000000000114, 7.722520000000000273, 3.000000000000000000 ) ) ;
#5022 = ORIENTED_EDGE ( 'NONE', *, *, #2787, .T. ) ;
#5021 = CARTESIAN_POINT ( 'NONE',  ( 141.5879999999999939, 58.35159999999999769, 3.000000000000000000 ) ) ;
#5023 = ORIENTED_EDGE ( 'NONE', *, *, #620, .T. ) ;
#5024 = FACE_OUTER_BOUND ( 'NONE', #1300, .T. ) ;
#5025 = ORIENTED_EDGE ( 'NONE', *, *, #6557, .F. ) ;
#5026 = AXIS2_PLACEMENT_3D ( 'NONE', #2306, #5308, #9284 ) ;
#5027 = EDGE_LOOP ( 'NONE', ( #8354, #1491, #12586, #2854 ) ) ;
#5028 = ORIENTED_EDGE ( 'NONE', *, *, #2582, .F. ) ;
#5029 = LINE ( 'NONE', #10889, #3776 ) ;
#5030 = LINE ( 'NONE', #9912, #1126 ) ;
#5031 = DIRECTION ( 'NONE',  ( -0.000000000000000000, -1.000000000000000000, -0.000000000000000000 ) ) ;
#5032 = DIRECTION ( 'NONE',  ( 1.000000000000000000, 0.000000000000000000, 0.000000000000000000 ) ) ;
#5033 = EDGE_CURVE ( 'NONE', #5290, #2850, #6520, .T. ) ;
#5034 = PLANE ( 'NONE',  #6852 ) ;
#5035 = VECTOR ( 'NONE', #3840, 1000.000000000000000 ) ;
#5036 = PLANE ( 'NONE',  #4932 ) ;
#5037 = EDGE_LOOP ( 'NONE', ( #10192, #6476, #7605, #10838 ) ) ;
#5038 = CARTESIAN_POINT ( 'NONE',  ( 91.92530000000000712, 14.24100000000001920, -7.000000000000000000 ) ) ;
#5039 = VERTEX_POINT ( 'NONE', #4343 ) ;
#5040 = ORIENTED_EDGE ( 'NONE', *, *, #9857, .T. ) ;
#5041 = ORIENTED_EDGE ( 'NONE', *, *, #5394, .F. ) ;
#5042 = LINE ( 'NONE', #3871, #1114 ) ;
#5043 = CARTESIAN_POINT ( 'NONE',  ( 133.3000000000000114, 21.72200000000000131, 3.000000000000000000 ) ) ;
#5044 = VECTOR ( 'NONE', #8511, 1000.000000000000000 ) ;
#5045 = EDGE_CURVE ( 'NONE', #8976, #10707, #11317, .T. ) ;
#5046 = CARTESIAN_POINT ( 'NONE',  ( 83.58220000000000027, 126.4969999999999999, 0.000000000000000000 ) ) ;
#5047 = LINE ( 'NONE', #6932, #2028 ) ;
#5048 = VECTOR ( 'NONE', #7699, 1000.000000000000000 ) ;
#5049 = CARTESIAN_POINT ( 'NONE',  ( 136.5620000000000118, 58.35159999999999769, 0.000000000000000000 ) ) ;
#5050 = DIRECTION ( 'NONE',  ( -0.000000000000000000, -0.000000000000000000, -1.000000000000000000 ) ) ;
#5051 = DIRECTION ( 'NONE',  ( -0.000000000000000000, -0.000000000000000000, 1.000000000000000000 ) ) ;
#5052 = AXIS2_PLACEMENT_3D ( 'NONE', #6836, #7936, #156 ) ;
#5053 = CARTESIAN_POINT ( 'NONE',  ( 27.02609999999999957, 7.952670000000000350, 3.000000000000000000 ) ) ;
#5054 = ORIENTED_EDGE ( 'NONE', *, *, #1577, .T. ) ;
#5056 = ORIENTED_EDGE ( 'NONE', *, *, #6882, .F. ) ;
#5055 = CARTESIAN_POINT ( 'NONE',  ( 143.9689999999999941, 96.45159999999999911, 0.000000000000000000 ) ) ;
#5057 = VECTOR ( 'NONE', #9834, 1000.000000000000000 ) ;
#5058 = CARTESIAN_POINT ( 'NONE',  ( 30.90660000000000451, 45.82269999999999754, 3.000000000000000000 ) ) ;
#5059 = ORIENTED_EDGE ( 'NONE', *, *, #10657, .T. ) ;
#5060 = DIRECTION ( 'NONE',  ( 0.000000000000000000, 0.000000000000000000, 1.000000000000000000 ) ) ;
#5061 = ADVANCED_FACE ( 'NONE', ( #3233 ), #9359, .T. ) ;
#5062 = CARTESIAN_POINT ( 'NONE',  ( 21.66969999999999885, 97.92189999999999372, 3.000000000000000000 ) ) ;
#5063 = CARTESIAN_POINT ( 'NONE',  ( 167.7680000000000007, 90.42260000000000275, 0.000000000000000000 ) ) ;
#5064 = CARTESIAN_POINT ( 'NONE',  ( 161.0180000000000007, 88.62170000000001835, 0.000000000000000000 ) ) ;
#5065 = DIRECTION ( 'NONE',  ( -0.000000000000000000, -0.000000000000000000, -1.000000000000000000 ) ) ;
#5066 = EDGE_CURVE ( 'NONE', #2071, #8013, #6360, .T. ) ;
#5067 = ORIENTED_EDGE ( 'NONE', *, *, #10586, .T. ) ;
#5068 = ADVANCED_FACE ( 'NONE', ( #7141 ), #9228, .T. ) ;
#5069 = ORIENTED_EDGE ( 'NONE', *, *, #12400, .F. ) ;
#5070 = CARTESIAN_POINT ( 'NONE',  ( 107.3819299999999828, -2.065918000000003474, 0.000000000000000000 ) ) ;
#5071 = VERTEX_POINT ( 'NONE', #10076 ) ;
#5072 = DIRECTION ( 'NONE',  ( 0.000000000000000000, 0.000000000000000000, 1.000000000000000000 ) ) ;
#5073 = ORIENTED_EDGE ( 'NONE', *, *, #5592, .F. ) ;
#5074 = CARTESIAN_POINT ( 'NONE',  ( 64.53220000000000312, 112.4980000000000047, 0.000000000000000000 ) ) ;
#5075 = AXIS2_PLACEMENT_3D ( 'NONE', #4242, #3455, #4438 ) ;
#5076 = CARTESIAN_POINT ( 'NONE',  ( 138.9430000000000121, 84.15269999999999584, 3.000000000000000000 ) ) ;
#5077 = DIRECTION ( 'NONE',  ( 0.000000000000000000, -1.000000000000000000, 0.000000000000000000 ) ) ;
#5078 = CARTESIAN_POINT ( 'NONE',  ( 116.9180000000000064, 83.92270000000000607, 3.000000000000000000 ) ) ;
#5079 = DIRECTION ( 'NONE',  ( 0.000000000000000000, 1.000000000000000000, 0.000000000000000000 ) ) ;
#5080 = CARTESIAN_POINT ( 'NONE',  ( 71.67600000000000193, 7.722520000000000273, 3.000000000000000000 ) ) ;
#5081 = EDGE_CURVE ( 'NONE', #3565, #11802, #1129, .T. ) ;
#5082 = VECTOR ( 'NONE', #5223, 1000.000000000000000 ) ;
#5084 = EDGE_LOOP ( 'NONE', ( #9439, #11021, #2387, #4370 ) ) ;
#5083 = CARTESIAN_POINT ( 'NONE',  ( 126.4450000000000074, 64.87269999999999470, 3.000000000000000000 ) ) ;
#5085 = ADVANCED_FACE ( 'NONE', ( #4723 ), #5513, .T. ) ;
#5086 = EDGE_LOOP ( 'NONE', ( #12337, #11837, #12525, #11312 ) ) ;
#5087 = CARTESIAN_POINT ( 'NONE',  ( 69.29470000000000596, 78.87189999999999657, 3.000000000000000000 ) ) ;
#5088 = ORIENTED_EDGE ( 'NONE', *, *, #3453, .T. ) ;
#5089 = ORIENTED_EDGE ( 'NONE', *, *, #2700, .F. ) ;
#5090 = EDGE_LOOP ( 'NONE', ( #11509, #12933, #3379, #4617 ) ) ;
#5091 = FACE_OUTER_BOUND ( 'NONE', #1296, .T. ) ;
#5092 = CARTESIAN_POINT ( 'NONE',  ( 126.4450000000000074, 78.87189999999999657, 3.000000000000000000 ) ) ;
#5093 = VECTOR ( 'NONE', #11052, 1000.000000000000000 ) ;
#5094 = DIRECTION ( 'NONE',  ( 0.000000000000000000, -1.000000000000000000, 0.000000000000000000 ) ) ;
#5095 = VECTOR ( 'NONE', #12829, 1000.000000000000000 ) ;
#5096 = DIRECTION ( 'NONE',  ( 1.000000000000000000, 0.000000000000000000, 0.000000000000000000 ) ) ;
#5097 = CARTESIAN_POINT ( 'NONE',  ( 0.09392999999999207539, 81.39100000000000534, 3.000000000000000000 ) ) ;
#5098 = EDGE_CURVE ( 'NONE', #6244, #1330, #7521, .T. ) ;
#5099 = LINE ( 'NONE', #11941, #584 ) ;
#5100 = CARTESIAN_POINT ( 'NONE',  ( 130.9190000000000111, 83.92270000000000607, 3.000000000000000000 ) ) ;
#5101 = ORIENTED_EDGE ( 'NONE', *, *, #271, .T. ) ;
#5102 = PLANE ( 'NONE',  #3437 ) ;
#5103 = AXIS2_PLACEMENT_3D ( 'NONE', #8608, #6529, #1820 ) ;
#5104 = EDGE_LOOP ( 'NONE', ( #2450, #7409, #3818, #9792 ) ) ;
#5105 = ORIENTED_EDGE ( 'NONE', *, *, #6383, .T. ) ;
#5106 = ORIENTED_EDGE ( 'NONE', *, *, #7068, .F. ) ;
#5107 = PLANE ( 'NONE',  #4887 ) ;
#5108 = EDGE_CURVE ( 'NONE', #8442, #692, #9672, .T. ) ;
#5109 = DIRECTION ( 'NONE',  ( -1.000000000000000000, 0.000000000000000000, 0.000000000000000000 ) ) ;
#5110 = VECTOR ( 'NONE', #4457, 1000.000000000000000 ) ;
#5111 = LINE ( 'NONE', #3017, #11081 ) ;
#5112 = CARTESIAN_POINT ( 'NONE',  ( 50.82469999999999999, 20.25169999999999959, 3.000000000000000000 ) ) ;
#5113 = CARTESIAN_POINT ( 'NONE',  ( 27.02609999999999957, 20.25169999999999959, 3.000000000000000000 ) ) ;
#5114 = CARTESIAN_POINT ( 'NONE',  ( 139.8630000000000280, 45.07159999999999656, 3.000000000000000000 ) ) ;
#5115 = LINE ( 'NONE', #11047, #12016 ) ;
#5116 = CIRCLE ( 'NONE', #8646, 1.250000000000001110 ) ;
#5117 = EDGE_CURVE ( 'NONE', #12808, #2906, #11503, .T. ) ;
#5118 = DIRECTION ( 'NONE',  ( -0.000000000000000000, 1.000000000000000000, -0.000000000000000000 ) ) ;
#5119 = VERTEX_POINT ( 'NONE', #8447 ) ;
#5121 = ORIENTED_EDGE ( 'NONE', *, *, #1422, .F. ) ;
#5120 = CARTESIAN_POINT ( 'NONE',  ( 197.5939999999999941, 16.95949999999999847, 0.000000000000000000 ) ) ;
#5122 = EDGE_CURVE ( 'NONE', #8295, #7935, #6679, .T. ) ;
#5123 = FACE_BOUND ( 'NONE', #828, .T. ) ;
#5124 = ORIENTED_EDGE ( 'NONE', *, *, #897, .T. ) ;
#5125 = AXIS2_PLACEMENT_3D ( 'NONE', #11113, #5243, #6227 ) ;
#5126 = DIRECTION ( 'NONE',  ( -1.000000000000000000, 0.000000000000000000, 0.000000000000000000 ) ) ;
#5127 = DIRECTION ( 'NONE',  ( 0.000000000000000000, 0.000000000000000000, -1.000000000000000000 ) ) ;
#5128 = DIRECTION ( 'NONE',  ( 0.000000000000000000, 0.000000000000000000, -1.000000000000000000 ) ) ;
#5129 = LINE ( 'NONE', #8185, #12440 ) ;
#5130 = LINE ( 'NONE', #3169, #6370 ) ;
#5131 = VECTOR ( 'NONE', #6681, 1000.000000000000000 ) ;
#5132 = ORIENTED_EDGE ( 'NONE', *, *, #1414, .F. ) ;
#5133 = ORIENTED_EDGE ( 'NONE', *, *, #2778, .F. ) ;
#5134 = CARTESIAN_POINT ( 'NONE',  ( 207.3830000000000098, 105.4340820000000178, 0.000000000000000000 ) ) ;
#5135 = ORIENTED_EDGE ( 'NONE', *, *, #3035, .T. ) ;
#5136 = EDGE_CURVE ( 'NONE', #427, #314, #6551, .T. ) ;
#5137 = DIRECTION ( 'NONE',  ( 0.000000000000000000, 0.000000000000000000, -1.000000000000000000 ) ) ;
#5138 = ORIENTED_EDGE ( 'NONE', *, *, #3521, .F. ) ;
#5139 = CARTESIAN_POINT ( 'NONE',  ( 162.7429999999999950, 83.17159999999999798, 3.000000000000000000 ) ) ;
#5140 = PLANE ( 'NONE',  #8781 ) ;
#5141 = DIRECTION ( 'NONE',  ( 1.000000000000000000, 0.000000000000000000, 0.000000000000000000 ) ) ;
#5142 = EDGE_CURVE ( 'NONE', #1906, #9081, #7398, .T. ) ;
#5143 = VECTOR ( 'NONE', #2971, 1000.000000000000000 ) ;
#5144 = LINE ( 'NONE', #7225, #5500 ) ;
#5145 = LINE ( 'NONE', #9184, #9542 ) ;
#5146 = CARTESIAN_POINT ( 'NONE',  ( 185.9759999999999991, 126.4969999999999999, 3.000000000000000000 ) ) ;
#5148 = EDGE_LOOP ( 'NONE', ( #3478, #10324, #9043, #12120 ) ) ;
#5147 = CARTESIAN_POINT ( 'NONE',  ( 164.5449999999999875, 22.01000000000000156, 3.000000000000000000 ) ) ;
#5149 = ORIENTED_EDGE ( 'NONE', *, *, #5479, .T. ) ;
#5150 = LINE ( 'NONE', #8140, #10521 ) ;
#5151 = ORIENTED_EDGE ( 'NONE', *, *, #571, .F. ) ;
#5152 = AXIS2_PLACEMENT_3D ( 'NONE', #10811, #1859, #11909 ) ;
#5153 = VERTEX_POINT ( 'NONE', #4534 ) ;
#5154 = VECTOR ( 'NONE', #12696, 1000.000000000000000 ) ;
#5155 = ORIENTED_EDGE ( 'NONE', *, *, #7103, .T. ) ;
#5156 = DIRECTION ( 'NONE',  ( 0.000000000000000000, 1.000000000000000000, 0.000000000000000000 ) ) ;
#5157 = DIRECTION ( 'NONE',  ( 1.000000000000000000, 0.000000000000000000, 0.000000000000000000 ) ) ;
#5158 = CARTESIAN_POINT ( 'NONE',  ( 136.5620000000000118, 45.07159999999999656, 3.000000000000000000 ) ) ;
#5159 = DIRECTION ( 'NONE',  ( 0.000000000000000000, -0.000000000000000000, 1.000000000000000000 ) ) ;
#5160 = VECTOR ( 'NONE', #9536, 1000.000000000000000 ) ;
#5161 = ADVANCED_FACE ( 'NONE', ( #1518 ), #3423, .T. ) ;
#5162 = EDGE_CURVE ( 'NONE', #8442, #9823, #5579, .T. ) ;
#5163 = DIRECTION ( 'NONE',  ( -0.000000000000000000, -0.000000000000000000, -1.000000000000000000 ) ) ;
#5164 = VECTOR ( 'NONE', #9087, 1000.000000000000000 ) ;
#5165 = DIRECTION ( 'NONE',  ( 0.000000000000000000, 1.000000000000000000, -0.000000000000000000 ) ) ;
#5166 = LINE ( 'NONE', #7054, #12218 ) ;
#5167 = EDGE_LOOP ( 'NONE', ( #10731, #7725, #1779, #9695 ) ) ;
#5168 = CARTESIAN_POINT ( 'NONE',  ( 26.43220000000000169, 40.77190000000000225, 3.000000000000000000 ) ) ;
#5169 = VECTOR ( 'NONE', #8005, 1000.000000000000000 ) ;
#5170 = ORIENTED_EDGE ( 'NONE', *, *, #7687, .T. ) ;
#5171 = VERTEX_POINT ( 'NONE', #9486 ) ;
#5172 = VECTOR ( 'NONE', #3555, 1000.000000000000000 ) ;
#5173 = EDGE_LOOP ( 'NONE', ( #11217, #4059, #4866, #12835 ) ) ;
#5174 = CARTESIAN_POINT ( 'NONE',  ( 78.81969999999999743, 97.92189999999999372, 3.000000000000000000 ) ) ;
#5175 = EDGE_CURVE ( 'NONE', #3795, #9000, #10595, .T. ) ;
#5176 = VECTOR ( 'NONE', #8070, 1000.000000000000000 ) ;
#5177 = CARTESIAN_POINT ( 'NONE',  ( 33.57589999999999719, 12.42159999999999975, 3.000000000000000000 ) ) ;
#5178 = DIRECTION ( 'NONE',  ( 0.000000000000000000, 1.000000000000000000, 0.000000000000000000 ) ) ;
#5179 = DIRECTION ( 'NONE',  ( 0.000000000000000000, 1.000000000000000000, 0.000000000000000000 ) ) ;
#5180 = CIRCLE ( 'NONE', #8709, 1.250000000000001110 ) ;
#5181 = CARTESIAN_POINT ( 'NONE',  ( 85.67529999999999291, 7.722520000000000273, 3.000000000000000000 ) ) ;
#5182 = LINE ( 'NONE', #3946, #12845 ) ;
#5183 = CARTESIAN_POINT ( 'NONE',  ( 134.8369999999999891, 58.35159999999999769, 3.000000000000000000 ) ) ;
#5184 = CARTESIAN_POINT ( 'NONE',  ( 13.88192999999999344, 61.84100000000002240, 3.000000000000000000 ) ) ;
#5185 = EDGE_LOOP ( 'NONE', ( #5886, #8671 ) ) ;
#5186 = VERTEX_POINT ( 'NONE', #12549 ) ;
#5188 = ORIENTED_EDGE ( 'NONE', *, *, #5627, .T. ) ;
#5187 = FACE_OUTER_BOUND ( 'NONE', #3664, .T. ) ;
#5189 = VECTOR ( 'NONE', #6088, 1000.000000000000000 ) ;
#5190 = FACE_BOUND ( 'NONE', #7298, .T. ) ;
#5191 = VERTEX_POINT ( 'NONE', #1648 ) ;
#5192 = EDGE_CURVE ( 'NONE', #2047, #4948, #9552, .T. ) ;
#5193 = CARTESIAN_POINT ( 'NONE',  ( 183.5949999999999989, 2.960030000000000161, 3.000000000000000000 ) ) ;
#5194 = PLANE ( 'NONE',  #5514 ) ;
#5195 = LINE ( 'NONE', #11318, #11840 ) ;
#5196 = CARTESIAN_POINT ( 'NONE',  ( 99.10692999999997710, 131.5209999999999866, 3.000000000000000000 ) ) ;
#5197 = ADVANCED_FACE ( 'NONE', ( #600 ), #4594, .T. ) ;
#5198 = DIRECTION ( 'NONE',  ( -0.000000000000000000, -0.000000000000000000, -1.000000000000000000 ) ) ;
#5199 = EDGE_LOOP ( 'NONE', ( #929, #12623, #413, #1104 ) ) ;
#5200 = ORIENTED_EDGE ( 'NONE', *, *, #5462, .T. ) ;
#5201 = CARTESIAN_POINT ( 'NONE',  ( 116.6320000000000192, 40.77190000000000225, 0.000000000000000000 ) ) ;
#5202 = ORIENTED_EDGE ( 'NONE', *, *, #9738, .F. ) ;
#5203 = LINE ( 'NONE', #7022, #11731 ) ;
#5204 = EDGE_LOOP ( 'NONE', ( #11274, #4297, #1284, #9728 ) ) ;
#5205 = LINE ( 'NONE', #217, #10154 ) ;
#5206 = DIRECTION ( 'NONE',  ( 0.000000000000000000, 0.000000000000000000, 1.000000000000000000 ) ) ;
#5207 = EDGE_CURVE ( 'NONE', #6459, #10497, #3609, .T. ) ;
#5208 = CARTESIAN_POINT ( 'NONE',  ( 178.5440000000000111, 16.95949999999999847, 3.000000000000000000 ) ) ;
#5209 = DIRECTION ( 'NONE',  ( -0.000000000000000000, -0.000000000000000000, -1.000000000000000000 ) ) ;
#5210 = CARTESIAN_POINT ( 'NONE',  ( 145.4930000000000234, 88.62170000000001835, 3.000000000000000000 ) ) ;
#5211 = EDGE_CURVE ( 'NONE', #2467, #10232, #9419, .T. ) ;
#5212 = CARTESIAN_POINT ( 'NONE',  ( 157.1129999999999995, 50.52170000000000272, 0.000000000000000000 ) ) ;
#5214 = ORIENTED_EDGE ( 'NONE', *, *, #5462, .F. ) ;
#5213 = CARTESIAN_POINT ( 'NONE',  ( 25.30079999999999885, 17.02149999999999963, 0.000000000000000000 ) ) ;
#5215 = EDGE_LOOP ( 'NONE', ( #5069, #10567, #7818, #3155 ) ) ;
#5216 = DIRECTION ( 'NONE',  ( 0.000000000000000000, -1.000000000000000000, 0.000000000000000000 ) ) ;
#5217 = VERTEX_POINT ( 'NONE', #8698 ) ;
#5218 = VERTEX_POINT ( 'NONE', #12611 ) ;
#5219 = ORIENTED_EDGE ( 'NONE', *, *, #6719, .F. ) ;
#5220 = CARTESIAN_POINT ( 'NONE',  ( 167.7680000000000007, 93.22150000000000603, 3.000000000000000000 ) ) ;
#5221 = CARTESIAN_POINT ( 'NONE',  ( 142.2439999999999998, 97.37229999999999563, 0.000000000000000000 ) ) ;
#5222 = ADVANCED_FACE ( 'NONE', ( #7583 ), #11565, .T. ) ;
#5223 = DIRECTION ( 'NONE',  ( 0.000000000000000000, -1.000000000000000000, 0.000000000000000000 ) ) ;
#5224 = LINE ( 'NONE', #9197, #10675 ) ;
#5225 = DIRECTION ( 'NONE',  ( 0.000000000000000000, -1.000000000000000000, 0.000000000000000000 ) ) ;
#5226 = ADVANCED_FACE ( 'NONE', ( #6426 ), #10405, .T. ) ;
#5227 = DIRECTION ( 'NONE',  ( -1.000000000000000000, 0.000000000000000000, 0.000000000000000000 ) ) ;
#5228 = DIRECTION ( 'NONE',  ( -0.000000000000000000, 1.000000000000000000, -0.000000000000000000 ) ) ;
#5229 = EDGE_LOOP ( 'NONE', ( #4046, #3820, #12321, #8586 ) ) ;
#5230 = FACE_OUTER_BOUND ( 'NONE', #5418, .T. ) ;
#5231 = VERTEX_POINT ( 'NONE', #6743 ) ;
#5232 = EDGE_CURVE ( 'NONE', #4830, #10394, #2082, .T. ) ;
#5233 = ORIENTED_EDGE ( 'NONE', *, *, #11629, .F. ) ;
#5234 = ORIENTED_EDGE ( 'NONE', *, *, #2356, .T. ) ;
#5235 = EDGE_CURVE ( 'NONE', #4825, #8886, #10723, .T. ) ;
#5236 = LINE ( 'NONE', #3343, #6132 ) ;
#5237 = LINE ( 'NONE', #8425, #4261 ) ;
#5238 = LINE ( 'NONE', #7443, #235 ) ;
#5239 = CARTESIAN_POINT ( 'NONE',  ( 23.40692999999999557, 42.79100000000001813, 3.000000000000000000 ) ) ;
#5240 = CARTESIAN_POINT ( 'NONE',  ( 92.81900000000000261, 97.92189999999999372, 0.000000000000000000 ) ) ;
#5241 = LINE ( 'NONE', #9216, #9502 ) ;
#5242 = DIRECTION ( 'NONE',  ( -0.000000000000000000, -0.000000000000000000, -1.000000000000000000 ) ) ;
#5243 = DIRECTION ( 'NONE',  ( 0.000000000000000000, 0.000000000000000000, 1.000000000000000000 ) ) ;
#5244 = EDGE_LOOP ( 'NONE', ( #6835, #3916, #12512, #1407 ) ) ;
#5245 = ORIENTED_EDGE ( 'NONE', *, *, #6722, .T. ) ;
#5246 = VECTOR ( 'NONE', #7426, 1000.000000000000000 ) ;
#5248 = ORIENTED_EDGE ( 'NONE', *, *, #8166, .T. ) ;
#5247 = PLANE ( 'NONE',  #6524 ) ;
#5249 = DIRECTION ( 'NONE',  ( 1.000000000000000000, 0.000000000000000000, 0.000000000000000000 ) ) ;
#5250 = ORIENTED_EDGE ( 'NONE', *, *, #12604, .T. ) ;
#5251 = FACE_OUTER_BOUND ( 'NONE', #3445, .T. ) ;
#5252 = DIRECTION ( 'NONE',  ( -1.000000000000000000, -0.000000000000000000, -0.000000000000000000 ) ) ;
#5253 = SURFACE_SIDE_STYLE ('',( #8253 ) ) ;
#5254 = VECTOR ( 'NONE', #3937, 1000.000000000000000 ) ;
#5255 = CARTESIAN_POINT ( 'NONE',  ( 164.5449999999999875, 126.4969999999999999, 0.000000000000000000 ) ) ;
#5256 = EDGE_CURVE ( 'NONE', #10500, #11685, #12070, .T. ) ;
#5257 = DIRECTION ( 'NONE',  ( 0.000000000000000000, 0.000000000000000000, 1.000000000000000000 ) ) ;
#5258 = VECTOR ( 'NONE', #11546, 1000.000000000000000 ) ;
#5259 = ORIENTED_EDGE ( 'NONE', *, *, #3267, .F. ) ;
#5260 = VERTEX_POINT ( 'NONE', #2828 ) ;
#5261 = ORIENTED_EDGE ( 'NONE', *, *, #7923, .F. ) ;
#5262 = DIRECTION ( 'NONE',  ( -0.000000000000000000, -1.000000000000000000, -0.000000000000000000 ) ) ;
#5263 = ORIENTED_EDGE ( 'NONE', *, *, #11043, .T. ) ;
#5264 = DIRECTION ( 'NONE',  ( 1.000000000000000000, 0.000000000000000000, -0.000000000000000000 ) ) ;
#5265 = ADVANCED_FACE ( 'NONE', ( #5768 ), #51, .T. ) ;
#5266 = DIRECTION ( 'NONE',  ( 0.000000000000000000, 0.000000000000000000, 1.000000000000000000 ) ) ;
#5267 = CARTESIAN_POINT ( 'NONE',  ( 143.9689999999999941, 88.62170000000001835, 3.000000000000000000 ) ) ;
#5268 = DIRECTION ( 'NONE',  ( 1.000000000000000000, 0.000000000000000000, 0.000000000000000000 ) ) ;
#5269 = PLANE ( 'NONE',  #769 ) ;
#5271 = ORIENTED_EDGE ( 'NONE', *, *, #126, .T. ) ;
#5270 = ORIENTED_EDGE ( 'NONE', *, *, #271, .F. ) ;
#5272 = ORIENTED_EDGE ( 'NONE', *, *, #7515, .T. ) ;
#5273 = EDGE_CURVE ( 'NONE', #10175, #4825, #3135, .T. ) ;
#5274 = PLANE ( 'NONE',  #10737 ) ;
#5275 = VECTOR ( 'NONE', #5641, 1000.000000000000000 ) ;
#5276 = EDGE_LOOP ( 'NONE', ( #8756, #4571, #3043, #9177 ) ) ;
#5277 = ORIENTED_EDGE ( 'NONE', *, *, #1875, .F. ) ;
#5278 = ORIENTED_EDGE ( 'NONE', *, *, #976, .F. ) ;
#5279 = DIRECTION ( 'NONE',  ( -1.000000000000000000, 0.000000000000000000, 0.000000000000000000 ) ) ;
#5280 = ADVANCED_FACE ( 'NONE', ( #181 ), #3809, .T. ) ;
#5281 = CARTESIAN_POINT ( 'NONE',  ( 140.4439999999999884, 64.87269999999999470, 3.000000000000000000 ) ) ;
#5282 = DIRECTION ( 'NONE',  ( -0.000000000000000000, -0.000000000000000000, -1.000000000000000000 ) ) ;
#5283 = CARTESIAN_POINT ( 'NONE',  ( 163.6630000000000109, 58.35159999999999769, 3.000000000000000000 ) ) ;
#5284 = LINE ( 'NONE', #7245, #2359 ) ;
#5285 = VECTOR ( 'NONE', #7363, 1000.000000000000000 ) ;
#5286 = CARTESIAN_POINT ( 'NONE',  ( 162.7429999999999950, 96.45159999999999911, 3.000000000000000000 ) ) ;
#5287 = CARTESIAN_POINT ( 'NONE',  ( 102.3439999999999941, 78.87189999999999657, 0.000000000000000000 ) ) ;
#5288 = ORIENTED_EDGE ( 'NONE', *, *, #10930, .F. ) ;
#5289 = LINE ( 'NONE', #11476, #8219 ) ;
#5290 = VERTEX_POINT ( 'NONE', #853 ) ;
#5291 = VERTEX_POINT ( 'NONE', #9007 ) ;
#5292 = ORIENTED_EDGE ( 'NONE', *, *, #6071, .F. ) ;
#5293 = DIRECTION ( 'NONE',  ( -0.000000000000000000, -0.000000000000000000, -1.000000000000000000 ) ) ;
#5294 = EDGE_CURVE ( 'NONE', #2654, #4266, #8813, .T. ) ;
#5295 = VECTOR ( 'NONE', #8267, 1000.000000000000000 ) ;
#5296 = CARTESIAN_POINT ( 'NONE',  ( 74.05719999999999459, 59.82189999999999941, 3.000000000000000000 ) ) ;
#5297 = CARTESIAN_POINT ( 'NONE',  ( 116.6320000000000192, 40.77190000000000225, 0.000000000000000000 ) ) ;
#5298 = CARTESIAN_POINT ( 'NONE',  ( 143.9689999999999941, 84.15269999999999584, 3.000000000000000000 ) ) ;
#5299 = EDGE_CURVE ( 'NONE', #7755, #5291, #10790, .T. ) ;
#5300 = CARTESIAN_POINT ( 'NONE',  ( 159.4939999999999998, 93.22150000000000603, 3.000000000000000000 ) ) ;
#5301 = VECTOR ( 'NONE', #12807, 1000.000000000000000 ) ;
#5302 = DIRECTION ( 'NONE',  ( 1.000000000000000000, 0.000000000000000000, 0.000000000000000000 ) ) ;
#5303 = CARTESIAN_POINT ( 'NONE',  ( 159.4939999999999998, 97.92189999999999372, 0.000000000000000000 ) ) ;
#5304 = LINE ( 'NONE', #3597, #3848 ) ;
#5305 = EDGE_LOOP ( 'NONE', ( #6595, #4799, #3513, #4864 ) ) ;
#5306 = ORIENTED_EDGE ( 'NONE', *, *, #8166, .F. ) ;
#5307 = VECTOR ( 'NONE', #4395, 1000.000000000000000 ) ;
#5309 = ORIENTED_EDGE ( 'NONE', *, *, #10660, .F. ) ;
#5308 = DIRECTION ( 'NONE',  ( -1.000000000000000000, 0.000000000000000000, 0.000000000000000000 ) ) ;
#5310 = CYLINDRICAL_SURFACE ( 'NONE', #5512, 1.250000000000001110 ) ;
#5311 = VERTEX_POINT ( 'NONE', #793 ) ;
#5312 = ADVANCED_FACE ( 'NONE', ( #4053 ), #8764, .T. ) ;
#5313 = CARTESIAN_POINT ( 'NONE',  ( 78.53149999999999409, 126.4969999999999999, 3.000000000000000000 ) ) ;
#5314 = FACE_OUTER_BOUND ( 'NONE', #11115, .T. ) ;
#5315 = EDGE_CURVE ( 'NONE', #10140, #8528, #3199, .T. ) ;
#5316 = PLANE ( 'NONE',  #2461 ) ;
#5317 = ADVANCED_FACE ( 'NONE', ( #11093 ), #12003, .T. ) ;
#5318 = VECTOR ( 'NONE', #9130, 1000.000000000000000 ) ;
#5319 = CARTESIAN_POINT ( 'NONE',  ( 158.6370000000000005, 55.12149999999999750, 0.000000000000000000 ) ) ;
#5320 = DIRECTION ( 'NONE',  ( -1.000000000000000000, 0.000000000000000000, 0.000000000000000000 ) ) ;
#5321 = VERTEX_POINT ( 'NONE', #11163 ) ;
#5322 = ORIENTED_EDGE ( 'NONE', *, *, #1860, .T. ) ;
#5323 = EDGE_LOOP ( 'NONE', ( #2965, #10359, #11734, #7978 ) ) ;
#5324 = CARTESIAN_POINT ( 'NONE',  ( 49.10099999999999909, 12.42159999999999975, 0.000000000000000000 ) ) ;
#5325 = AXIS2_PLACEMENT_3D ( 'NONE', #7589, #3365, #9617 ) ;
#5326 = ORIENTED_EDGE ( 'NONE', *, *, #1274, .T. ) ;
#5327 = CARTESIAN_POINT ( 'NONE',  ( 164.2570000000000050, 64.87269999999999470, 3.000000000000000000 ) ) ;
#5328 = EDGE_CURVE ( 'NONE', #7664, #2259, #1097, .T. ) ;
#5329 = EDGE_CURVE ( 'NONE', #9455, #8854, #10184, .T. ) ;
#5330 = DIRECTION ( 'NONE',  ( 0.000000000000000000, -0.000000000000000000, 1.000000000000000000 ) ) ;
#5331 = CIRCLE ( 'NONE', #4331, 0.5000000000000000000 ) ;
#5332 = DIRECTION ( 'NONE',  ( -0.000000000000000000, -0.000000000000000000, -1.000000000000000000 ) ) ;
#5333 = PLANE ( 'NONE',  #3926 ) ;
#5334 = VECTOR ( 'NONE', #9025, 1000.000000000000000 ) ;
#5335 = CARTESIAN_POINT ( 'NONE',  ( 143.9689999999999941, 88.62170000000001835, 3.000000000000000000 ) ) ;
#5337 = ORIENTED_EDGE ( 'NONE', *, *, #1355, .F. ) ;
#5336 = EDGE_LOOP ( 'NONE', ( #7421, #12261, #5615, #8143 ) ) ;
#5338 = ORIENTED_EDGE ( 'NONE', *, *, #2404, .T. ) ;
#5339 = CARTESIAN_POINT ( 'NONE',  ( 24.47530000000000072, 17.02149999999999963, 3.000000000000000000 ) ) ;
#5340 = VERTEX_POINT ( 'NONE', #4115 ) ;
#5341 = VERTEX_POINT ( 'NONE', #8091 ) ;
#5342 = EDGE_LOOP ( 'NONE', ( #10116, #7036, #9707, #12857 ) ) ;
#5343 = CARTESIAN_POINT ( 'NONE',  ( 33.57589999999999719, 21.72200000000000131, 0.000000000000000000 ) ) ;
#5344 = CIRCLE ( 'NONE', #12854, 1.250000000000001110 ) ;
#5345 = DIRECTION ( 'NONE',  ( -1.000000000000000000, 0.000000000000000000, 0.000000000000000000 ) ) ;
#5346 = CARTESIAN_POINT ( 'NONE',  ( 141.5879999999999939, 46.05270000000000152, 3.000000000000000000 ) ) ;
#5347 = LINE ( 'NONE', #11284, #7958 ) ;
#5348 = EDGE_CURVE ( 'NONE', #1360, #3764, #2147, .T. ) ;
#5349 = CARTESIAN_POINT ( 'NONE',  ( 19.38193000000000765, 14.24100000000001742, 0.000000000000000000 ) ) ;
#5350 = CARTESIAN_POINT ( 'NONE',  ( 21.66969999999999885, 97.92189999999999372, 0.000000000000000000 ) ) ;
#5351 = VECTOR ( 'NONE', #11894, 1000.000000000000000 ) ;
#5352 = PLANE ( 'NONE',  #7224 ) ;
#5353 = AXIS2_PLACEMENT_3D ( 'NONE', #9431, #11457, #1335 ) ;
#5354 = EDGE_CURVE ( 'NONE', #12399, #7619, #2217, .T. ) ;
#5355 = EDGE_LOOP ( 'NONE', ( #4999, #844, #11451, #10857 ) ) ;
#5356 = DIRECTION ( 'NONE',  ( 1.000000000000000000, -0.000000000000000000, -0.000000000000000000 ) ) ;
#5357 = EDGE_LOOP ( 'NONE', ( #6260, #232, #9876, #4426 ) ) ;
#5358 = ORIENTED_EDGE ( 'NONE', *, *, #4197, .F. ) ;
#5359 = EDGE_LOOP ( 'NONE', ( #8711, #9943, #8045, #3768 ) ) ;
#5360 = LINE ( 'NONE', #4253, #8839 ) ;
#5361 = LINE ( 'NONE', #2296, #2806 ) ;
#5362 = DIRECTION ( 'NONE',  ( 0.000000000000000000, 0.000000000000000000, 1.000000000000000000 ) ) ;
#5363 = AXIS2_PLACEMENT_3D ( 'NONE', #4722, #4593, #7520 ) ;
#5364 = DIRECTION ( 'NONE',  ( -1.000000000000000000, -0.000000000000000000, -0.000000000000000000 ) ) ;
#5365 = EDGE_CURVE ( 'NONE', #8095, #1223, #5480, .T. ) ;
#5366 = DIRECTION ( 'NONE',  ( -1.000000000000000000, 0.000000000000000000, 0.000000000000000000 ) ) ;
#5367 = VECTOR ( 'NONE', #7034, 1000.000000000000000 ) ;
#5368 = CARTESIAN_POINT ( 'NONE',  ( 141.5879999999999939, 46.05270000000000152, 3.000000000000000000 ) ) ;
#5369 = LINE ( 'NONE', #6472, #10144 ) ;
#5370 = ADVANCED_FACE ( 'NONE', ( #12331 ), #9258, .T. ) ;
#5371 = VECTOR ( 'NONE', #6248, 1000.000000000000000 ) ;
#5372 = LINE ( 'NONE', #11306, #11142 ) ;
#5373 = ORIENTED_EDGE ( 'NONE', *, *, #3367, .F. ) ;
#5374 = ORIENTED_EDGE ( 'NONE', *, *, #420, .F. ) ;
#5375 = VECTOR ( 'NONE', #11074, 1000.000000000000000 ) ;
#5377 = EDGE_LOOP ( 'NONE', ( #11307, #1053, #9958, #10288 ) ) ;
#5376 = CARTESIAN_POINT ( 'NONE',  ( 0.5939299999999926305, 81.39100000000000534, 3.000000000000000000 ) ) ;
#5378 = DIRECTION ( 'NONE',  ( 0.000000000000000000, 0.000000000000000000, 1.000000000000000000 ) ) ;
#5379 = ORIENTED_EDGE ( 'NONE', *, *, #7326, .F. ) ;
#5380 = VECTOR ( 'NONE', #1843, 1000.000000000000000 ) ;
#5381 = EDGE_CURVE ( 'NONE', #1748, #6699, #10369, .T. ) ;
#5382 = CARTESIAN_POINT ( 'NONE',  ( 163.6630000000000109, 46.05270000000000152, 0.000000000000000000 ) ) ;
#5383 = CARTESIAN_POINT ( 'NONE',  ( 168.5929999999999893, 90.42260000000000275, 3.000000000000000000 ) ) ;
#5384 = VECTOR ( 'NONE', #10674, 1000.000000000000000 ) ;
#5385 = DIRECTION ( 'NONE',  ( -0.000000000000000000, -0.000000000000000000, -1.000000000000000000 ) ) ;
#5386 = CARTESIAN_POINT ( 'NONE',  ( 157.1129999999999995, 59.82189999999999941, 0.000000000000000000 ) ) ;
#5387 = CARTESIAN_POINT ( 'NONE',  ( 78.81969999999999743, 83.92270000000000607, 3.000000000000000000 ) ) ;
#5388 = VECTOR ( 'NONE', #11549, 1000.000000000000000 ) ;
#5389 = VERTEX_POINT ( 'NONE', #1353 ) ;
#5390 = ORIENTED_EDGE ( 'NONE', *, *, #6837, .F. ) ;
#5391 = ORIENTED_EDGE ( 'NONE', *, *, #1362, .T. ) ;
#5392 = EDGE_CURVE ( 'NONE', #6050, #2418, #11349, .T. ) ;
#5394 = EDGE_CURVE ( 'NONE', #9319, #5870, #5415, .T. ) ;
#5393 = CARTESIAN_POINT ( 'NONE',  ( 143.1119999999999948, 55.12149999999999750, 3.000000000000000000 ) ) ;
#5395 = VERTEX_POINT ( 'NONE', #3392 ) ;
#5396 = FACE_BOUND ( 'NONE', #2225, .T. ) ;
#5397 = DIRECTION ( 'NONE',  ( -0.000000000000000000, -0.000000000000000000, -1.000000000000000000 ) ) ;
#5398 = AXIS2_PLACEMENT_3D ( 'NONE', #1423, #570, #11536 ) ;
#5399 = DIRECTION ( 'NONE',  ( -1.000000000000000000, 0.000000000000000000, 0.000000000000000000 ) ) ;
#5400 = CARTESIAN_POINT ( 'NONE',  ( 24.47530000000000072, 17.02149999999999963, 3.000000000000000000 ) ) ;
#5401 = VECTOR ( 'NONE', #4238, 1000.000000000000000 ) ;
#5403 = ORIENTED_EDGE ( 'NONE', *, *, #7214, .F. ) ;
#5402 = ORIENTED_EDGE ( 'NONE', *, *, #3367, .T. ) ;
#5404 = EDGE_CURVE ( 'NONE', #5395, #8417, #1928, .T. ) ;
#5405 = EDGE_LOOP ( 'NONE', ( #9163, #12278, #1570, #10693 ) ) ;
#5406 = DIRECTION ( 'NONE',  ( -0.000000000000000000, -0.000000000000000000, -1.000000000000000000 ) ) ;
#5407 = ORIENTED_EDGE ( 'NONE', *, *, #1661, .F. ) ;
#5408 = VERTEX_POINT ( 'NONE', #2474 ) ;
#5409 = ORIENTED_EDGE ( 'NONE', *, *, #4037, .T. ) ;
#5410 = DIRECTION ( 'NONE',  ( -0.000000000000000000, -0.000000000000000000, -1.000000000000000000 ) ) ;
#5411 = CARTESIAN_POINT ( 'NONE',  ( 161.0180000000000007, 93.22150000000000603, 3.000000000000000000 ) ) ;
#5412 = VECTOR ( 'NONE', #7772, 1000.000000000000000 ) ;
#5413 = CARTESIAN_POINT ( 'NONE',  ( 78.53149999999999409, 112.4980000000000047, 3.000000000000000000 ) ) ;
#5414 = LINE ( 'NONE', #3452, #2340 ) ;
#5415 = LINE ( 'NONE', #434, #9849 ) ;
#5416 = DIRECTION ( 'NONE',  ( 1.000000000000000000, -0.000000000000000000, -0.000000000000000000 ) ) ;
#5417 = LINE ( 'NONE', #10305, #3470 ) ;
#5418 = EDGE_LOOP ( 'NONE', ( #12934, #12720, #2397, #11421 ) ) ;
#5419 = CARTESIAN_POINT ( 'NONE',  ( 0.09392999999999207539, 109.9710000000000036, 3.000000000000000000 ) ) ;
#5420 = ORIENTED_EDGE ( 'NONE', *, *, #7209, .T. ) ;
#5421 = ORIENTED_EDGE ( 'NONE', *, *, #1874, .T. ) ;
#5422 = ORIENTED_EDGE ( 'NONE', *, *, #1587, .T. ) ;
#5423 = PLANE ( 'NONE',  #5510 ) ;
#5424 = DIRECTION ( 'NONE',  ( 0.000000000000000000, 0.000000000000000000, 1.000000000000000000 ) ) ;
#5425 = CARTESIAN_POINT ( 'NONE',  ( 27.02609999999999957, 20.25169999999999959, 3.000000000000000000 ) ) ;
#5426 = EDGE_CURVE ( 'NONE', #960, #12162, #10431, .T. ) ;
#5427 = DIRECTION ( 'NONE',  ( -0.000000000000000000, -0.000000000000000000, 1.000000000000000000 ) ) ;
#5428 = DIRECTION ( 'NONE',  ( 1.000000000000000000, 0.000000000000000000, -0.000000000000000000 ) ) ;
#5429 = DIRECTION ( 'NONE',  ( 1.000000000000000000, 0.000000000000000000, 0.000000000000000000 ) ) ;
#5430 = DIRECTION ( 'NONE',  ( 1.000000000000000000, 1.456985596620940580E-15, 0.000000000000000000 ) ) ;
#5431 = CARTESIAN_POINT ( 'NONE',  ( 5.856929999999982428, 134.0210000000000150, 3.000000000000000000 ) ) ;
#5432 = DIRECTION ( 'NONE',  ( 0.000000000000000000, -0.000000000000000000, 1.000000000000000000 ) ) ;
#5433 = ORIENTED_EDGE ( 'NONE', *, *, #5751, .T. ) ;
#5434 = ORIENTED_EDGE ( 'NONE', *, *, #1310, .T. ) ;
#5435 = PLANE ( 'NONE',  #1486 ) ;
#5436 = EDGE_CURVE ( 'NONE', #10007, #3223, #1483, .T. ) ;
#5438 = ORIENTED_EDGE ( 'NONE', *, *, #9762, .F. ) ;
#5437 = CARTESIAN_POINT ( 'NONE',  ( 26.43220000000000169, 112.4980000000000047, 0.000000000000000000 ) ) ;
#5439 = DIRECTION ( 'NONE',  ( 0.000000000000000000, 0.000000000000000000, 1.000000000000000000 ) ) ;
#5440 = EDGE_LOOP ( 'NONE', ( #7220, #401, #8562, #9287 ) ) ;
#5441 = LINE ( 'NONE', #12491, #5448 ) ;
#5442 = EDGE_CURVE ( 'NONE', #7418, #1748, #3334, .T. ) ;
#5443 = CARTESIAN_POINT ( 'NONE',  ( 16.90719999999999956, 45.82269999999999754, 3.000000000000000000 ) ) ;
#5444 = DIRECTION ( 'NONE',  ( -0.000000000000000000, -1.000000000000000000, -0.000000000000000000 ) ) ;
#5445 = AXIS2_PLACEMENT_3D ( 'NONE', #10765, #9910, #5872 ) ;
#5446 = CARTESIAN_POINT ( 'NONE',  ( 135.6819999999999879, 126.4969999999999999, 3.000000000000000000 ) ) ;
#5447 = CARTESIAN_POINT ( 'NONE',  ( 55.85040000000000049, 20.25169999999999959, 3.000000000000000000 ) ) ;
#5448 = VECTOR ( 'NONE', #6117, 1000.000000000000000 ) ;
#5449 = DIRECTION ( 'NONE',  ( -0.000000000000000000, -0.000000000000000000, -1.000000000000000000 ) ) ;
#5450 = ORIENTED_EDGE ( 'NONE', *, *, #2353, .F. ) ;
#5451 = ORIENTED_EDGE ( 'NONE', *, *, #10639, .F. ) ;
#5452 = ORIENTED_EDGE ( 'NONE', *, *, #7124, .T. ) ;
#5453 = DIRECTION ( 'NONE',  ( -0.000000000000000000, -1.000000000000000000, -0.000000000000000000 ) ) ;
#5454 = ORIENTED_EDGE ( 'NONE', *, *, #8823, .F. ) ;
#5455 = LINE ( 'NONE', #12437, #12871 ) ;
#5456 = EDGE_CURVE ( 'NONE', #1591, #1877, #8411, .T. ) ;
#5457 = AXIS2_PLACEMENT_3D ( 'NONE', #6735, #2753, #11687 ) ;
#5458 = VECTOR ( 'NONE', #3147, 1000.000000000000000 ) ;
#5459 = PLANE ( 'NONE',  #5574 ) ;
#5460 = LINE ( 'NONE', #10672, #8201 ) ;
#5461 = DIRECTION ( 'NONE',  ( 0.000000000000000000, 0.000000000000000000, 1.000000000000000000 ) ) ;
#5462 = EDGE_CURVE ( 'NONE', #8949, #1665, #502, .T. ) ;
#5463 = VECTOR ( 'NONE', #11160, 1000.000000000000000 ) ;
#5465 = ORIENTED_EDGE ( 'NONE', *, *, #2842, .F. ) ;
#5464 = VERTEX_POINT ( 'NONE', #2409 ) ;
#5466 = VECTOR ( 'NONE', #3738, 1000.000000000000000 ) ;
#5467 = ORIENTED_EDGE ( 'NONE', *, *, #3801, .T. ) ;
#5468 = FACE_OUTER_BOUND ( 'NONE', #5090, .T. ) ;
#5469 = ORIENTED_EDGE ( 'NONE', *, *, #3277, .F. ) ;
#5470 = ORIENTED_EDGE ( 'NONE', *, *, #8834, .T. ) ;
#5471 = DIRECTION ( 'NONE',  ( -0.000000000000000000, -1.000000000000000000, -0.000000000000000000 ) ) ;
#5472 = AXIS2_PLACEMENT_3D ( 'NONE', #10623, #2667, #1740 ) ;
#5473 = LINE ( 'NONE', #12575, #3364 ) ;
#5474 = PLANE ( 'NONE',  #3612 ) ;
#5475 = CARTESIAN_POINT ( 'NONE',  ( 167.7680000000000007, 90.42260000000000275, 0.000000000000000000 ) ) ;
#5476 = EDGE_CURVE ( 'NONE', #12801, #3024, #6390, .T. ) ;
#5477 = CARTESIAN_POINT ( 'NONE',  ( 143.1119999999999948, 50.52170000000000272, 3.000000000000000000 ) ) ;
#5478 = DIRECTION ( 'NONE',  ( 0.000000000000000000, 0.000000000000000000, -1.000000000000000000 ) ) ;
#5479 = EDGE_CURVE ( 'NONE', #3140, #5901, #5284, .T. ) ;
#5480 = CIRCLE ( 'NONE', #2557, 1.250000000000001110 ) ;
#5481 = DIRECTION ( 'NONE',  ( -1.000000000000000000, -0.000000000000000000, -0.000000000000000000 ) ) ;
#5482 = ORIENTED_EDGE ( 'NONE', *, *, #8724, .T. ) ;
#5483 = LINE ( 'NONE', #11417, #1963 ) ;
#5484 = VECTOR ( 'NONE', #3355, 1000.000000000000000 ) ;
#5485 = ORIENTED_EDGE ( 'NONE', *, *, #3710, .F. ) ;
#5486 = ORIENTED_EDGE ( 'NONE', *, *, #4654, .F. ) ;
#5487 = ORIENTED_EDGE ( 'NONE', *, *, #10464, .T. ) ;
#5488 = PLANE ( 'NONE',  #6488 ) ;
#5489 = PLANE ( 'NONE',  #3431 ) ;
#5490 = VECTOR ( 'NONE', #6006, 1000.000000000000000 ) ;
#5491 = PLANE ( 'NONE',  #442 ) ;
#5492 = VECTOR ( 'NONE', #8491, 1000.000000000000000 ) ;
#5493 = EDGE_CURVE ( 'NONE', #10627, #2729, #10240, .T. ) ;
#5494 = PLANE ( 'NONE',  #11835 ) ;
#5495 = DIRECTION ( 'NONE',  ( -0.000000000000000000, -0.000000000000000000, -1.000000000000000000 ) ) ;
#5496 = DIRECTION ( 'NONE',  ( 1.000000000000000000, -0.000000000000000000, -0.000000000000000000 ) ) ;
#5497 = FACE_OUTER_BOUND ( 'NONE', #12308, .T. ) ;
#5498 = DIRECTION ( 'NONE',  ( -0.000000000000000000, -0.000000000000000000, -1.000000000000000000 ) ) ;
#5499 = DIRECTION ( 'NONE',  ( 0.000000000000000000, 1.000000000000000000, 0.000000000000000000 ) ) ;
#5500 = VECTOR ( 'NONE', #2198, 1000.000000000000000 ) ;
#5501 = EDGE_LOOP ( 'NONE', ( #4087, #11063, #1339, #9335 ) ) ;
#5502 = ORIENTED_EDGE ( 'NONE', *, *, #1137, .F. ) ;
#5503 = ADVANCED_FACE ( 'NONE', ( #12269 ), #7309, .T. ) ;
#5504 = LINE ( 'NONE', #10520, #3579 ) ;
#5506 = ORIENTED_EDGE ( 'NONE', *, *, #8876, .F. ) ;
#5505 = DIRECTION ( 'NONE',  ( -1.000000000000000000, -0.000000000000000000, -0.000000000000000000 ) ) ;
#5507 = DIRECTION ( 'NONE',  ( -1.000000000000000000, 0.000000000000000000, 0.000000000000000000 ) ) ;
#5508 = EDGE_LOOP ( 'NONE', ( #7877, #9828, #8311, #443 ) ) ;
#5509 = DIRECTION ( 'NONE',  ( -0.000000000000000000, -0.000000000000000000, -1.000000000000000000 ) ) ;
#5510 = AXIS2_PLACEMENT_3D ( 'NONE', #7439, #2159, #8607 ) ;
#5511 = CARTESIAN_POINT ( 'NONE',  ( 161.0180000000000007, 93.22150000000000603, 3.000000000000000000 ) ) ;
#5512 = AXIS2_PLACEMENT_3D ( 'NONE', #6293, #7395, #7333 ) ;
#5513 = PLANE ( 'NONE',  #10895 ) ;
#5514 = AXIS2_PLACEMENT_3D ( 'NONE', #7336, #4278, #6102 ) ;
#5515 = CARTESIAN_POINT ( 'NONE',  ( 136.3940000000000055, 90.42260000000000275, 3.000000000000000000 ) ) ;
#5516 = EDGE_CURVE ( 'NONE', #4751, #3635, #4031, .T. ) ;
#5517 = CARTESIAN_POINT ( 'NONE',  ( 159.4939999999999998, 97.92189999999999372, 3.000000000000000000 ) ) ;
#5518 = VECTOR ( 'NONE', #1637, 1000.000000000000000 ) ;
#5519 = DIRECTION ( 'NONE',  ( -0.000000000000000000, -0.000000000000000000, 1.000000000000000000 ) ) ;
#5520 = ORIENTED_EDGE ( 'NONE', *, *, #10536, .F. ) ;
#5521 = EDGE_CURVE ( 'NONE', #9015, #7019, #7938, .T. ) ;
#5522 = VECTOR ( 'NONE', #7892, 1000.000000000000000 ) ;
#5523 = ORIENTED_EDGE ( 'NONE', *, *, #1893, .T. ) ;
#5524 = LINE ( 'NONE', #2513, #6834 ) ;
#5525 = ORIENTED_EDGE ( 'NONE', *, *, #7129, .T. ) ;
#5526 = FACE_BOUND ( 'NONE', #5979, .T. ) ;
#5527 = AXIS2_PLACEMENT_3D ( 'NONE', #172, #5933, #10038 ) ;
#5528 = LINE ( 'NONE', #9499, #9722 ) ;
#5529 = FACE_OUTER_BOUND ( 'NONE', #6884, .T. ) ;
#5530 = PLANE ( 'NONE',  #8925 ) ;
#5531 = ADVANCED_FACE ( 'NONE', ( #12046 ), #8191, .T. ) ;
#5532 = ADVANCED_FACE ( 'NONE', ( #8981 ), #9237, .T. ) ;
#5534 = ORIENTED_EDGE ( 'NONE', *, *, #7118, .T. ) ;
#5533 = ORIENTED_EDGE ( 'NONE', *, *, #1127, .F. ) ;
#5535 = AXIS2_PLACEMENT_3D ( 'NONE', #12039, #4084, #3107 ) ;
#5536 = VERTEX_POINT ( 'NONE', #12177 ) ;
#5537 = LINE ( 'NONE', #2719, #11919 ) ;
#5538 = ORIENTED_EDGE ( 'NONE', *, *, #9809, .T. ) ;
#5539 = ORIENTED_EDGE ( 'NONE', *, *, #10024, .F. ) ;
#5540 = CARTESIAN_POINT ( 'NONE',  ( 4.856929999999992198, 109.9710000000000036, 3.000000000000000000 ) ) ;
#5541 = ADVANCED_FACE ( 'NONE', ( #10025 ), #281, .F. ) ;
#5542 = DIRECTION ( 'NONE',  ( 0.000000000000000000, 0.000000000000000000, 1.000000000000000000 ) ) ;
#5543 = EDGE_CURVE ( 'NONE', #4143, #6358, #4155, .T. ) ;
#5544 = CARTESIAN_POINT ( 'NONE',  ( 138.9430000000000121, 83.17159999999999798, 0.000000000000000000 ) ) ;
#5545 = CARTESIAN_POINT ( 'NONE',  ( 116.6320000000000192, 112.4980000000000047, 3.000000000000000000 ) ) ;
#5546 = VECTOR ( 'NONE', #9678, 1000.000000000000000 ) ;
#5547 = ADVANCED_FACE ( 'NONE', ( #27 ), #7152, .T. ) ;
#5548 = DIRECTION ( 'NONE',  ( -0.000000000000000000, -0.000000000000000000, -1.000000000000000000 ) ) ;
#5549 = CARTESIAN_POINT ( 'NONE',  ( 49.10099999999999909, 17.02149999999999963, 0.000000000000000000 ) ) ;
#5550 = ORIENTED_EDGE ( 'NONE', *, *, #1437, .T. ) ;
#5551 = CARTESIAN_POINT ( 'NONE',  ( 2.619650000000000478, 97.92189999999999372, 3.000000000000000000 ) ) ;
#5552 = ORIENTED_EDGE ( 'NONE', *, *, #7895, .T. ) ;
#5553 = VECTOR ( 'NONE', #3550, 1000.000000000000000 ) ;
#5554 = ORIENTED_EDGE ( 'NONE', *, *, #984, .F. ) ;
#5555 = ORIENTED_EDGE ( 'NONE', *, *, #12683, .F. ) ;
#5556 = DIRECTION ( 'NONE',  ( 1.000000000000000000, 0.000000000000000000, 0.000000000000000000 ) ) ;
#5557 = EDGE_CURVE ( 'NONE', #10438, #11806, #7985, .T. ) ;
#5558 = DIRECTION ( 'NONE',  ( 0.000000000000000000, -0.000000000000000000, -1.000000000000000000 ) ) ;
#5559 = EDGE_CURVE ( 'NONE', #6971, #6256, #5203, .T. ) ;
#5560 = CARTESIAN_POINT ( 'NONE',  ( 78.53149999999999409, 126.4969999999999999, 3.000000000000000000 ) ) ;
#5561 = DIRECTION ( 'NONE',  ( -1.000000000000000000, 0.000000000000000000, 0.000000000000000000 ) ) ;
#5562 = VECTOR ( 'NONE', #1488, 1000.000000000000000 ) ;
#5563 = DIRECTION ( 'NONE',  ( 0.000000000000000000, -0.000000000000000000, 1.000000000000000000 ) ) ;
#5564 = CARTESIAN_POINT ( 'NONE',  ( 40.71970000000000312, 83.92270000000000607, 3.000000000000000000 ) ) ;
#5565 = CARTESIAN_POINT ( 'NONE',  ( 21.66969999999999885, 97.92189999999999372, 3.000000000000000000 ) ) ;
#5566 = EDGE_LOOP ( 'NONE', ( #12079, #1735, #11642, #7802 ) ) ;
#5567 = DIRECTION ( 'NONE',  ( -1.000000000000000000, -0.000000000000000000, -0.000000000000000000 ) ) ;
#5568 = ORIENTED_EDGE ( 'NONE', *, *, #399, .F. ) ;
#5569 = EDGE_LOOP ( 'NONE', ( #10420, #3979, #9379, #1236 ) ) ;
#5570 = ADVANCED_FACE ( 'NONE', ( #11977 ), #11917, .T. ) ;
#5571 = CARTESIAN_POINT ( 'NONE',  ( 78.53149999999999409, 40.77190000000000225, 3.000000000000000000 ) ) ;
#5572 = LINE ( 'NONE', #3602, #3771 ) ;
#5573 = VECTOR ( 'NONE', #2955, 1000.000000000000000 ) ;
#5574 = AXIS2_PLACEMENT_3D ( 'NONE', #3561, #7536, #5330 ) ;
#5575 = DIRECTION ( 'NONE',  ( 0.000000000000000000, -0.000000000000000000, 1.000000000000000000 ) ) ;
#5576 = ORIENTED_EDGE ( 'NONE', *, *, #12504, .F. ) ;
#5577 = DIRECTION ( 'NONE',  ( 0.000000000000000000, 0.000000000000000000, 1.000000000000000000 ) ) ;
#5578 = CARTESIAN_POINT ( 'NONE',  ( 145.4930000000000234, 83.92270000000000607, 0.000000000000000000 ) ) ;
#5579 = LINE ( 'NONE', #8566, #7357 ) ;
#5580 = AXIS2_PLACEMENT_3D ( 'NONE', #7858, #2710, #10806 ) ;
#5581 = LINE ( 'NONE', #10793, #7044 ) ;
#5582 = DIRECTION ( 'NONE',  ( 0.000000000000000000, 1.000000000000000000, 0.000000000000000000 ) ) ;
#5583 = DIRECTION ( 'NONE',  ( -0.000000000000000000, 0.000000000000000000, -1.000000000000000000 ) ) ;
#5584 = CIRCLE ( 'NONE', #5363, 1.250000000000001110 ) ;
#5585 = FACE_OUTER_BOUND ( 'NONE', #506, .T. ) ;
#5586 = VERTEX_POINT ( 'NONE', #3042 ) ;
#5587 = ORIENTED_EDGE ( 'NONE', *, *, #1907, .F. ) ;
#5588 = VECTOR ( 'NONE', #958, 1000.000000000000000 ) ;
#5589 = VECTOR ( 'NONE', #10732, 1000.000000000000000 ) ;
#5590 = CARTESIAN_POINT ( 'NONE',  ( 134.0130000000000337, 52.32260000000000133, 3.000000000000000000 ) ) ;
#5591 = ORIENTED_EDGE ( 'NONE', *, *, #10168, .F. ) ;
#5592 = EDGE_CURVE ( 'NONE', #8400, #2904, #9176, .T. ) ;
#5593 = FACE_BOUND ( 'NONE', #10502, .T. ) ;
#5594 = VECTOR ( 'NONE', #11333, 1000.000000000000000 ) ;
#5595 = FACE_OUTER_BOUND ( 'NONE', #5660, .T. ) ;
#5596 = DIRECTION ( 'NONE',  ( -0.000000000000000000, -0.000000000000000000, -1.000000000000000000 ) ) ;
#5597 = ADVANCED_FACE ( 'NONE', ( #4090 ), #8063, .T. ) ;
#5598 = PLANE ( 'NONE',  #6008 ) ;
#5599 = VECTOR ( 'NONE', #2113, 1000.000000000000000 ) ;
#5601 = ORIENTED_EDGE ( 'NONE', *, *, #8397, .T. ) ;
#5600 = EDGE_LOOP ( 'NONE', ( #4709, #2887 ) ) ;
#5602 = ORIENTED_EDGE ( 'NONE', *, *, #3354, .F. ) ;
#5603 = FACE_OUTER_BOUND ( 'NONE', #3158, .T. ) ;
#5604 = EDGE_LOOP ( 'NONE', ( #8656, #4851, #4045, #5088 ) ) ;
#5605 = ORIENTED_EDGE ( 'NONE', *, *, #4959, .T. ) ;
#5606 = ADVANCED_FACE ( 'NONE', ( #2123 ), #7219, .T. ) ;
#5607 = CARTESIAN_POINT ( 'NONE',  ( 168.5929999999999893, 93.22150000000000603, 3.000000000000000000 ) ) ;
#5608 = AXIS2_PLACEMENT_3D ( 'NONE', #923, #4990, #3088 ) ;
#5609 = FACE_OUTER_BOUND ( 'NONE', #5814, .T. ) ;
#5610 = CARTESIAN_POINT ( 'NONE',  ( 106.1319299999999828, -2.065918000000003474, 0.000000000000000000 ) ) ;
#5611 = DIRECTION ( 'NONE',  ( 1.000000000000000000, 0.000000000000000000, 0.000000000000000000 ) ) ;
#5612 = ADVANCED_FACE ( 'NONE', ( #6111 ), #8127, .T. ) ;
#5613 = CARTESIAN_POINT ( 'NONE',  ( 145.4950000000000045, 2.960030000000000161, 3.000000000000000000 ) ) ;
#5614 = LINE ( 'NONE', #8540, #5143 ) ;
#5615 = ORIENTED_EDGE ( 'NONE', *, *, #8632, .F. ) ;
#5616 = DIRECTION ( 'NONE',  ( 0.000000000000000000, -1.000000000000000000, 0.000000000000000000 ) ) ;
#5617 = VERTEX_POINT ( 'NONE', #2978 ) ;
#5618 = ORIENTED_EDGE ( 'NONE', *, *, #834, .F. ) ;
#5619 = ORIENTED_EDGE ( 'NONE', *, *, #3298, .F. ) ;
#5620 = EDGE_CURVE ( 'NONE', #7273, #2992, #1267, .T. ) ;
#5621 = LINE ( 'NONE', #11423, #12106 ) ;
#5622 = DIRECTION ( 'NONE',  ( -0.000000000000000000, 1.000000000000000000, -0.000000000000000000 ) ) ;
#5623 = EDGE_CURVE ( 'NONE', #2438, #170, #1991, .T. ) ;
#5624 = LINE ( 'NONE', #10507, #1910 ) ;
#5625 = LINE ( 'NONE', #9593, #2252 ) ;
#5626 = PLANE ( 'NONE',  #6022 ) ;
#5627 = EDGE_CURVE ( 'NONE', #2904, #7704, #10238, .T. ) ;
#5628 = CARTESIAN_POINT ( 'NONE',  ( 134.8369999999999891, 52.32260000000000133, 0.000000000000000000 ) ) ;
#5629 = ADVANCED_FACE ( 'NONE', ( #1289 ), #1095, .T. ) ;
#5630 = CARTESIAN_POINT ( 'NONE',  ( 95.48710000000001230, 21.72200000000000131, 3.000000000000000000 ) ) ;
#5631 = VERTEX_POINT ( 'NONE', #2215 ) ;
#5632 = CARTESIAN_POINT ( 'NONE',  ( 27.02609999999999957, 7.952670000000000350, 0.000000000000000000 ) ) ;
#5633 = ORIENTED_EDGE ( 'NONE', *, *, #6466, .T. ) ;
#5634 = VERTEX_POINT ( 'NONE', #5158 ) ;
#5635 = DIRECTION ( 'NONE',  ( -0.000000000000000000, -0.000000000000000000, -1.000000000000000000 ) ) ;
#5636 = CARTESIAN_POINT ( 'NONE',  ( 47.57529999999999859, 21.72200000000000131, 0.000000000000000000 ) ) ;
#5637 = DIRECTION ( 'NONE',  ( 0.000000000000000000, 0.000000000000000000, 1.000000000000000000 ) ) ;
#5638 = EDGE_LOOP ( 'NONE', ( #277, #7394, #8172, #10327 ) ) ;
#5639 = DIRECTION ( 'NONE',  ( -0.000000000000000000, -0.000000000000000000, -1.000000000000000000 ) ) ;
#5640 = PLANE ( 'NONE',  #9951 ) ;
#5641 = DIRECTION ( 'NONE',  ( -0.000000000000000000, 1.000000000000000000, -0.000000000000000000 ) ) ;
#5642 = CARTESIAN_POINT ( 'NONE',  ( 69.29470000000000596, 78.87189999999999657, 3.000000000000000000 ) ) ;
#5643 = CARTESIAN_POINT ( 'NONE',  ( 78.53149999999999409, 26.77250000000000085, 0.000000000000000000 ) ) ;
#5644 = CARTESIAN_POINT ( 'NONE',  ( 69.29470000000000596, 64.87269999999999470, 0.000000000000000000 ) ) ;
#5645 = EDGE_CURVE ( 'NONE', #7347, #4629, #6265, .T. ) ;
#5646 = DIRECTION ( 'NONE',  ( 1.000000000000000000, -0.000000000000000000, -0.000000000000000000 ) ) ;
#5647 = ORIENTED_EDGE ( 'NONE', *, *, #1823, .F. ) ;
#5649 = ORIENTED_EDGE ( 'NONE', *, *, #10060, .F. ) ;
#5648 = EDGE_LOOP ( 'NONE', ( #3190, #1955, #4125, #5022 ) ) ;
#5650 = CARTESIAN_POINT ( 'NONE',  ( 89.46346499999998514, 102.9218999999999937, 3.000000000000000000 ) ) ;
#5651 = ORIENTED_EDGE ( 'NONE', *, *, #8360, .F. ) ;
#5652 = FACE_BOUND ( 'NONE', #11579, .T. ) ;
#5653 = DIRECTION ( 'NONE',  ( -1.000000000000000000, 0.000000000000000000, 0.000000000000000000 ) ) ;
#5654 = DIRECTION ( 'NONE',  ( 0.000000000000000000, 1.000000000000000000, 0.000000000000000000 ) ) ;
#5655 = ADVANCED_FACE ( 'NONE', ( #9070 ), #6068, .T. ) ;
#5656 = DIRECTION ( 'NONE',  ( 0.000000000000000000, 1.000000000000000000, 0.000000000000000000 ) ) ;
#5657 = VECTOR ( 'NONE', #11344, 1000.000000000000000 ) ;
#5658 = DIRECTION ( 'NONE',  ( 0.000000000000000000, -1.000000000000000000, 0.000000000000000000 ) ) ;
#5660 = EDGE_LOOP ( 'NONE', ( #879, #12705, #10804, #7603 ) ) ;
#5659 = ORIENTED_EDGE ( 'NONE', *, *, #1934, .T. ) ;
#5661 = EDGE_LOOP ( 'NONE', ( #3705, #6655, #9920, #8258 ) ) ;
#5662 = CARTESIAN_POINT ( 'NONE',  ( 161.0180000000000007, 96.45159999999999911, 0.000000000000000000 ) ) ;
#5663 = VERTEX_POINT ( 'NONE', #9138 ) ;
#5664 = EDGE_CURVE ( 'NONE', #489, #6971, #10045, .T. ) ;
#5665 = VERTEX_POINT ( 'NONE', #303 ) ;
#5666 = AXIS2_PLACEMENT_3D ( 'NONE', #4592, #10221, #2127 ) ;
#5667 = DIRECTION ( 'NONE',  ( -0.000000000000000000, -0.000000000000000000, -1.000000000000000000 ) ) ;
#5668 = LINE ( 'NONE', #9638, #12530 ) ;
#5669 = CARTESIAN_POINT ( 'NONE',  ( 158.6370000000000005, 58.35159999999999769, 3.000000000000000000 ) ) ;
#5670 = CARTESIAN_POINT ( 'NONE',  ( 167.7680000000000007, 84.15269999999999584, 0.000000000000000000 ) ) ;
#5671 = DIRECTION ( 'NONE',  ( 1.000000000000000000, -0.000000000000000000, -0.000000000000000000 ) ) ;
#5672 = VECTOR ( 'NONE', #4847, 1000.000000000000000 ) ;
#5673 = EDGE_CURVE ( 'NONE', #3737, #678, #11027, .T. ) ;
#5674 = ORIENTED_EDGE ( 'NONE', *, *, #4572, .F. ) ;
#5675 = ORIENTED_EDGE ( 'NONE', *, *, #1999, .T. ) ;
#5676 = DIRECTION ( 'NONE',  ( 0.000000000000000000, -0.000000000000000000, -1.000000000000000000 ) ) ;
#5677 = ORIENTED_EDGE ( 'NONE', *, *, #9972, .T. ) ;
#5678 = AXIS2_PLACEMENT_3D ( 'NONE', #3048, #5863, #8797 ) ;
#5679 = ORIENTED_EDGE ( 'NONE', *, *, #7981, .T. ) ;
#5680 = ORIENTED_EDGE ( 'NONE', *, *, #11250, .T. ) ;
#5681 = EDGE_CURVE ( 'NONE', #8707, #11703, #4175, .T. ) ;
#5682 = FACE_OUTER_BOUND ( 'NONE', #1541, .T. ) ;
#5683 = DIRECTION ( 'NONE',  ( -0.000000000000000000, -0.000000000000000000, 1.000000000000000000 ) ) ;
#5684 = CARTESIAN_POINT ( 'NONE',  ( 116.9180000000000064, 83.92270000000000607, 0.000000000000000000 ) ) ;
#5685 = DIRECTION ( 'NONE',  ( -0.000000000000000000, 1.000000000000000000, -0.000000000000000000 ) ) ;
#5686 = CARTESIAN_POINT ( 'NONE',  ( 145.4950000000000045, 112.4980000000000047, 3.000000000000000000 ) ) ;
#5687 = VECTOR ( 'NONE', #8174, 1000.000000000000000 ) ;
#5688 = DIRECTION ( 'NONE',  ( 0.000000000000000000, -1.000000000000000000, 0.000000000000000000 ) ) ;
#5689 = CARTESIAN_POINT ( 'NONE',  ( 69.00650000000000261, 59.82189999999999941, 3.000000000000000000 ) ) ;
#5690 = DIRECTION ( 'NONE',  ( 0.000000000000000000, -0.000000000000000000, -1.000000000000000000 ) ) ;
#5691 = EDGE_LOOP ( 'NONE', ( #2331, #11819, #1972, #5694 ) ) ;
#5692 = EDGE_CURVE ( 'NONE', #2008, #4814, #4240, .T. ) ;
#5693 = VERTEX_POINT ( 'NONE', #4307 ) ;
#5694 = ORIENTED_EDGE ( 'NONE', *, *, #8250, .T. ) ;
#5695 = LINE ( 'NONE', #5761, #858 ) ;
#5696 = VECTOR ( 'NONE', #2566, 1000.000000000000000 ) ;
#5697 = DIRECTION ( 'NONE',  ( 0.000000000000000000, 1.000000000000000000, 0.000000000000000000 ) ) ;
#5698 = CARTESIAN_POINT ( 'NONE',  ( 0.09392999999999207539, 81.89100000000000534, 3.000000000000000000 ) ) ;
#5699 = EDGE_LOOP ( 'NONE', ( #9992, #6036, #6336, #248 ) ) ;
#5700 = EDGE_CURVE ( 'NONE', #3338, #2467, #8213, .T. ) ;
#5701 = DIRECTION ( 'NONE',  ( -1.000000000000000000, -0.000000000000000000, -0.000000000000000000 ) ) ;
#5702 = DIRECTION ( 'NONE',  ( -0.000000000000000000, -0.000000000000000000, -1.000000000000000000 ) ) ;
#5703 = DIRECTION ( 'NONE',  ( 0.000000000000000000, 1.000000000000000000, -0.000000000000000000 ) ) ;
#5704 = DIRECTION ( 'NONE',  ( 0.000000000000000000, 0.000000000000000000, -1.000000000000000000 ) ) ;
#5705 = VECTOR ( 'NONE', #5077, 1000.000000000000000 ) ;
#5706 = LINE ( 'NONE', #11637, #1986 ) ;
#5707 = LINE ( 'NONE', #856, #4542 ) ;
#5708 = CARTESIAN_POINT ( 'NONE',  ( 208.6330000000000098, 35.43408199999999653, 0.000000000000000000 ) ) ;
#5709 = ORIENTED_EDGE ( 'NONE', *, *, #10973, .F. ) ;
#5711 = ORIENTED_EDGE ( 'NONE', *, *, #10100, .T. ) ;
#5710 = ORIENTED_EDGE ( 'NONE', *, *, #1073, .T. ) ;
#5712 = FACE_OUTER_BOUND ( 'NONE', #5167, .T. ) ;
#5713 = ORIENTED_EDGE ( 'NONE', *, *, #1874, .F. ) ;
#5714 = CARTESIAN_POINT ( 'NONE',  ( 157.1129999999999995, 55.12149999999999750, 3.000000000000000000 ) ) ;
#5715 = VECTOR ( 'NONE', #10418, 1000.000000000000000 ) ;
#5716 = ADVANCED_FACE ( 'NONE', ( #8148 ), #12198, .T. ) ;
#5717 = EDGE_CURVE ( 'NONE', #5536, #10901, #10962, .T. ) ;
#5718 = CARTESIAN_POINT ( 'NONE',  ( 31.19470000000000098, 78.87189999999999657, 3.000000000000000000 ) ) ;
#5719 = CARTESIAN_POINT ( 'NONE',  ( 160.3619999999999948, 46.05270000000000152, 3.000000000000000000 ) ) ;
#5720 = CARTESIAN_POINT ( 'NONE',  ( 102.6320000000000050, 40.77190000000000225, 3.000000000000000000 ) ) ;
#5721 = CARTESIAN_POINT ( 'NONE',  ( 47.57529999999999859, 17.02149999999999963, 3.000000000000000000 ) ) ;
#5722 = AXIS2_PLACEMENT_3D ( 'NONE', #2358, #4255, #4387 ) ;
#5724 = ORIENTED_EDGE ( 'NONE', *, *, #8457, .T. ) ;
#5723 = VERTEX_POINT ( 'NONE', #11228 ) ;
#5725 = VERTEX_POINT ( 'NONE', #3265 ) ;
#5726 = PLANE ( 'NONE',  #11978 ) ;
#5727 = ORIENTED_EDGE ( 'NONE', *, *, #11629, .T. ) ;
#5728 = EDGE_CURVE ( 'NONE', #510, #1345, #49, .T. ) ;
#5729 = EDGE_CURVE ( 'NONE', #9646, #2976, #7046, .T. ) ;
#5730 = VECTOR ( 'NONE', #10246, 1000.000000000000000 ) ;
#5731 = ORIENTED_EDGE ( 'NONE', *, *, #5328, .F. ) ;
#5732 = DIRECTION ( 'NONE',  ( -1.000000000000000000, 0.000000000000000000, 0.000000000000000000 ) ) ;
#5733 = LINE ( 'NONE', #3574, #1680 ) ;
#5734 = CARTESIAN_POINT ( 'NONE',  ( 157.1129999999999995, 45.82269999999999754, 3.000000000000000000 ) ) ;
#5735 = LINE ( 'NONE', #1676, #7752 ) ;
#5736 = DIRECTION ( 'NONE',  ( 1.000000000000000000, 0.000000000000000000, 0.000000000000000000 ) ) ;
#5737 = AXIS2_PLACEMENT_3D ( 'NONE', #6127, #12060, #7039 ) ;
#5738 = ORIENTED_EDGE ( 'NONE', *, *, #9699, .F. ) ;
#5739 = ORIENTED_EDGE ( 'NONE', *, *, #7507, .F. ) ;
#5740 = PLANE ( 'NONE',  #12189 ) ;
#5741 = ORIENTED_EDGE ( 'NONE', *, *, #8731, .T. ) ;
#5742 = ORIENTED_EDGE ( 'NONE', *, *, #12089, .T. ) ;
#5743 = VERTEX_POINT ( 'NONE', #112 ) ;
#5744 = VERTEX_POINT ( 'NONE', #4112 ) ;
#5745 = DIRECTION ( 'NONE',  ( -0.000000000000000000, 0.000000000000000000, -1.000000000000000000 ) ) ;
#5746 = LINE ( 'NONE', #8015, #2179 ) ;
#5747 = AXIS2_PLACEMENT_3D ( 'NONE', #8637, #5839, #728 ) ;
#5748 = EDGE_CURVE ( 'NONE', #279, #7482, #8088, .T. ) ;
#5749 = CARTESIAN_POINT ( 'NONE',  ( 163.6630000000000109, 45.07159999999999656, 3.000000000000000000 ) ) ;
#5750 = CARTESIAN_POINT ( 'NONE',  ( 25.30079999999999885, 17.02149999999999963, 3.000000000000000000 ) ) ;
#5751 = EDGE_CURVE ( 'NONE', #3509, #510, #3133, .T. ) ;
#5752 = CARTESIAN_POINT ( 'NONE',  ( 139.8630000000000280, 59.27230000000000132, 3.000000000000000000 ) ) ;
#5753 = VECTOR ( 'NONE', #1389, 1000.000000000000000 ) ;
#5754 = DIRECTION ( 'NONE',  ( 0.000000000000000000, -0.000000000000000000, 1.000000000000000000 ) ) ;
#5755 = FACE_OUTER_BOUND ( 'NONE', #11385, .T. ) ;
#5756 = ORIENTED_EDGE ( 'NONE', *, *, #2907, .F. ) ;
#5757 = CARTESIAN_POINT ( 'NONE',  ( 141.5879999999999939, 50.52170000000000272, 3.000000000000000000 ) ) ;
#5758 = EDGE_LOOP ( 'NONE', ( #4502, #7674, #8590, #7353 ) ) ;
#5759 = ORIENTED_EDGE ( 'NONE', *, *, #12232, .F. ) ;
#5760 = ORIENTED_EDGE ( 'NONE', *, *, #10297, .F. ) ;
#5761 = CARTESIAN_POINT ( 'NONE',  ( 88.05649999999999977, 59.82189999999999941, 0.000000000000000000 ) ) ;
#5762 = FACE_OUTER_BOUND ( 'NONE', #2750, .T. ) ;
#5763 = LINE ( 'NONE', #788, #4889 ) ;
#5764 = EDGE_LOOP ( 'NONE', ( #10626, #2959, #8924, #6862 ) ) ;
#5765 = VECTOR ( 'NONE', #641, 1000.000000000000000 ) ;
#5766 = DIRECTION ( 'NONE',  ( 0.000000000000000000, 0.000000000000000000, 1.000000000000000000 ) ) ;
#5767 = CARTESIAN_POINT ( 'NONE',  ( 54.12530000000000285, 7.952670000000000350, 3.000000000000000000 ) ) ;
#5768 = FACE_OUTER_BOUND ( 'NONE', #6871, .T. ) ;
#5769 = ADVANCED_FACE ( 'NONE', ( #7175 ), #10180, .T. ) ;
#5770 = DIRECTION ( 'NONE',  ( 1.000000000000000000, -0.000000000000000000, -0.000000000000000000 ) ) ;
#5771 = DIRECTION ( 'NONE',  ( -0.000000000000000000, -0.000000000000000000, 1.000000000000000000 ) ) ;
#5772 = CARTESIAN_POINT ( 'NONE',  ( 102.6320000000000050, 126.4969999999999999, 0.000000000000000000 ) ) ;
#5773 = LINE ( 'NONE', #6685, #5953 ) ;
#5774 = ADVANCED_FACE ( 'NONE', ( #3390 ), #12456, .T. ) ;
#5775 = VECTOR ( 'NONE', #5658, 1000.000000000000000 ) ;
#5776 = ORIENTED_EDGE ( 'NONE', *, *, #9598, .F. ) ;
#5777 = VECTOR ( 'NONE', #6118, 1000.000000000000000 ) ;
#5779 = ORIENTED_EDGE ( 'NONE', *, *, #729, .T. ) ;
#5778 = DIRECTION ( 'NONE',  ( 0.000000000000000000, 1.000000000000000000, 0.000000000000000000 ) ) ;
#5780 = DIRECTION ( 'NONE',  ( -0.000000000000000000, -0.000000000000000000, 1.000000000000000000 ) ) ;
#5781 = EDGE_LOOP ( 'NONE', ( #1186, #11826, #12673, #8873 ) ) ;
#5782 = EDGE_CURVE ( 'NONE', #8641, #9588, #9579, .T. ) ;
#5783 = LINE ( 'NONE', #6691, #6205 ) ;
#5784 = CIRCLE ( 'NONE', #135, 1.250000000000001110 ) ;
#5785 = CARTESIAN_POINT ( 'NONE',  ( 18.13193000000000765, 14.24100000000001742, 3.000000000000000000 ) ) ;
#5786 = CARTESIAN_POINT ( 'NONE',  ( 130.9190000000000111, 83.92270000000000607, 0.000000000000000000 ) ) ;
#5787 = VECTOR ( 'NONE', #12880, 1000.000000000000000 ) ;
#5788 = DIRECTION ( 'NONE',  ( 1.000000000000000000, -0.000000000000000000, -0.000000000000000000 ) ) ;
#5789 = CARTESIAN_POINT ( 'NONE',  ( 168.5929999999999893, 93.22150000000000603, 0.000000000000000000 ) ) ;
#5790 = VECTOR ( 'NONE', #6313, 1000.000000000000000 ) ;
#5792 = ORIENTED_EDGE ( 'NONE', *, *, #12660, .F. ) ;
#5791 = VERTEX_POINT ( 'NONE', #8536 ) ;
#5793 = AXIS2_PLACEMENT_3D ( 'NONE', #5058, #3228, #7009 ) ;
#5794 = ADVANCED_FACE ( 'NONE', ( #6388 ), #5474, .T. ) ;
#5795 = ORIENTED_EDGE ( 'NONE', *, *, #2500, .T. ) ;
#5796 = CARTESIAN_POINT ( 'NONE',  ( 55.85040000000000049, 17.02149999999999963, 0.000000000000000000 ) ) ;
#5797 = VERTEX_POINT ( 'NONE', #1612 ) ;
#5798 = VECTOR ( 'NONE', #5364, 1000.000000000000000 ) ;
#5799 = EDGE_LOOP ( 'NONE', ( #912, #6539, #10041, #4101 ) ) ;
#5800 = DIRECTION ( 'NONE',  ( -0.000000000000000000, -0.000000000000000000, -1.000000000000000000 ) ) ;
#5801 = LINE ( 'NONE', #3045, #4826 ) ;
#5802 = LINE ( 'NONE', #2725, #889 ) ;
#5803 = VECTOR ( 'NONE', #6680, 1000.000000000000000 ) ;
#5804 = CARTESIAN_POINT ( 'NONE',  ( 16.90719999999999956, 45.82269999999999754, 3.000000000000000000 ) ) ;
#5805 = EDGE_CURVE ( 'NONE', #6799, #6396, #9322, .T. ) ;
#5806 = DIRECTION ( 'NONE',  ( 1.000000000000000000, 0.000000000000000000, 0.000000000000000000 ) ) ;
#5807 = ORIENTED_EDGE ( 'NONE', *, *, #6076, .T. ) ;
#5808 = ORIENTED_EDGE ( 'NONE', *, *, #9572, .T. ) ;
#5809 = CARTESIAN_POINT ( 'NONE',  ( 188.3569999999999993, 26.77250000000000085, 3.000000000000000000 ) ) ;
#5810 = VECTOR ( 'NONE', #7310, 1000.000000000000000 ) ;
#5811 = ORIENTED_EDGE ( 'NONE', *, *, #1149, .F. ) ;
#5812 = ORIENTED_EDGE ( 'NONE', *, *, #7231, .F. ) ;
#5813 = ORIENTED_EDGE ( 'NONE', *, *, #2577, .F. ) ;
#5814 = EDGE_LOOP ( 'NONE', ( #6943, #6100, #5422, #8638 ) ) ;
#5815 = PLANE ( 'NONE',  #11440 ) ;
#5816 = DIRECTION ( 'NONE',  ( 0.000000000000000000, 1.000000000000000000, 0.000000000000000000 ) ) ;
#5817 = DIRECTION ( 'NONE',  ( -1.000000000000000000, -0.000000000000000000, -0.000000000000000000 ) ) ;
#5818 = ADVANCED_FACE ( 'NONE', ( #12390 ), #624, .F. ) ;
#5819 = DIRECTION ( 'NONE',  ( 1.000000000000000000, -0.000000000000000000, -0.000000000000000000 ) ) ;
#5820 = LINE ( 'NONE', #3594, #4095 ) ;
#5821 = DIRECTION ( 'NONE',  ( -0.000000000000000000, 0.000000000000000000, -1.000000000000000000 ) ) ;
#5822 = ORIENTED_EDGE ( 'NONE', *, *, #5952, .T. ) ;
#5823 = DIRECTION ( 'NONE',  ( -0.000000000000000000, -0.000000000000000000, -1.000000000000000000 ) ) ;
#5824 = ORIENTED_EDGE ( 'NONE', *, *, #11216, .T. ) ;
#5825 = ORIENTED_EDGE ( 'NONE', *, *, #3891, .T. ) ;
#5826 = ORIENTED_EDGE ( 'NONE', *, *, #6466, .F. ) ;
#5827 = DIRECTION ( 'NONE',  ( 0.000000000000000000, 1.000000000000000000, 0.000000000000000000 ) ) ;
#5828 = DIRECTION ( 'NONE',  ( 1.000000000000000000, 0.000000000000000000, 0.000000000000000000 ) ) ;
#5829 = EDGE_CURVE ( 'NONE', #4734, #664, #12327, .T. ) ;
#5830 = LINE ( 'NONE', #8561, #4675 ) ;
#5831 = ORIENTED_EDGE ( 'NONE', *, *, #9251, .T. ) ;
#5832 = CARTESIAN_POINT ( 'NONE',  ( 162.7429999999999950, 96.45159999999999911, 0.000000000000000000 ) ) ;
#5833 = CARTESIAN_POINT ( 'NONE',  ( 145.4950000000000045, 112.4980000000000047, 0.000000000000000000 ) ) ;
#5834 = CARTESIAN_POINT ( 'NONE',  ( 97.58150000000000546, 112.4980000000000047, 3.000000000000000000 ) ) ;
#5835 = CARTESIAN_POINT ( 'NONE',  ( 54.71900000000000119, 97.92189999999999372, 3.000000000000000000 ) ) ;
#5836 = DIRECTION ( 'NONE',  ( 0.000000000000000000, -1.000000000000000000, 0.000000000000000000 ) ) ;
#5837 = LINE ( 'NONE', #2703, #9122 ) ;
#5838 = EDGE_CURVE ( 'NONE', #10249, #8434, #3332, .T. ) ;
#5839 = DIRECTION ( 'NONE',  ( 0.000000000000000000, 1.000000000000000000, -0.000000000000000000 ) ) ;
#5840 = ORIENTED_EDGE ( 'NONE', *, *, #7375, .F. ) ;
#5842 = ORIENTED_EDGE ( 'NONE', *, *, #9950, .T. ) ;
#5841 = ORIENTED_EDGE ( 'NONE', *, *, #3505, .T. ) ;
#5843 = EDGE_CURVE ( 'NONE', #2672, #7664, #2785, .T. ) ;
#5844 = CARTESIAN_POINT ( 'NONE',  ( 164.2570000000000050, 78.87189999999999657, 3.000000000000000000 ) ) ;
#5845 = ORIENTED_EDGE ( 'NONE', *, *, #3931, .T. ) ;
#5846 = FACE_BOUND ( 'NONE', #462, .T. ) ;
#5847 = DIRECTION ( 'NONE',  ( 0.000000000000000000, -1.000000000000000000, 0.000000000000000000 ) ) ;
#5848 = DIRECTION ( 'NONE',  ( 1.000000000000000000, -0.000000000000000000, -0.000000000000000000 ) ) ;
#5849 = LINE ( 'NONE', #11652, #5384 ) ;
#5850 = CARTESIAN_POINT ( 'NONE',  ( 162.7429999999999950, 96.45159999999999911, 3.000000000000000000 ) ) ;
#5851 = CARTESIAN_POINT ( 'NONE',  ( 116.6320000000000192, 126.4969999999999999, 3.000000000000000000 ) ) ;
#5853 = VERTEX_POINT ( 'NONE', #2471 ) ;
#5852 = ORIENTED_EDGE ( 'NONE', *, *, #7875, .T. ) ;
#5854 = ORIENTED_EDGE ( 'NONE', *, *, #12419, .T. ) ;
#5855 = DIRECTION ( 'NONE',  ( 0.000000000000000000, 0.000000000000000000, 1.000000000000000000 ) ) ;
#5856 = ORIENTED_EDGE ( 'NONE', *, *, #352, .T. ) ;
#5857 = ADVANCED_FACE ( 'NONE', ( #11283 ), #4374, .T. ) ;
#5858 = EDGE_LOOP ( 'NONE', ( #11716, #41, #1745, #7373 ) ) ;
#5859 = LINE ( 'NONE', #3838, #4918 ) ;
#5860 = CARTESIAN_POINT ( 'NONE',  ( 145.4930000000000234, 97.92189999999999372, 0.000000000000000000 ) ) ;
#5861 = DIRECTION ( 'NONE',  ( -0.000000000000000000, -0.000000000000000000, -1.000000000000000000 ) ) ;
#5862 = ADVANCED_FACE ( 'NONE', ( #4435 ), #6325, .F. ) ;
#5863 = DIRECTION ( 'NONE',  ( 1.000000000000000000, 0.000000000000000000, 0.000000000000000000 ) ) ;
#5864 = DIRECTION ( 'NONE',  ( -0.000000000000000000, -0.000000000000000000, -1.000000000000000000 ) ) ;
#5865 = VERTEX_POINT ( 'NONE', #10429 ) ;
#5866 = VERTEX_POINT ( 'NONE', #10300 ) ;
#5867 = AXIS2_PLACEMENT_3D ( 'NONE', #7683, #4093, #31 ) ;
#5868 = DIRECTION ( 'NONE',  ( -1.000000000000000000, -0.000000000000000000, -0.000000000000000000 ) ) ;
#5869 = VERTEX_POINT ( 'NONE', #1350 ) ;
#5870 = VERTEX_POINT ( 'NONE', #11407 ) ;
#5871 = EDGE_LOOP ( 'NONE', ( #9561, #6895, #2336, #6419 ) ) ;
#5872 = DIRECTION ( 'NONE',  ( 0.000000000000000000, -0.000000000000000000, 1.000000000000000000 ) ) ;
#5873 = CARTESIAN_POINT ( 'NONE',  ( 138.9430000000000121, 83.17159999999999798, 3.000000000000000000 ) ) ;
#5874 = EDGE_CURVE ( 'NONE', #246, #4488, #9448, .T. ) ;
#5875 = PLANE ( 'NONE',  #12128 ) ;
#5876 = ADVANCED_FACE ( 'NONE', ( #1481 ), #499, .T. ) ;
#5877 = EDGE_CURVE ( 'NONE', #9000, #9693, #7489, .T. ) ;
#5878 = AXIS2_PLACEMENT_3D ( 'NONE', #7390, #213, #12355 ) ;
#5879 = FACE_OUTER_BOUND ( 'NONE', #1828, .T. ) ;
#5880 = VECTOR ( 'NONE', #637, 1000.000000000000000 ) ;
#5881 = CARTESIAN_POINT ( 'NONE',  ( 73.76900000000000546, 97.92189999999999372, 3.000000000000000000 ) ) ;
#5882 = EDGE_LOOP ( 'NONE', ( #9425, #3340, #11238, #2334 ) ) ;
#5883 = CARTESIAN_POINT ( 'NONE',  ( 99.10692999999997710, 131.5209999999999866, 0.000000000000000000 ) ) ;
#5884 = ORIENTED_EDGE ( 'NONE', *, *, #545, .T. ) ;
#5885 = VERTEX_POINT ( 'NONE', #5544 ) ;
#5886 = ORIENTED_EDGE ( 'NONE', *, *, #7503, .F. ) ;
#5887 = CARTESIAN_POINT ( 'NONE',  ( 157.1129999999999995, 55.12149999999999750, 0.000000000000000000 ) ) ;
#5888 = CARTESIAN_POINT ( 'NONE',  ( 142.8249999999999886, 26.77250000000000085, 3.000000000000000000 ) ) ;
#5889 = EDGE_CURVE ( 'NONE', #6676, #6527, #9513, .T. ) ;
#5890 = EDGE_CURVE ( 'NONE', #7038, #6366, #9898, .T. ) ;
#5891 = LINE ( 'NONE', #10908, #8630 ) ;
#5892 = EDGE_LOOP ( 'NONE', ( #2332, #4910, #663, #3191 ) ) ;
#5893 = DIRECTION ( 'NONE',  ( -0.000000000000000000, 0.000000000000000000, -1.000000000000000000 ) ) ;
#5894 = DIRECTION ( 'NONE',  ( -1.000000000000000000, -0.000000000000000000, -0.000000000000000000 ) ) ;
#5895 = LINE ( 'NONE', #5049, #11226 ) ;
#5896 = DIRECTION ( 'NONE',  ( -0.000000000000000000, -0.000000000000000000, -1.000000000000000000 ) ) ;
#5897 = DIRECTION ( 'NONE',  ( -0.000000000000000000, 0.000000000000000000, -1.000000000000000000 ) ) ;
#5898 = EDGE_CURVE ( 'NONE', #7358, #2318, #2925, .T. ) ;
#5899 = FACE_OUTER_BOUND ( 'NONE', #1358, .T. ) ;
#5900 = AXIS2_PLACEMENT_3D ( 'NONE', #2251, #12298, #2311 ) ;
#5901 = VERTEX_POINT ( 'NONE', #2791 ) ;
#5903 = VERTEX_POINT ( 'NONE', #1675 ) ;
#5902 = DIRECTION ( 'NONE',  ( -1.000000000000000000, 0.000000000000000000, 0.000000000000000000 ) ) ;
#5904 = FACE_OUTER_BOUND ( 'NONE', #5501, .T. ) ;
#5905 = ORIENTED_EDGE ( 'NONE', *, *, #9219, .T. ) ;
#5906 = PLANE ( 'NONE',  #5580 ) ;
#5907 = EDGE_CURVE ( 'NONE', #5389, #11121, #1804, .T. ) ;
#5908 = LINE ( 'NONE', #9880, #10564 ) ;
#5909 = AXIS2_PLACEMENT_3D ( 'NONE', #2406, #2595, #1419 ) ;
#5910 = CARTESIAN_POINT ( 'NONE',  ( 167.7680000000000007, 93.22150000000000603, 0.000000000000000000 ) ) ;
#5911 = CARTESIAN_POINT ( 'NONE',  ( 136.5620000000000118, 46.05270000000000152, 3.000000000000000000 ) ) ;
#5912 = CARTESIAN_POINT ( 'NONE',  ( 40.43149999999999977, 112.4980000000000047, 3.000000000000000000 ) ) ;
#5913 = EDGE_CURVE ( 'NONE', #7619, #4233, #5802, .T. ) ;
#5914 = PLANE ( 'NONE',  #8894 ) ;
#5916 = ORIENTED_EDGE ( 'NONE', *, *, #9937, .T. ) ;
#5915 = ORIENTED_EDGE ( 'NONE', *, *, #5898, .T. ) ;
#5917 = EDGE_LOOP ( 'NONE', ( #1876, #2194, #9540, #3649 ) ) ;
#5918 = CARTESIAN_POINT ( 'NONE',  ( 7.856929999999980652, 131.5209999999999866, 0.000000000000000000 ) ) ;
#5919 = ORIENTED_EDGE ( 'NONE', *, *, #3945, .T. ) ;
#5920 = AXIS2_PLACEMENT_3D ( 'NONE', #9306, #12313, #11393 ) ;
#5921 = EDGE_LOOP ( 'NONE', ( #866, #3076, #6213, #12262, #2919, #8155, #10518, #3366, #5649, #7834, #11265, #2278, #6063, #8887, #5403, #12937, #8456, #11278, #5292, #3398, #4962, #4642, #1909, #2189, #7360, #11335, #11738, #9698, #8859, #1671, #830, #7004, #6166, #4611, #3720, #6398, #7557, #6697, #9665, #11774, #4527, #693, #616, #7497 ) ) ;
#5922 = DIRECTION ( 'NONE',  ( 1.000000000000000000, -0.000000000000000000, -0.000000000000000000 ) ) ;
#5923 = CARTESIAN_POINT ( 'NONE',  ( 138.9430000000000121, 83.17159999999999798, 3.000000000000000000 ) ) ;
#5924 = DIRECTION ( 'NONE',  ( 1.000000000000000000, -0.000000000000000000, -0.000000000000000000 ) ) ;
#5925 = DIRECTION ( 'NONE',  ( 1.000000000000000000, 0.000000000000000000, 0.000000000000000000 ) ) ;
#5926 = AXIS2_PLACEMENT_3D ( 'NONE', #141, #4142, #8115 ) ;
#5927 = VECTOR ( 'NONE', #1710, 1000.000000000000000 ) ;
#5928 = EDGE_CURVE ( 'NONE', #1576, #1265, #6648, .T. ) ;
#5929 = LINE ( 'NONE', #1082, #5169 ) ;
#5930 = ORIENTED_EDGE ( 'NONE', *, *, #4342, .T. ) ;
#5931 = VECTOR ( 'NONE', #11752, 1000.000000000000000 ) ;
#5932 = VERTEX_POINT ( 'NONE', #11796 ) ;
#5933 = DIRECTION ( 'NONE',  ( 0.000000000000000000, 1.000000000000000000, -0.000000000000000000 ) ) ;
#5934 = VERTEX_POINT ( 'NONE', #8730 ) ;
#5935 = ADVANCED_FACE ( 'NONE', ( #9640 ), #12776, .T. ) ;
#5936 = ORIENTED_EDGE ( 'NONE', *, *, #9515, .F. ) ;
#5937 = ORIENTED_EDGE ( 'NONE', *, *, #10444, .T. ) ;
#5938 = CIRCLE ( 'NONE', #290, 1.250000000000001110 ) ;
#5939 = CYLINDRICAL_SURFACE ( 'NONE', #3153, 0.5000000000000004441 ) ;
#5940 = CARTESIAN_POINT ( 'NONE',  ( 178.5440000000000111, 2.960030000000000161, 3.000000000000000000 ) ) ;
#5941 = ADVANCED_FACE ( 'NONE', ( #6844 ), #10752, .T. ) ;
#5942 = CARTESIAN_POINT ( 'NONE',  ( 88.05649999999999977, 59.82189999999999941, 0.000000000000000000 ) ) ;
#5943 = VECTOR ( 'NONE', #8788, 1000.000000000000000 ) ;
#5944 = DIRECTION ( 'NONE',  ( -0.000000000000000000, -0.000000000000000000, 1.000000000000000000 ) ) ;
#5945 = DIRECTION ( 'NONE',  ( 0.000000000000000000, 0.000000000000000000, -1.000000000000000000 ) ) ;
#5946 = ORIENTED_EDGE ( 'NONE', *, *, #12494, .T. ) ;
#5947 = PLANE ( 'NONE',  #11969 ) ;
#5948 = ORIENTED_EDGE ( 'NONE', *, *, #2523, .F. ) ;
#5949 = ORIENTED_EDGE ( 'NONE', *, *, #654, .F. ) ;
#5950 = ORIENTED_EDGE ( 'NONE', *, *, #7446, .F. ) ;
#5951 = EDGE_CURVE ( 'NONE', #9777, #3260, #12712, .T. ) ;
#5952 = EDGE_CURVE ( 'NONE', #108, #1265, #3708, .T. ) ;
#5953 = VECTOR ( 'NONE', #1971, 1000.000000000000000 ) ;
#5954 = LINE ( 'NONE', #7060, #1534 ) ;
#5955 = DIRECTION ( 'NONE',  ( -0.000000000000000000, 1.000000000000000000, -0.000000000000000000 ) ) ;
#5956 = VERTEX_POINT ( 'NONE', #7743 ) ;
#5957 = VECTOR ( 'NONE', #3706, 1000.000000000000000 ) ;
#5958 = DIRECTION ( 'NONE',  ( 1.000000000000000000, -0.000000000000000000, -0.000000000000000000 ) ) ;
#5959 = LINE ( 'NONE', #11828, #9327 ) ;
#5960 = VECTOR ( 'NONE', #4992, 1000.000000000000000 ) ;
#5961 = CARTESIAN_POINT ( 'NONE',  ( 121.3940000000000055, 78.87189999999999657, 3.000000000000000000 ) ) ;
#5962 = CARTESIAN_POINT ( 'NONE',  ( 26.43220000000000169, 112.4980000000000047, 3.000000000000000000 ) ) ;
#5963 = DIRECTION ( 'NONE',  ( -1.000000000000000000, 0.000000000000000000, 0.000000000000000000 ) ) ;
#5964 = EDGE_CURVE ( 'NONE', #5797, #264, #1871, .T. ) ;
#5965 = CARTESIAN_POINT ( 'NONE',  ( 208.8830000000000098, 134.0210000000000150, 0.000000000000000000 ) ) ;
#5966 = VERTEX_POINT ( 'NONE', #821 ) ;
#5968 = ORIENTED_EDGE ( 'NONE', *, *, #3839, .F. ) ;
#5967 = LINE ( 'NONE', #5055, #10686 ) ;
#5969 = AXIS2_PLACEMENT_3D ( 'NONE', #11910, #10496, #10931 ) ;
#5970 = FACE_BOUND ( 'NONE', #11757, .T. ) ;
#5971 = ORIENTED_EDGE ( 'NONE', *, *, #6484, .T. ) ;
#5972 = CARTESIAN_POINT ( 'NONE',  ( 33.57589999999999719, 7.722520000000000273, 3.000000000000000000 ) ) ;
#5973 = LINE ( 'NONE', #9949, #488 ) ;
#5974 = CARTESIAN_POINT ( 'NONE',  ( 85.67529999999999291, 7.722520000000000273, 0.000000000000000000 ) ) ;
#5975 = VECTOR ( 'NONE', #5430, 1000.000000000000000 ) ;
#5976 = LINE ( 'NONE', #12100, #9315 ) ;
#5977 = PLANE ( 'NONE',  #3895 ) ;
#5978 = ORIENTED_EDGE ( 'NONE', *, *, #12518, .T. ) ;
#5979 = EDGE_LOOP ( 'NONE', ( #6433, #464 ) ) ;
#5980 = CYLINDRICAL_SURFACE ( 'NONE', #10455, 1.249999999999999334 ) ;
#5981 = EDGE_LOOP ( 'NONE', ( #9115, #532, #4298, #5248, #9600, #3124, #3174, #6713, #6561, #9631, #1084, #1135, #1938, #9226, #7692, #779, #1210, #3255, #330, #1282, #1315, #1187, #12719, #3932, #849, #2917, #3868, #10156 ) ) ;
#5982 = CARTESIAN_POINT ( 'NONE',  ( 16.90719999999999956, 59.82189999999999941, 3.000000000000000000 ) ) ;
#5983 = ORIENTED_EDGE ( 'NONE', *, *, #7291, .F. ) ;
#5984 = CARTESIAN_POINT ( 'NONE',  ( 0.5939299999999920754, 81.89100000000000534, 3.000000000000000000 ) ) ;
#5985 = VECTOR ( 'NONE', #2445, 1000.000000000000000 ) ;
#5986 = AXIS2_PLACEMENT_3D ( 'NONE', #6054, #3972, #8068 ) ;
#5987 = EDGE_CURVE ( 'NONE', #9221, #5186, #7612, .T. ) ;
#5988 = DIRECTION ( 'NONE',  ( 0.000000000000000000, 1.000000000000000000, -0.000000000000000000 ) ) ;
#5989 = LINE ( 'NONE', #3180, #5777 ) ;
#5990 = CARTESIAN_POINT ( 'NONE',  ( 25.30079999999999885, 20.25169999999999959, 0.000000000000000000 ) ) ;
#5991 = DIRECTION ( 'NONE',  ( -0.000000000000000000, 1.000000000000000000, -0.000000000000000000 ) ) ;
#5992 = VECTOR ( 'NONE', #9058, 1000.000000000000000 ) ;
#5993 = AXIS2_PLACEMENT_3D ( 'NONE', #6757, #10734, #3732 ) ;
#5994 = DIRECTION ( 'NONE',  ( -0.000000000000000000, -0.000000000000000000, -1.000000000000000000 ) ) ;
#5995 = EDGE_LOOP ( 'NONE', ( #556, #3313, #8466, #9415 ) ) ;
#5996 = AXIS2_PLACEMENT_3D ( 'NONE', #12680, #4655, #7715 ) ;
#5997 = VERTEX_POINT ( 'NONE', #11663 ) ;
#5998 = EDGE_CURVE ( 'NONE', #6639, #7963, #3841, .T. ) ;
#5999 = DIRECTION ( 'NONE',  ( -1.000000000000000000, 0.000000000000000000, 0.000000000000000000 ) ) ;
#6000 = EDGE_LOOP ( 'NONE', ( #11786, #2867, #6592, #4394 ) ) ;
#6001 = ORIENTED_EDGE ( 'NONE', *, *, #4845, .F. ) ;
#6002 = ORIENTED_EDGE ( 'NONE', *, *, #8898, .T. ) ;
#6003 = CARTESIAN_POINT ( 'NONE',  ( 16.90719999999999956, 45.82269999999999754, 3.000000000000000000 ) ) ;
#6004 = AXIS2_PLACEMENT_3D ( 'NONE', #4940, #5656, #675 ) ;
#6005 = DIRECTION ( 'NONE',  ( -0.000000000000000000, -0.000000000000000000, -1.000000000000000000 ) ) ;
#6006 = DIRECTION ( 'NONE',  ( -1.000000000000000000, -0.000000000000000000, -0.000000000000000000 ) ) ;
#6007 = CARTESIAN_POINT ( 'NONE',  ( 55.00719999999999743, 59.82189999999999941, 0.000000000000000000 ) ) ;
#6008 = AXIS2_PLACEMENT_3D ( 'NONE', #12378, #11519, #3319 ) ;
#6009 = DIRECTION ( 'NONE',  ( 0.000000000000000000, -1.000000000000000000, 0.000000000000000000 ) ) ;
#6010 = VECTOR ( 'NONE', #3393, 1000.000000000000000 ) ;
#6011 = DIRECTION ( 'NONE',  ( 0.000000000000000000, -0.000000000000000000, -1.000000000000000000 ) ) ;
#6012 = ADVANCED_FACE ( 'NONE', ( #9703 ), #9832, .T. ) ;
#6013 = ORIENTED_EDGE ( 'NONE', *, *, #8426, .T. ) ;
#6014 = DIRECTION ( 'NONE',  ( -0.000000000000000000, -0.000000000000000000, -1.000000000000000000 ) ) ;
#6015 = EDGE_LOOP ( 'NONE', ( #9390, #2088, #876, #5409 ) ) ;
#6016 = ORIENTED_EDGE ( 'NONE', *, *, #683, .F. ) ;
#6017 = ORIENTED_EDGE ( 'NONE', *, *, #3850, .T. ) ;
#6018 = DIRECTION ( 'NONE',  ( -0.000000000000000000, 1.000000000000000000, -0.000000000000000000 ) ) ;
#6019 = EDGE_CURVE ( 'NONE', #8837, #7230, #10878, .T. ) ;
#6020 = FACE_OUTER_BOUND ( 'NONE', #8922, .T. ) ;
#6021 = VERTEX_POINT ( 'NONE', #4754 ) ;
#6022 = AXIS2_PLACEMENT_3D ( 'NONE', #6601, #9595, #640 ) ;
#6023 = DIRECTION ( 'NONE',  ( 0.000000000000000000, 1.000000000000000000, -0.000000000000000000 ) ) ;
#6024 = AXIS2_PLACEMENT_3D ( 'NONE', #3262, #11280, #2280 ) ;
#6025 = CARTESIAN_POINT ( 'NONE',  ( 178.5440000000000111, 36.00939999999999941, 3.000000000000000000 ) ) ;
#6026 = EDGE_CURVE ( 'NONE', #3832, #5191, #8864, .T. ) ;
#6027 = EDGE_CURVE ( 'NONE', #3079, #1683, #2861, .T. ) ;
#6028 = DIRECTION ( 'NONE',  ( 0.000000000000000000, -1.000000000000000000, 0.000000000000000000 ) ) ;
#6029 = CARTESIAN_POINT ( 'NONE',  ( 121.3940000000000055, 78.87189999999999657, 3.000000000000000000 ) ) ;
#6030 = CARTESIAN_POINT ( 'NONE',  ( 90.67530000000000712, 14.24100000000001920, -7.000000000000000000 ) ) ;
#6031 = DIRECTION ( 'NONE',  ( -1.000000000000000000, -0.000000000000000000, -0.000000000000000000 ) ) ;
#6032 = ORIENTED_EDGE ( 'NONE', *, *, #1840, .F. ) ;
#6034 = ORIENTED_EDGE ( 'NONE', *, *, #5232, .T. ) ;
#6033 = DIRECTION ( 'NONE',  ( 1.000000000000000000, 0.000000000000000000, 0.000000000000000000 ) ) ;
#6035 = FACE_BOUND ( 'NONE', #9715, .T. ) ;
#6036 = ORIENTED_EDGE ( 'NONE', *, *, #10641, .F. ) ;
#6037 = VECTOR ( 'NONE', #5697, 1000.000000000000000 ) ;
#6038 = EDGE_CURVE ( 'NONE', #633, #5903, #1932, .T. ) ;
#6039 = LINE ( 'NONE', #8179, #1599 ) ;
#6040 = CARTESIAN_POINT ( 'NONE',  ( 159.4939999999999998, 2.960030000000000161, 0.000000000000000000 ) ) ;
#6041 = ADVANCED_FACE ( 'NONE', ( #2983 ), #163, .T. ) ;
#6042 = DIRECTION ( 'NONE',  ( 0.000000000000000000, 0.000000000000000000, -1.000000000000000000 ) ) ;
#6043 = DIRECTION ( 'NONE',  ( -0.000000000000000000, -1.000000000000000000, -0.000000000000000000 ) ) ;
#6044 = DIRECTION ( 'NONE',  ( -0.000000000000000000, -0.000000000000000000, -1.000000000000000000 ) ) ;
#6045 = EDGE_LOOP ( 'NONE', ( #1862, #5919, #12787, #1656 ) ) ;
#6046 = ORIENTED_EDGE ( 'NONE', *, *, #469, .F. ) ;
#6047 = PLANE ( 'NONE',  #9829 ) ;
#6048 = ORIENTED_EDGE ( 'NONE', *, *, #2404, .F. ) ;
#6049 = DIRECTION ( 'NONE',  ( -1.000000000000000000, 0.000000000000000000, 0.000000000000000000 ) ) ;
#6050 = VERTEX_POINT ( 'NONE', #9967 ) ;
#6051 = LINE ( 'NONE', #9052, #9527 ) ;
#6052 = EDGE_CURVE ( 'NONE', #4314, #7767, #8197, .T. ) ;
#6053 = LINE ( 'NONE', #10028, #6074 ) ;
#6054 = CARTESIAN_POINT ( 'NONE',  ( 26.43220000000000169, 112.4980000000000047, 3.000000000000000000 ) ) ;
#6055 = DIRECTION ( 'NONE',  ( 0.000000000000000000, 1.000000000000000000, -0.000000000000000000 ) ) ;
#6056 = DIRECTION ( 'NONE',  ( -1.000000000000000000, 0.000000000000000000, 0.000000000000000000 ) ) ;
#6057 = CARTESIAN_POINT ( 'NONE',  ( 143.1119999999999948, 45.82269999999999754, 0.000000000000000000 ) ) ;
#6059 = VERTEX_POINT ( 'NONE', #1996 ) ;
#6058 = CARTESIAN_POINT ( 'NONE',  ( 137.2179999999999893, 84.15269999999999584, 3.000000000000000000 ) ) ;
#6060 = EDGE_CURVE ( 'NONE', #6894, #1593, #5989, .T. ) ;
#6061 = ORIENTED_EDGE ( 'NONE', *, *, #9387, .F. ) ;
#6062 = DIRECTION ( 'NONE',  ( 0.000000000000000000, 0.000000000000000000, 1.000000000000000000 ) ) ;
#6063 = ORIENTED_EDGE ( 'NONE', *, *, #284, .F. ) ;
#6064 = VERTEX_POINT ( 'NONE', #1018 ) ;
#6065 = ORIENTED_EDGE ( 'NONE', *, *, #3457, .T. ) ;
#6066 = DIRECTION ( 'NONE',  ( 1.000000000000000000, -0.000000000000000000, -0.000000000000000000 ) ) ;
#6067 = CARTESIAN_POINT ( 'NONE',  ( 208.6330000000000098, 105.4340820000000178, 3.000000000000000000 ) ) ;
#6068 = PLANE ( 'NONE',  #12374 ) ;
#6069 = AXIS2_PLACEMENT_3D ( 'NONE', #579, #9651, #8547 ) ;
#6070 = LINE ( 'NONE', #8089, #1492 ) ;
#6071 = EDGE_CURVE ( 'NONE', #11657, #6244, #10092, .T. ) ;
#6072 = DIRECTION ( 'NONE',  ( 0.000000000000000000, -0.000000000000000000, -1.000000000000000000 ) ) ;
#6073 = DIRECTION ( 'NONE',  ( -1.000000000000000000, 0.000000000000000000, 0.000000000000000000 ) ) ;
#6074 = VECTOR ( 'NONE', #12843, 1000.000000000000000 ) ;
#6075 = CARTESIAN_POINT ( 'NONE',  ( 45.19400000000000261, 78.87189999999999657, 3.000000000000000000 ) ) ;
#6076 = EDGE_CURVE ( 'NONE', #10057, #11722, #6962, .T. ) ;
#6077 = ORIENTED_EDGE ( 'NONE', *, *, #9962, .F. ) ;
#6078 = CARTESIAN_POINT ( 'NONE',  ( 69.00650000000000261, 45.82269999999999754, 3.000000000000000000 ) ) ;
#6079 = ORIENTED_EDGE ( 'NONE', *, *, #4099, .F. ) ;
#6080 = EDGE_LOOP ( 'NONE', ( #1444, #56, #1525, #3395 ) ) ;
#6081 = ORIENTED_EDGE ( 'NONE', *, *, #5898, .F. ) ;
#6082 = CARTESIAN_POINT ( 'NONE',  ( 9.118929999999988212, 81.39100000000001955, 0.000000000000000000 ) ) ;
#6083 = DIRECTION ( 'NONE',  ( 0.000000000000000000, 0.000000000000000000, 1.000000000000000000 ) ) ;
#6084 = VECTOR ( 'NONE', #8762, 1000.000000000000000 ) ;
#6085 = LINE ( 'NONE', #4988, #3373 ) ;
#6086 = DIRECTION ( 'NONE',  ( 0.000000000000000000, 0.000000000000000000, 1.000000000000000000 ) ) ;
#6087 = VECTOR ( 'NONE', #7177, 1000.000000000000000 ) ;
#6088 = DIRECTION ( 'NONE',  ( -0.000000000000000000, -0.000000000000000000, -1.000000000000000000 ) ) ;
#6089 = ADVANCED_FACE ( 'NONE', ( #6250 ), #954, .T. ) ;
#6090 = DIRECTION ( 'NONE',  ( 0.000000000000000000, 1.000000000000000000, 0.000000000000000000 ) ) ;
#6091 = CARTESIAN_POINT ( 'NONE',  ( 16.13192999999999699, -2.065918000000003474, 0.000000000000000000 ) ) ;
#6092 = VECTOR ( 'NONE', #1733, 1000.000000000000000 ) ;
#6093 = DIRECTION ( 'NONE',  ( -1.000000000000000000, 0.000000000000000000, 0.000000000000000000 ) ) ;
#6094 = ORIENTED_EDGE ( 'NONE', *, *, #11855, .T. ) ;
#6096 = ORIENTED_EDGE ( 'NONE', *, *, #5207, .T. ) ;
#6095 = CARTESIAN_POINT ( 'NONE',  ( 30.32509999999999906, 6.972859999999999836, 3.000000000000000000 ) ) ;
#6097 = EDGE_CURVE ( 'NONE', #4929, #8593, #1145, .T. ) ;
#6098 = VECTOR ( 'NONE', #10688, 1000.000000000000000 ) ;
#6099 = FACE_BOUND ( 'NONE', #5440, .T. ) ;
#6100 = ORIENTED_EDGE ( 'NONE', *, *, #2997, .F. ) ;
#6101 = CARTESIAN_POINT ( 'NONE',  ( 19.38193000000000765, 14.24100000000001742, 3.000000000000000000 ) ) ;
#6102 = DIRECTION ( 'NONE',  ( 0.000000000000000000, -0.000000000000000000, -1.000000000000000000 ) ) ;
#6103 = CARTESIAN_POINT ( 'NONE',  ( 33.57589999999999719, 17.02149999999999963, 0.000000000000000000 ) ) ;
#6104 = CARTESIAN_POINT ( 'NONE',  ( 197.5939999999999941, 16.95949999999999847, 0.000000000000000000 ) ) ;
#6105 = CARTESIAN_POINT ( 'NONE',  ( 157.1129999999999995, 59.82189999999999941, 3.000000000000000000 ) ) ;
#6106 = ORIENTED_EDGE ( 'NONE', *, *, #5623, .T. ) ;
#6107 = ORIENTED_EDGE ( 'NONE', *, *, #7326, .T. ) ;
#6108 = DIRECTION ( 'NONE',  ( 1.000000000000000000, -0.000000000000000000, -0.000000000000000000 ) ) ;
#6109 = VERTEX_POINT ( 'NONE', #4955 ) ;
#6110 = EDGE_CURVE ( 'NONE', #12402, #2119, #10030, .T. ) ;
#6112 = EDGE_CURVE ( 'NONE', #11399, #2291, #11922, .T. ) ;
#6111 = FACE_OUTER_BOUND ( 'NONE', #8888, .T. ) ;
#6113 = ORIENTED_EDGE ( 'NONE', *, *, #6383, .F. ) ;
#6114 = CARTESIAN_POINT ( 'NONE',  ( 142.8249999999999886, 40.77190000000000225, 3.000000000000000000 ) ) ;
#6115 = VECTOR ( 'NONE', #12130, 1000.000000000000000 ) ;
#6116 = AXIS2_PLACEMENT_3D ( 'NONE', #7306, #12268, #4497 ) ;
#6117 = DIRECTION ( 'NONE',  ( -0.000000000000000000, -0.000000000000000000, -1.000000000000000000 ) ) ;
#6118 = DIRECTION ( 'NONE',  ( 0.000000000000000000, 0.000000000000000000, -1.000000000000000000 ) ) ;
#6119 = DIRECTION ( 'NONE',  ( -0.000000000000000000, -1.000000000000000000, -0.000000000000000000 ) ) ;
#6120 = CARTESIAN_POINT ( 'NONE',  ( 188.3569999999999993, 97.92189999999999372, 3.000000000000000000 ) ) ;
#6121 = DIRECTION ( 'NONE',  ( 0.000000000000000000, 0.000000000000000000, 1.000000000000000000 ) ) ;
#6122 = VECTOR ( 'NONE', #6119, 1000.000000000000000 ) ;
#6124 = ORIENTED_EDGE ( 'NONE', *, *, #8891, .T. ) ;
#6123 = PLANE ( 'NONE',  #2249 ) ;
#6125 = EDGE_CURVE ( 'NONE', #8658, #4271, #9119, .T. ) ;
#6126 = ORIENTED_EDGE ( 'NONE', *, *, #12116, .F. ) ;
#6127 = CARTESIAN_POINT ( 'NONE',  ( 64.24399999999999977, 78.87189999999999657, 3.000000000000000000 ) ) ;
#6128 = VERTEX_POINT ( 'NONE', #10942 ) ;
#6129 = ORIENTED_EDGE ( 'NONE', *, *, #2205, .T. ) ;
#6130 = EDGE_LOOP ( 'NONE', ( #11224, #7646, #2657, #2209 ) ) ;
#6131 = FACE_OUTER_BOUND ( 'NONE', #3538, .T. ) ;
#6132 = VECTOR ( 'NONE', #388, 1000.000000000000000 ) ;
#6133 = LINE ( 'NONE', #9003, #9818 ) ;
#6134 = CIRCLE ( 'NONE', #698, 1.250000000000001110 ) ;
#6135 = CARTESIAN_POINT ( 'NONE',  ( 16.61919999999999931, 97.92189999999999372, 3.000000000000000000 ) ) ;
#6136 = VECTOR ( 'NONE', #9816, 1000.000000000000000 ) ;
#6137 = CARTESIAN_POINT ( 'NONE',  ( 21.38169999999999860, 126.4969999999999999, 0.000000000000000000 ) ) ;
#6138 = EDGE_CURVE ( 'NONE', #6766, #8295, #7223, .T. ) ;
#6139 = CARTESIAN_POINT ( 'NONE',  ( 199.9749999999999943, 126.4969999999999999, 3.000000000000000000 ) ) ;
#6140 = DIRECTION ( 'NONE',  ( 1.000000000000000000, 0.000000000000000000, 0.000000000000000000 ) ) ;
#6141 = CARTESIAN_POINT ( 'NONE',  ( 109.4879999999999995, 7.722520000000000273, 3.000000000000000000 ) ) ;
#6142 = ORIENTED_EDGE ( 'NONE', *, *, #11988, .T. ) ;
#6143 = DIRECTION ( 'NONE',  ( -1.000000000000000000, -0.000000000000000000, -0.000000000000000000 ) ) ;
#6144 = AXIS2_PLACEMENT_3D ( 'NONE', #10573, #8744, #9652 ) ;
#6145 = ORIENTED_EDGE ( 'NONE', *, *, #6562, .F. ) ;
#6146 = ORIENTED_EDGE ( 'NONE', *, *, #9835, .F. ) ;
#6147 = ORIENTED_EDGE ( 'NONE', *, *, #571, .T. ) ;
#6148 = ADVANCED_FACE ( 'NONE', ( #3046 ), #11072, .T. ) ;
#6149 = PLANE ( 'NONE',  #11748 ) ;
#6150 = CARTESIAN_POINT ( 'NONE',  ( 59.76970000000000027, 97.92189999999999372, 0.000000000000000000 ) ) ;
#6151 = VECTOR ( 'NONE', #2290, 1000.000000000000000 ) ;
#6152 = DIRECTION ( 'NONE',  ( -1.000000000000000000, -0.000000000000000000, -0.000000000000000000 ) ) ;
#6153 = ADVANCED_FACE ( 'NONE', ( #9181 ), #2065, .T. ) ;
#6154 = LINE ( 'NONE', #10062, #9530 ) ;
#6155 = CARTESIAN_POINT ( 'NONE',  ( 93.10720000000000596, 59.82189999999999941, 3.000000000000000000 ) ) ;
#6156 = LINE ( 'NONE', #8108, #6376 ) ;
#6157 = LINE ( 'NONE', #3090, #9305 ) ;
#6158 = AXIS2_PLACEMENT_3D ( 'NONE', #12260, #10292, #7299 ) ;
#6159 = PLANE ( 'NONE',  #12827 ) ;
#6160 = VERTEX_POINT ( 'NONE', #3248 ) ;
#6161 = ORIENTED_EDGE ( 'NONE', *, *, #4871, .F. ) ;
#6162 = EDGE_CURVE ( 'NONE', #6064, #4314, #221, .T. ) ;
#6164 = VERTEX_POINT ( 'NONE', #12051 ) ;
#6163 = DIRECTION ( 'NONE',  ( 0.000000000000000000, 0.000000000000000000, 1.000000000000000000 ) ) ;
#6165 = DIRECTION ( 'NONE',  ( 0.000000000000000000, 0.000000000000000000, -1.000000000000000000 ) ) ;
#6166 = ORIENTED_EDGE ( 'NONE', *, *, #4793, .F. ) ;
#6167 = EDGE_CURVE ( 'NONE', #949, #12095, #8930, .T. ) ;
#6168 = VECTOR ( 'NONE', #8571, 1000.000000000000000 ) ;
#6169 = CARTESIAN_POINT ( 'NONE',  ( 136.3940000000000055, 93.22150000000000603, 3.000000000000000000 ) ) ;
#6170 = DIRECTION ( 'NONE',  ( -1.000000000000000000, 0.000000000000000000, 0.000000000000000000 ) ) ;
#6171 = DIRECTION ( 'NONE',  ( 1.000000000000000000, 0.000000000000000000, -0.000000000000000000 ) ) ;
#6172 = CARTESIAN_POINT ( 'NONE',  ( 92.81900000000000261, 83.92270000000000607, 0.000000000000000000 ) ) ;
#6173 = DIRECTION ( 'NONE',  ( 1.000000000000000000, -0.000000000000000000, -0.000000000000000000 ) ) ;
#6174 = VECTOR ( 'NONE', #9614, 1000.000000000000000 ) ;
#6175 = VERTEX_POINT ( 'NONE', #1213 ) ;
#6176 = EDGE_LOOP ( 'NONE', ( #8114, #5270, #3327, #10743 ) ) ;
#6177 = EDGE_CURVE ( 'NONE', #911, #1880, #12913, .T. ) ;
#6178 = DIRECTION ( 'NONE',  ( -0.000000000000000000, -0.000000000000000000, -1.000000000000000000 ) ) ;
#6179 = ORIENTED_EDGE ( 'NONE', *, *, #6190, .F. ) ;
#6180 = CARTESIAN_POINT ( 'NONE',  ( 19.38192999999999699, 102.9218999999999937, -7.000000000000000000 ) ) ;
#6181 = EDGE_LOOP ( 'NONE', ( #3571, #9748, #7639, #7434 ) ) ;
#6182 = LINE ( 'NONE', #1211, #9325 ) ;
#6183 = ADVANCED_FACE ( 'NONE', ( #9304 ), #8265, .T. ) ;
#6184 = CARTESIAN_POINT ( 'NONE',  ( 88.05649999999999977, 59.82189999999999941, 3.000000000000000000 ) ) ;
#6185 = CARTESIAN_POINT ( 'NONE',  ( 165.3880000000000052, 55.12149999999999750, 3.000000000000000000 ) ) ;
#6186 = AXIS2_PLACEMENT_3D ( 'NONE', #8917, #9821, #874 ) ;
#6187 = LINE ( 'NONE', #7159, #1741 ) ;
#6188 = LINE ( 'NONE', #11984, #4344 ) ;
#6189 = DIRECTION ( 'NONE',  ( 0.000000000000000000, 0.000000000000000000, 1.000000000000000000 ) ) ;
#6190 = EDGE_CURVE ( 'NONE', #6292, #7990, #7853, .T. ) ;
#6192 = VERTEX_POINT ( 'NONE', #12376 ) ;
#6191 = CARTESIAN_POINT ( 'NONE',  ( 40.43149999999999977, 112.4980000000000047, 3.000000000000000000 ) ) ;
#6193 = ORIENTED_EDGE ( 'NONE', *, *, #7286, .F. ) ;
#6194 = PLANE ( 'NONE',  #5527 ) ;
#6195 = ORIENTED_EDGE ( 'NONE', *, *, #10673, .T. ) ;
#6196 = VECTOR ( 'NONE', #9231, 1000.000000000000000 ) ;
#6197 = EDGE_LOOP ( 'NONE', ( #4587, #9794, #4285, #10105 ) ) ;
#6198 = AXIS2_PLACEMENT_3D ( 'NONE', #11650, #2711, #6692 ) ;
#6199 = VERTEX_POINT ( 'NONE', #3438 ) ;
#6200 = LINE ( 'NONE', #8210, #4149 ) ;
#6201 = CARTESIAN_POINT ( 'NONE',  ( 159.5449999999999875, 21.95950000000000557, -7.000000000000000000 ) ) ;
#6202 = CARTESIAN_POINT ( 'NONE',  ( 166.0440000000000111, 84.15269999999999584, 3.000000000000000000 ) ) ;
#6203 = LINE ( 'NONE', #9385, #5463 ) ;
#6204 = EDGE_CURVE ( 'NONE', #10323, #9165, #10348, .T. ) ;
#6205 = VECTOR ( 'NONE', #9686, 1000.000000000000000 ) ;
#6206 = DIRECTION ( 'NONE',  ( 1.000000000000000000, 0.000000000000000000, 0.000000000000000000 ) ) ;
#6207 = VECTOR ( 'NONE', #1517, 1000.000000000000000 ) ;
#6208 = CARTESIAN_POINT ( 'NONE',  ( 157.1129999999999995, 50.52170000000000272, 0.000000000000000000 ) ) ;
#6209 = CARTESIAN_POINT ( 'NONE',  ( 107.3950000000000102, 64.87269999999999470, 3.000000000000000000 ) ) ;
#6210 = ORIENTED_EDGE ( 'NONE', *, *, #1798, .T. ) ;
#6211 = CARTESIAN_POINT ( 'NONE',  ( 97.58150000000000546, 126.4969999999999999, 3.000000000000000000 ) ) ;
#6212 = AXIS2_PLACEMENT_3D ( 'NONE', #9453, #1618, #5736 ) ;
#6213 = ORIENTED_EDGE ( 'NONE', *, *, #12714, .F. ) ;
#6214 = VERTEX_POINT ( 'NONE', #1466 ) ;
#6215 = AXIS2_PLACEMENT_3D ( 'NONE', #11264, #7474, #543 ) ;
#6216 = ORIENTED_EDGE ( 'NONE', *, *, #11310, .F. ) ;
#6217 = FACE_OUTER_BOUND ( 'NONE', #9096, .T. ) ;
#6218 = VECTOR ( 'NONE', #10384, 1000.000000000000000 ) ;
#6219 = LINE ( 'NONE', #5296, #12812 ) ;
#6220 = LINE ( 'NONE', #10196, #12781 ) ;
#6221 = ADVANCED_FACE ( 'NONE', ( #8459 ), #3316, .T. ) ;
#6222 = DIRECTION ( 'NONE',  ( -0.000000000000000000, -0.000000000000000000, -1.000000000000000000 ) ) ;
#6223 = PRESENTATION_LAYER_ASSIGNMENT (  '', '', ( #12892 ) ) ;
#6224 = DIRECTION ( 'NONE',  ( -0.000000000000000000, -0.000000000000000000, -1.000000000000000000 ) ) ;
#6225 = DIRECTION ( 'NONE',  ( 0.000000000000000000, 0.000000000000000000, 1.000000000000000000 ) ) ;
#6226 = CARTESIAN_POINT ( 'NONE',  ( 9.106929999999980652, 131.5209999999999866, 3.000000000000000000 ) ) ;
#6227 = DIRECTION ( 'NONE',  ( 1.000000000000000000, 0.000000000000000000, 0.000000000000000000 ) ) ;
#6228 = ORIENTED_EDGE ( 'NONE', *, *, #684, .T. ) ;
#6229 = VERTEX_POINT ( 'NONE', #12439 ) ;
#6230 = ADVANCED_FACE ( 'NONE', ( #7290 ), #416, .F. ) ;
#6232 = VERTEX_POINT ( 'NONE', #481 ) ;
#6231 = FACE_OUTER_BOUND ( 'NONE', #9476, .T. ) ;
#6233 = VECTOR ( 'NONE', #117, 1000.000000000000000 ) ;
#6234 = PLANE ( 'NONE',  #7382 ) ;
#6235 = ORIENTED_EDGE ( 'NONE', *, *, #2424, .T. ) ;
#6236 = DIRECTION ( 'NONE',  ( 0.000000000000000000, -0.000000000000000000, -1.000000000000000000 ) ) ;
#6237 = DIRECTION ( 'NONE',  ( -0.000000000000000000, -0.000000000000000000, -1.000000000000000000 ) ) ;
#6238 = DIRECTION ( 'NONE',  ( -0.000000000000000000, -0.000000000000000000, -1.000000000000000000 ) ) ;
#6239 = EDGE_CURVE ( 'NONE', #10500, #11152, #2391, .T. ) ;
#6240 = CARTESIAN_POINT ( 'NONE',  ( 54.12530000000000285, 20.25169999999999959, 3.000000000000000000 ) ) ;
#6241 = CARTESIAN_POINT ( 'NONE',  ( 121.3940000000000055, 64.87269999999999470, 3.000000000000000000 ) ) ;
#6242 = ORIENTED_EDGE ( 'NONE', *, *, #10824, .T. ) ;
#6243 = ADVANCED_FACE ( 'NONE', ( #11267 ), #5459, .T. ) ;
#6244 = VERTEX_POINT ( 'NONE', #2516 ) ;
#6245 = VERTEX_POINT ( 'NONE', #6373 ) ;
#6246 = DIRECTION ( 'NONE',  ( -1.000000000000000000, 0.000000000000000000, 0.000000000000000000 ) ) ;
#6247 = VERTEX_POINT ( 'NONE', #2325 ) ;
#6248 = DIRECTION ( 'NONE',  ( -0.000000000000000000, -0.000000000000000000, -1.000000000000000000 ) ) ;
#6249 = DIRECTION ( 'NONE',  ( -0.000000000000000000, 1.000000000000000000, -0.000000000000000000 ) ) ;
#6250 = FACE_OUTER_BOUND ( 'NONE', #8621, .T. ) ;
#6251 = CARTESIAN_POINT ( 'NONE',  ( 107.3950000000000102, 64.87269999999999470, 0.000000000000000000 ) ) ;
#6252 = DIRECTION ( 'NONE',  ( -0.000000000000000000, -0.000000000000000000, -1.000000000000000000 ) ) ;
#6253 = DIRECTION ( 'NONE',  ( 0.000000000000000000, -1.000000000000000000, 0.000000000000000000 ) ) ;
#6254 = EDGE_CURVE ( 'NONE', #7571, #1639, #6309, .T. ) ;
#6256 = VERTEX_POINT ( 'NONE', #4483 ) ;
#6255 = ORIENTED_EDGE ( 'NONE', *, *, #8121, .F. ) ;
#6257 = ORIENTED_EDGE ( 'NONE', *, *, #3967, .F. ) ;
#6258 = CARTESIAN_POINT ( 'NONE',  ( 160.3619999999999948, 45.07159999999999656, 3.000000000000000000 ) ) ;
#6259 = ORIENTED_EDGE ( 'NONE', *, *, #8960, .T. ) ;
#6260 = ORIENTED_EDGE ( 'NONE', *, *, #4798, .F. ) ;
#6261 = EDGE_LOOP ( 'NONE', ( #2788, #5619, #3275, #10933 ) ) ;
#6262 = CARTESIAN_POINT ( 'NONE',  ( 150.2570000000000050, 78.87189999999999657, 3.000000000000000000 ) ) ;
#6263 = EDGE_CURVE ( 'NONE', #8368, #3309, #12310, .T. ) ;
#6264 = CARTESIAN_POINT ( 'NONE',  ( 107.3950000000000102, 64.87269999999999470, 0.000000000000000000 ) ) ;
#6265 = LINE ( 'NONE', #12067, #470 ) ;
#6266 = CARTESIAN_POINT ( 'NONE',  ( 160.3619999999999948, 45.07159999999999656, 0.000000000000000000 ) ) ;
#6267 = DIRECTION ( 'NONE',  ( -0.000000000000000000, -0.000000000000000000, -1.000000000000000000 ) ) ;
#6268 = LINE ( 'NONE', #9329, #9353 ) ;
#6269 = DIRECTION ( 'NONE',  ( 1.000000000000000000, 0.000000000000000000, 0.000000000000000000 ) ) ;
#6270 = ORIENTED_EDGE ( 'NONE', *, *, #2444, .T. ) ;
#6271 = LINE ( 'NONE', #1490, #5730 ) ;
#6272 = ORIENTED_EDGE ( 'NONE', *, *, #4798, .T. ) ;
#6273 = ORIENTED_EDGE ( 'NONE', *, *, #8181, .F. ) ;
#6274 = ORIENTED_EDGE ( 'NONE', *, *, #151, .T. ) ;
#6275 = EDGE_CURVE ( 'NONE', #1375, #10275, #5528, .T. ) ;
#6276 = DIRECTION ( 'NONE',  ( 0.000000000000000000, -1.000000000000000000, 0.000000000000000000 ) ) ;
#6277 = EDGE_CURVE ( 'NONE', #4266, #12368, #8329, .T. ) ;
#6278 = DIRECTION ( 'NONE',  ( -0.000000000000000000, -0.000000000000000000, -1.000000000000000000 ) ) ;
#6279 = EDGE_CURVE ( 'NONE', #2661, #8257, #11391, .T. ) ;
#6280 = CARTESIAN_POINT ( 'NONE',  ( 199.9749999999999943, 126.4969999999999999, 0.000000000000000000 ) ) ;
#6281 = CARTESIAN_POINT ( 'NONE',  ( 35.66899999999999693, 83.92270000000000607, 0.000000000000000000 ) ) ;
#6282 = DIRECTION ( 'NONE',  ( 0.000000000000000000, 0.000000000000000000, 1.000000000000000000 ) ) ;
#6283 = CARTESIAN_POINT ( 'NONE',  ( 202.3569999999999993, 83.92270000000000607, 0.000000000000000000 ) ) ;
#6284 = CARTESIAN_POINT ( 'NONE',  ( 50.82469999999999999, 21.17220000000000368, 0.000000000000000000 ) ) ;
#6285 = CARTESIAN_POINT ( 'NONE',  ( 30.32509999999999906, 20.25169999999999959, 3.000000000000000000 ) ) ;
#6286 = ORIENTED_EDGE ( 'NONE', *, *, #12253, .F. ) ;
#6287 = ORIENTED_EDGE ( 'NONE', *, *, #1684, .F. ) ;
#6288 = EDGE_CURVE ( 'NONE', #7359, #10603, #11516, .T. ) ;
#6289 = ADVANCED_FACE ( 'NONE', ( #2458 ), #2579, .T. ) ;
#6290 = VECTOR ( 'NONE', #8131, 1000.000000000000000 ) ;
#6292 = VERTEX_POINT ( 'NONE', #9241 ) ;
#6291 = DIRECTION ( 'NONE',  ( -0.000000000000000000, -0.000000000000000000, -1.000000000000000000 ) ) ;
#6293 = CARTESIAN_POINT ( 'NONE',  ( 159.5449999999999875, 102.9218999999999937, -7.000000000000000000 ) ) ;
#6294 = VERTEX_POINT ( 'NONE', #4290 ) ;
#6295 = LINE ( 'NONE', #3359, #12026 ) ;
#6296 = CARTESIAN_POINT ( 'NONE',  ( 74.05719999999999459, 59.82189999999999941, 3.000000000000000000 ) ) ;
#6297 = EDGE_CURVE ( 'NONE', #4892, #12801, #11781, .T. ) ;
#6298 = DIRECTION ( 'NONE',  ( 0.000000000000000000, 0.000000000000000000, 1.000000000000000000 ) ) ;
#6299 = VECTOR ( 'NONE', #10935, 1000.000000000000000 ) ;
#6300 = CARTESIAN_POINT ( 'NONE',  ( 119.3010000000000019, 21.72200000000000131, 0.000000000000000000 ) ) ;
#6301 = CARTESIAN_POINT ( 'NONE',  ( 97.86830000000000496, 83.92270000000000607, 3.000000000000000000 ) ) ;
#6302 = ORIENTED_EDGE ( 'NONE', *, *, #1461, .T. ) ;
#6303 = ORIENTED_EDGE ( 'NONE', *, *, #6700, .T. ) ;
#6304 = ORIENTED_EDGE ( 'NONE', *, *, #114, .F. ) ;
#6305 = DIRECTION ( 'NONE',  ( -0.000000000000000000, -0.000000000000000000, -1.000000000000000000 ) ) ;
#6306 = ORIENTED_EDGE ( 'NONE', *, *, #10153, .F. ) ;
#6307 = EDGE_CURVE ( 'NONE', #5725, #1559, #10738, .T. ) ;
#6308 = DIRECTION ( 'NONE',  ( 1.000000000000000000, 0.000000000000000000, 0.000000000000000000 ) ) ;
#6309 = LINE ( 'NONE', #358, #1381 ) ;
#6310 = CARTESIAN_POINT ( 'NONE',  ( 178.5440000000000111, 2.960030000000000161, 3.000000000000000000 ) ) ;
#6311 = ADVANCED_FACE ( 'NONE', ( #5595 ), #9566, .T. ) ;
#6312 = PLANE ( 'NONE',  #9338 ) ;
#6313 = DIRECTION ( 'NONE',  ( 1.000000000000000000, -0.000000000000000000, -0.000000000000000000 ) ) ;
#6315 = ORIENTED_EDGE ( 'NONE', *, *, #7095, .T. ) ;
#6314 = VERTEX_POINT ( 'NONE', #5785 ) ;
#6316 = ORIENTED_EDGE ( 'NONE', *, *, #10373, .F. ) ;
#6317 = CARTESIAN_POINT ( 'NONE',  ( 2.619650000000000478, 83.92270000000000607, 3.000000000000000000 ) ) ;
#6318 = AXIS2_PLACEMENT_3D ( 'NONE', #4656, #11379, #2440 ) ;
#6319 = ORIENTED_EDGE ( 'NONE', *, *, #8470, .T. ) ;
#6320 = EDGE_LOOP ( 'NONE', ( #10756, #11621, #10869, #12357 ) ) ;
#6321 = ORIENTED_EDGE ( 'NONE', *, *, #3178, .F. ) ;
#6322 = LINE ( 'NONE', #9193, #12063 ) ;
#6323 = EDGE_CURVE ( 'NONE', #813, #8095, #8845, .T. ) ;
#6324 = LINE ( 'NONE', #11406, #7948 ) ;
#6325 = CYLINDRICAL_SURFACE ( 'NONE', #12780, 1.250000000000001110 ) ;
#6326 = LINE ( 'NONE', #3197, #11087 ) ;
#6327 = EDGE_CURVE ( 'NONE', #4250, #3526, #3625, .T. ) ;
#6328 = DIRECTION ( 'NONE',  ( 0.000000000000000000, 1.000000000000000000, -0.000000000000000000 ) ) ;
#6329 = AXIS2_PLACEMENT_3D ( 'NONE', #215, #1209, #1140 ) ;
#6330 = CARTESIAN_POINT ( 'NONE',  ( 121.3940000000000055, 64.87269999999999470, 3.000000000000000000 ) ) ;
#6331 = DIRECTION ( 'NONE',  ( -1.000000000000000000, -0.000000000000000000, -0.000000000000000000 ) ) ;
#6332 = VERTEX_POINT ( 'NONE', #3892 ) ;
#6333 = EDGE_CURVE ( 'NONE', #4616, #1864, #1855, .T. ) ;
#6334 = DIRECTION ( 'NONE',  ( 0.000000000000000000, -0.000000000000000000, -1.000000000000000000 ) ) ;
#6335 = ORIENTED_EDGE ( 'NONE', *, *, #5673, .T. ) ;
#6336 = ORIENTED_EDGE ( 'NONE', *, *, #12164, .T. ) ;
#6337 = ORIENTED_EDGE ( 'NONE', *, *, #327, .F. ) ;
#6338 = ADVANCED_FACE ( 'NONE', ( #12626 ), #611, .F. ) ;
#6339 = CARTESIAN_POINT ( 'NONE',  ( 163.6630000000000109, 58.35159999999999769, 3.000000000000000000 ) ) ;
#6340 = VECTOR ( 'NONE', #4609, 1000.000000000000000 ) ;
#6341 = FACE_OUTER_BOUND ( 'NONE', #8975, .T. ) ;
#6342 = CARTESIAN_POINT ( 'NONE',  ( 188.3569999999999993, 78.87189999999999657, 3.000000000000000000 ) ) ;
#6343 = CARTESIAN_POINT ( 'NONE',  ( 159.4939999999999998, 2.960030000000000161, 3.000000000000000000 ) ) ;
#6344 = CARTESIAN_POINT ( 'NONE',  ( 197.5939999999999941, 2.960030000000000161, 0.000000000000000000 ) ) ;
#6345 = ADVANCED_BREP_SHAPE_REPRESENTATION ( '\X2\5b9a4f4d677f\X0\Right', ( #7904, #7132 ), #240 ) ;
#6346 = AXIS2_PLACEMENT_3D ( 'NONE', #2485, #6402, #5424 ) ;
#6347 = CARTESIAN_POINT ( 'NONE',  ( 202.3569999999999993, 26.77250000000000085, 0.000000000000000000 ) ) ;
#6348 = CARTESIAN_POINT ( 'NONE',  ( 163.6630000000000109, 59.27230000000000132, 0.000000000000000000 ) ) ;
#6349 = ADVANCED_FACE ( 'NONE', ( #2844 ), #7727, .T. ) ;
#6350 = EDGE_CURVE ( 'NONE', #10497, #4288, #9756, .T. ) ;
#6351 = LINE ( 'NONE', #9474, #10540 ) ;
#6352 = ORIENTED_EDGE ( 'NONE', *, *, #7708, .T. ) ;
#6353 = ORIENTED_EDGE ( 'NONE', *, *, #11172, .F. ) ;
#6354 = VECTOR ( 'NONE', #6014, 1000.000000000000000 ) ;
#6356 = EDGE_LOOP ( 'NONE', ( #11077, #7952, #9282, #5978 ) ) ;
#6355 = CARTESIAN_POINT ( 'NONE',  ( 126.4450000000000074, 64.87269999999999470, 0.000000000000000000 ) ) ;
#6357 = DIRECTION ( 'NONE',  ( -1.000000000000000000, -0.000000000000000000, -0.000000000000000000 ) ) ;
#6358 = VERTEX_POINT ( 'NONE', #9688 ) ;
#6359 = DIRECTION ( 'NONE',  ( 0.000000000000000000, -0.000000000000000000, -1.000000000000000000 ) ) ;
#6360 = LINE ( 'NONE', #405, #11940 ) ;
#6361 = EDGE_CURVE ( 'NONE', #11152, #11492, #12563, .T. ) ;
#6362 = FACE_OUTER_BOUND ( 'NONE', #10409, .T. ) ;
#6363 = VECTOR ( 'NONE', #12651, 1000.000000000000000 ) ;
#6364 = CARTESIAN_POINT ( 'NONE',  ( 15.38193000000002542, -4.565918000000003474, 0.000000000000000000 ) ) ;
#6365 = CARTESIAN_POINT ( 'NONE',  ( 14.38193000000002364, -3.565918000000005694, 3.000000000000000000 ) ) ;
#6366 = VERTEX_POINT ( 'NONE', #7599 ) ;
#6367 = ORIENTED_EDGE ( 'NONE', *, *, #4833, .F. ) ;
#6368 = ORIENTED_EDGE ( 'NONE', *, *, #5913, .T. ) ;
#6369 = FACE_OUTER_BOUND ( 'NONE', #6995, .T. ) ;
#6370 = VECTOR ( 'NONE', #6173, 1000.000000000000000 ) ;
#6371 = ORIENTED_EDGE ( 'NONE', *, *, #9358, .T. ) ;
#6372 = LINE ( 'NONE', #4669, #3078 ) ;
#6373 = CARTESIAN_POINT ( 'NONE',  ( 111.8689999999999998, 97.92189999999999372, 3.000000000000000000 ) ) ;
#6374 = CARTESIAN_POINT ( 'NONE',  ( 35.95720000000000027, 45.82269999999999754, 3.000000000000000000 ) ) ;
#6375 = CARTESIAN_POINT ( 'NONE',  ( 88.34470000000000312, 78.87189999999999657, 3.000000000000000000 ) ) ;
#6376 = VECTOR ( 'NONE', #12152, 1000.000000000000000 ) ;
#6378 = ORIENTED_EDGE ( 'NONE', *, *, #3336, .F. ) ;
#6377 = VERTEX_POINT ( 'NONE', #2775 ) ;
#6379 = ORIENTED_EDGE ( 'NONE', *, *, #7249, .T. ) ;
#6380 = DIRECTION ( 'NONE',  ( 0.000000000000000000, 0.000000000000000000, -1.000000000000000000 ) ) ;
#6381 = VERTEX_POINT ( 'NONE', #9815 ) ;
#6382 = ORIENTED_EDGE ( 'NONE', *, *, #2681, .T. ) ;
#6383 = EDGE_CURVE ( 'NONE', #4573, #9560, #1596, .T. ) ;
#6384 = ORIENTED_EDGE ( 'NONE', *, *, #7994, .F. ) ;
#6385 = LINE ( 'NONE', #10362, #800 ) ;
#6386 = VECTOR ( 'NONE', #6950, 1000.000000000000000 ) ;
#6387 = FACE_OUTER_BOUND ( 'NONE', #7902, .T. ) ;
#6388 = FACE_OUTER_BOUND ( 'NONE', #12877, .T. ) ;
#6389 = CARTESIAN_POINT ( 'NONE',  ( 164.5449999999999875, 112.4980000000000047, 3.000000000000000000 ) ) ;
#6390 = LINE ( 'NONE', #2345, #1956 ) ;
#6391 = LINE ( 'NONE', #10242, #3728 ) ;
#6392 = EDGE_CURVE ( 'NONE', #7475, #7592, #869, .T. ) ;
#6393 = VECTOR ( 'NONE', #8916, 1000.000000000000000 ) ;
#6394 = DIRECTION ( 'NONE',  ( 1.000000000000000000, -0.000000000000000000, -0.000000000000000000 ) ) ;
#6395 = VECTOR ( 'NONE', #7862, 1000.000000000000000 ) ;
#6396 = VERTEX_POINT ( 'NONE', #1662 ) ;
#6397 = DIRECTION ( 'NONE',  ( 0.000000000000000000, -1.000000000000000000, 0.000000000000000000 ) ) ;
#6398 = ORIENTED_EDGE ( 'NONE', *, *, #2536, .F. ) ;
#6399 = VERTEX_POINT ( 'NONE', #9626 ) ;
#6400 = ORIENTED_EDGE ( 'NONE', *, *, #4129, .T. ) ;
#6401 = LINE ( 'NONE', #10380, #9459 ) ;
#6402 = DIRECTION ( 'NONE',  ( -1.000000000000000000, 0.000000000000000000, 0.000000000000000000 ) ) ;
#6403 = CARTESIAN_POINT ( 'NONE',  ( 202.3569999999999993, 64.87269999999999470, 3.000000000000000000 ) ) ;
#6404 = AXIS2_PLACEMENT_3D ( 'NONE', #14, #5060, #9036 ) ;
#6405 = CARTESIAN_POINT ( 'NONE',  ( 128.8259999999999934, 40.77190000000000225, 3.000000000000000000 ) ) ;
#6406 = CARTESIAN_POINT ( 'NONE',  ( 208.6330000000000098, 105.4340820000000178, 0.000000000000000000 ) ) ;
#6407 = VECTOR ( 'NONE', #10825, 1000.000000000000000 ) ;
#6408 = CARTESIAN_POINT ( 'NONE',  ( 69.29470000000000596, 64.87269999999999470, 3.000000000000000000 ) ) ;
#6409 = DIRECTION ( 'NONE',  ( 0.000000000000000000, -1.000000000000000000, 0.000000000000000000 ) ) ;
#6410 = VECTOR ( 'NONE', #9878, 1000.000000000000000 ) ;
#6411 = EDGE_LOOP ( 'NONE', ( #12769, #12618, #11291, #11946 ) ) ;
#6412 = DIRECTION ( 'NONE',  ( -0.000000000000000000, -0.000000000000000000, -1.000000000000000000 ) ) ;
#6413 = VERTEX_POINT ( 'NONE', #11845 ) ;
#6414 = ADVANCED_FACE ( 'NONE', ( #738 ), #7667, .F. ) ;
#6415 = ORIENTED_EDGE ( 'NONE', *, *, #11997, .T. ) ;
#6416 = VECTOR ( 'NONE', #12663, 1000.000000000000000 ) ;
#6417 = CARTESIAN_POINT ( 'NONE',  ( 178.5440000000000111, 126.4969999999999999, 3.000000000000000000 ) ) ;
#6419 = ORIENTED_EDGE ( 'NONE', *, *, #2261, .T. ) ;
#6418 = FACE_OUTER_BOUND ( 'NONE', #7786, .T. ) ;
#6420 = CARTESIAN_POINT ( 'NONE',  ( 83.29399999999999693, 78.87189999999999657, 3.000000000000000000 ) ) ;
#6421 = VERTEX_POINT ( 'NONE', #10671 ) ;
#6422 = AXIS2_PLACEMENT_3D ( 'NONE', #4194, #6028, #3944 ) ;
#6423 = EDGE_CURVE ( 'NONE', #6801, #10707, #8714, .T. ) ;
#6424 = EDGE_CURVE ( 'NONE', #3412, #9412, #1787, .T. ) ;
#6425 = DIRECTION ( 'NONE',  ( -0.000000000000000000, -0.000000000000000000, 1.000000000000000000 ) ) ;
#6426 = FACE_OUTER_BOUND ( 'NONE', #12381, .T. ) ;
#6427 = VECTOR ( 'NONE', #5788, 1000.000000000000000 ) ;
#6428 = DIRECTION ( 'NONE',  ( 0.000000000000000000, 0.000000000000000000, 1.000000000000000000 ) ) ;
#6429 = DIRECTION ( 'NONE',  ( 0.000000000000000000, 0.000000000000000000, 1.000000000000000000 ) ) ;
#6430 = DIRECTION ( 'NONE',  ( 1.000000000000000000, 0.000000000000000000, -0.000000000000000000 ) ) ;
#6431 = VECTOR ( 'NONE', #1307, 1000.000000000000000 ) ;
#6432 = ORIENTED_EDGE ( 'NONE', *, *, #3712, .T. ) ;
#6433 = ORIENTED_EDGE ( 'NONE', *, *, #9059, .F. ) ;
#6434 = ORIENTED_EDGE ( 'NONE', *, *, #12219, .T. ) ;
#6435 = CARTESIAN_POINT ( 'NONE',  ( 50.24470000000000169, 64.87269999999999470, 0.000000000000000000 ) ) ;
#6436 = ORIENTED_EDGE ( 'NONE', *, *, #7602, .F. ) ;
#6437 = EDGE_CURVE ( 'NONE', #6358, #8226, #3823, .T. ) ;
#6438 = FACE_BOUND ( 'NONE', #9079, .T. ) ;
#6439 = EDGE_CURVE ( 'NONE', #8602, #1957, #7011, .T. ) ;
#6440 = DIRECTION ( 'NONE',  ( -0.000000000000000000, -0.000000000000000000, -1.000000000000000000 ) ) ;
#6441 = CARTESIAN_POINT ( 'NONE',  ( 164.5449999999999875, 16.95949999999999847, 3.000000000000000000 ) ) ;
#6442 = DIRECTION ( 'NONE',  ( -0.000000000000000000, -0.000000000000000000, -1.000000000000000000 ) ) ;
#6443 = VECTOR ( 'NONE', #11086, 1000.000000000000000 ) ;
#6445 = ORIENTED_EDGE ( 'NONE', *, *, #11741, .T. ) ;
#6444 = ORIENTED_EDGE ( 'NONE', *, *, #12724, .F. ) ;
#6446 = ORIENTED_EDGE ( 'NONE', *, *, #6162, .T. ) ;
#6447 = DIRECTION ( 'NONE',  ( 0.000000000000000000, -0.000000000000000000, -1.000000000000000000 ) ) ;
#6448 = ORIENTED_EDGE ( 'NONE', *, *, #10748, .F. ) ;
#6449 = EDGE_CURVE ( 'NONE', #1665, #7690, #7140, .T. ) ;
#6450 = VERTEX_POINT ( 'NONE', #1979 ) ;
#6451 = LINE ( 'NONE', #10427, #3033 ) ;
#6452 = DIRECTION ( 'NONE',  ( 1.000000000000000000, 0.000000000000000000, -0.000000000000000000 ) ) ;
#6453 = DIRECTION ( 'NONE',  ( 0.000000000000000000, 0.000000000000000000, 1.000000000000000000 ) ) ;
#6454 = DIRECTION ( 'NONE',  ( 1.000000000000000000, 0.000000000000000000, 0.000000000000000000 ) ) ;
#6455 = DIRECTION ( 'NONE',  ( 1.000000000000000000, 0.000000000000000000, 0.000000000000000000 ) ) ;
#6456 = EDGE_CURVE ( 'NONE', #6314, #3206, #550, .T. ) ;
#6457 = CARTESIAN_POINT ( 'NONE',  ( 112.1569999999999965, 45.82269999999999754, 0.000000000000000000 ) ) ;
#6458 = DIRECTION ( 'NONE',  ( 0.000000000000000000, 1.000000000000000000, 0.000000000000000000 ) ) ;
#6459 = VERTEX_POINT ( 'NONE', #11904 ) ;
#6460 = PLANE ( 'NONE',  #7808 ) ;
#6461 = ORIENTED_EDGE ( 'NONE', *, *, #620, .F. ) ;
#6462 = ORIENTED_EDGE ( 'NONE', *, *, #4741, .T. ) ;
#6463 = ORIENTED_EDGE ( 'NONE', *, *, #4525, .T. ) ;
#6464 = DIRECTION ( 'NONE',  ( 0.000000000000000000, 0.000000000000000000, 1.000000000000000000 ) ) ;
#6465 = DIRECTION ( 'NONE',  ( 0.000000000000000000, -0.000000000000000000, -1.000000000000000000 ) ) ;
#6466 = EDGE_CURVE ( 'NONE', #3816, #10613, #4936, .T. ) ;
#6467 = DIRECTION ( 'NONE',  ( -1.000000000000000000, 0.000000000000000000, 0.000000000000000000 ) ) ;
#6468 = CARTESIAN_POINT ( 'NONE',  ( 25.30079999999999885, 20.25169999999999959, 0.000000000000000000 ) ) ;
#6469 = EDGE_CURVE ( 'NONE', #1345, #7540, #2909, .T. ) ;
#6470 = FACE_OUTER_BOUND ( 'NONE', #11416, .T. ) ;
#6471 = CARTESIAN_POINT ( 'NONE',  ( 206.1330000000000098, 35.43408199999999653, 0.000000000000000000 ) ) ;
#6472 = CARTESIAN_POINT ( 'NONE',  ( 27.02609999999999957, 21.17220000000000368, 3.000000000000000000 ) ) ;
#6473 = CARTESIAN_POINT ( 'NONE',  ( 158.6370000000000005, 58.35159999999999769, 3.000000000000000000 ) ) ;
#6474 = ORIENTED_EDGE ( 'NONE', *, *, #8653, .T. ) ;
#6475 = CARTESIAN_POINT ( 'NONE',  ( 85.67529999999999291, 21.72200000000000131, 3.000000000000000000 ) ) ;
#6476 = ORIENTED_EDGE ( 'NONE', *, *, #822, .F. ) ;
#6477 = EDGE_LOOP ( 'NONE', ( #12524, #11542, #10083, #10631 ) ) ;
#6478 = LINE ( 'NONE', #460, #447 ) ;
#6480 = ORIENTED_EDGE ( 'NONE', *, *, #8798, .T. ) ;
#6479 = LINE ( 'NONE', #1510, #2095 ) ;
#6481 = FACE_OUTER_BOUND ( 'NONE', #4768, .T. ) ;
#6482 = ORIENTED_EDGE ( 'NONE', *, *, #8424, .T. ) ;
#6483 = CARTESIAN_POINT ( 'NONE',  ( 50.82469999999999999, 21.17220000000000368, 3.000000000000000000 ) ) ;
#6484 = EDGE_CURVE ( 'NONE', #4800, #10070, #6886, .T. ) ;
#6485 = CARTESIAN_POINT ( 'NONE',  ( 102.6320000000000050, 112.4980000000000047, 0.000000000000000000 ) ) ;
#6486 = EDGE_CURVE ( 'NONE', #1730, #6766, #12033, .T. ) ;
#6487 = CARTESIAN_POINT ( 'NONE',  ( 143.9689999999999941, 96.45159999999999911, 3.000000000000000000 ) ) ;
#6488 = AXIS2_PLACEMENT_3D ( 'NONE', #2543, #2678, #5745 ) ;
#6489 = CARTESIAN_POINT ( 'NONE',  ( 16.61919999999999931, 97.92189999999999372, 3.000000000000000000 ) ) ;
#6490 = CARTESIAN_POINT ( 'NONE',  ( 141.5879999999999939, 46.05270000000000152, 3.000000000000000000 ) ) ;
#6491 = AXIS2_PLACEMENT_3D ( 'NONE', #1738, #4686, #7488 ) ;
#6492 = LINE ( 'NONE', #2571, #8030 ) ;
#6493 = ADVANCED_FACE ( 'NONE', ( #11055 ), #9100, .T. ) ;
#6494 = ORIENTED_EDGE ( 'NONE', *, *, #3414, .F. ) ;
#6495 = EDGE_LOOP ( 'NONE', ( #1504, #7270, #11991, #6462 ) ) ;
#6496 = DIRECTION ( 'NONE',  ( -0.000000000000000000, -0.000000000000000000, -1.000000000000000000 ) ) ;
#6497 = EDGE_LOOP ( 'NONE', ( #2718, #4283, #11754, #10423 ) ) ;
#6498 = ADVANCED_FACE ( 'NONE', ( #4144 ), #10925, .T. ) ;
#6499 = FACE_BOUND ( 'NONE', #7255, .T. ) ;
#6500 = VECTOR ( 'NONE', #4398, 1000.000000000000000 ) ;
#6501 = AXIS2_PLACEMENT_3D ( 'NONE', #11952, #6023, #1177 ) ;
#6502 = DIRECTION ( 'NONE',  ( -0.000000000000000000, -0.000000000000000000, -1.000000000000000000 ) ) ;
#6503 = DIRECTION ( 'NONE',  ( 0.000000000000000000, 1.000000000000000000, 0.000000000000000000 ) ) ;
#6504 = DIRECTION ( 'NONE',  ( -0.000000000000000000, -0.000000000000000000, 1.000000000000000000 ) ) ;
#6505 = VECTOR ( 'NONE', #432, 1000.000000000000000 ) ;
#6507 = ORIENTED_EDGE ( 'NONE', *, *, #4016, .F. ) ;
#6506 = ORIENTED_EDGE ( 'NONE', *, *, #10399, .T. ) ;
#6508 = EDGE_CURVE ( 'NONE', #3245, #3662, #80, .T. ) ;
#6509 = EDGE_CURVE ( 'NONE', #9266, #11084, #12096, .T. ) ;
#6510 = ORIENTED_EDGE ( 'NONE', *, *, #7847, .T. ) ;
#6511 = DIRECTION ( 'NONE',  ( 0.000000000000000000, -1.000000000000000000, 0.000000000000000000 ) ) ;
#6512 = ORIENTED_EDGE ( 'NONE', *, *, #10824, .F. ) ;
#6513 = EDGE_LOOP ( 'NONE', ( #9504, #9445, #10, #9508 ) ) ;
#6514 = CARTESIAN_POINT ( 'NONE',  ( 121.6820000000000022, 112.4980000000000047, 0.000000000000000000 ) ) ;
#6515 = CARTESIAN_POINT ( 'NONE',  ( 199.9749999999999943, 126.4969999999999999, 3.000000000000000000 ) ) ;
#6516 = CARTESIAN_POINT ( 'NONE',  ( 102.3439999999999941, 78.87189999999999657, 3.000000000000000000 ) ) ;
#6517 = LINE ( 'NONE', #10491, #6717 ) ;
#6518 = EDGE_CURVE ( 'NONE', #1068, #7138, #10862, .T. ) ;
#6519 = LINE ( 'NONE', #7688, #12457 ) ;
#6520 = CIRCLE ( 'NONE', #1509, 0.5000000000000000000 ) ;
#6521 = LINE ( 'NONE', #7867, #1997 ) ;
#6522 = ORIENTED_EDGE ( 'NONE', *, *, #8019, .T. ) ;
#6523 = DIRECTION ( 'NONE',  ( 0.000000000000000000, 1.000000000000000000, 0.000000000000000000 ) ) ;
#6524 = AXIS2_PLACEMENT_3D ( 'NONE', #1254, #7331, #3293 ) ;
#6525 = VERTEX_POINT ( 'NONE', #936 ) ;
#6526 = ORIENTED_EDGE ( 'NONE', *, *, #7386, .F. ) ;
#6527 = VERTEX_POINT ( 'NONE', #5193 ) ;
#6528 = FACE_OUTER_BOUND ( 'NONE', #8386, .T. ) ;
#6529 = DIRECTION ( 'NONE',  ( -1.000000000000000000, 0.000000000000000000, 0.000000000000000000 ) ) ;
#6530 = VECTOR ( 'NONE', #7812, 1000.000000000000000 ) ;
#6531 = LINE ( 'NONE', #2422, #11116 ) ;
#6532 = PLANE ( 'NONE',  #7457 ) ;
#6533 = DIRECTION ( 'NONE',  ( 0.000000000000000000, -0.000000000000000000, 1.000000000000000000 ) ) ;
#6534 = LINE ( 'NONE', #10259, #3887 ) ;
#6535 = CARTESIAN_POINT ( 'NONE',  ( 137.2179999999999893, 93.22150000000000603, 3.000000000000000000 ) ) ;
#6536 = EDGE_CURVE ( 'NONE', #10988, #246, #6039, .T. ) ;
#6537 = ORIENTED_EDGE ( 'NONE', *, *, #4578, .T. ) ;
#6538 = DIRECTION ( 'NONE',  ( -0.000000000000000000, -0.000000000000000000, -1.000000000000000000 ) ) ;
#6539 = ORIENTED_EDGE ( 'NONE', *, *, #5516, .T. ) ;
#6540 = ORIENTED_EDGE ( 'NONE', *, *, #10572, .T. ) ;
#6541 = DIRECTION ( 'NONE',  ( -0.000000000000000000, 1.000000000000000000, -0.000000000000000000 ) ) ;
#6543 = VERTEX_POINT ( 'NONE', #8970 ) ;
#6542 = CARTESIAN_POINT ( 'NONE',  ( 49.10099999999999909, 20.25169999999999959, 0.000000000000000000 ) ) ;
#6544 = EDGE_CURVE ( 'NONE', #2153, #5631, #5908, .T. ) ;
#6545 = CARTESIAN_POINT ( 'NONE',  ( 116.6320000000000192, 126.4969999999999999, 3.000000000000000000 ) ) ;
#6546 = ORIENTED_EDGE ( 'NONE', *, *, #4817, .F. ) ;
#6547 = CARTESIAN_POINT ( 'NONE',  ( 25.30079999999999885, 14.22269999999999968, 3.000000000000000000 ) ) ;
#6548 = VECTOR ( 'NONE', #4386, 1000.000000000000000 ) ;
#6549 = CARTESIAN_POINT ( 'NONE',  ( 64.53220000000000312, 40.77190000000000225, 3.000000000000000000 ) ) ;
#6550 = VECTOR ( 'NONE', #1175, 1000.000000000000000 ) ;
#6551 = LINE ( 'NONE', #10528, #280 ) ;
#6552 = AXIS2_PLACEMENT_3D ( 'NONE', #4208, #11126, #3163 ) ;
#6553 =( NAMED_UNIT ( * ) PLANE_ANGLE_UNIT ( ) SI_UNIT ( $, .RADIAN. ) );
#6554 = CARTESIAN_POINT ( 'NONE',  ( 30.90660000000000451, 59.82189999999999941, 3.000000000000000000 ) ) ;
#6555 = CARTESIAN_POINT ( 'NONE',  ( 161.0180000000000007, 88.62170000000001835, 3.000000000000000000 ) ) ;
#6556 = AXIS2_PLACEMENT_3D ( 'NONE', #8367, #7387, #11370 ) ;
#6557 = EDGE_CURVE ( 'NONE', #4731, #11959, #4116, .T. ) ;
#6558 = DIRECTION ( 'NONE',  ( 1.000000000000000000, 0.000000000000000000, 0.000000000000000000 ) ) ;
#6559 = EDGE_LOOP ( 'NONE', ( #814, #8271, #2279, #6147 ) ) ;
#6560 = AXIS2_PLACEMENT_3D ( 'NONE', #5873, #4111, #1883 ) ;
#6561 = ORIENTED_EDGE ( 'NONE', *, *, #9988, .F. ) ;
#6562 = EDGE_CURVE ( 'NONE', #1987, #1027, #10158, .T. ) ;
#6563 = LINE ( 'NONE', #10472, #3923 ) ;
#6564 = EDGE_LOOP ( 'NONE', ( #9839, #12030, #12093, #5402 ) ) ;
#6565 = FACE_BOUND ( 'NONE', #5336, .T. ) ;
#6566 = VECTOR ( 'NONE', #10951, 1000.000000000000000 ) ;
#6567 = CARTESIAN_POINT ( 'NONE',  ( 138.9430000000000121, 96.45159999999999911, 0.000000000000000000 ) ) ;
#6568 = CARTESIAN_POINT ( 'NONE',  ( 55.85040000000000049, 20.25169999999999959, 0.000000000000000000 ) ) ;
#6569 = CARTESIAN_POINT ( 'NONE',  ( 83.58220000000000027, 112.4980000000000047, 3.000000000000000000 ) ) ;
#6570 = EDGE_CURVE ( 'NONE', #3442, #633, #6944, .T. ) ;
#6572 = ORIENTED_EDGE ( 'NONE', *, *, #11639, .F. ) ;
#6571 = ORIENTED_EDGE ( 'NONE', *, *, #2963, .F. ) ;
#6573 = VECTOR ( 'NONE', #11772, 1000.000000000000000 ) ;
#6574 = VERTEX_POINT ( 'NONE', #7984 ) ;
#6575 = CARTESIAN_POINT ( 'NONE',  ( 47.57529999999999859, 17.02149999999999963, 0.000000000000000000 ) ) ;
#6576 = ORIENTED_EDGE ( 'NONE', *, *, #8195, .T. ) ;
#6577 = ADVANCED_FACE ( 'NONE', ( #11966 ), #9291, .F. ) ;
#6578 = EDGE_LOOP ( 'NONE', ( #3951, #9245, #12619, #2448 ) ) ;
#6579 = VECTOR ( 'NONE', #9769, 1000.000000000000000 ) ;
#6580 = CARTESIAN_POINT ( 'NONE',  ( 102.3439999999999941, 64.87269999999999470, 3.000000000000000000 ) ) ;
#6581 = CARTESIAN_POINT ( 'NONE',  ( 45.19400000000000261, 64.87269999999999470, 3.000000000000000000 ) ) ;
#6582 = DIRECTION ( 'NONE',  ( 1.000000000000000000, 0.000000000000000000, 0.000000000000000000 ) ) ;
#6583 = EDGE_CURVE ( 'NONE', #8651, #1102, #3487, .T. ) ;
#6584 = AXIS2_PLACEMENT_3D ( 'NONE', #9090, #4134, #2954 ) ;
#6585 = FACE_OUTER_BOUND ( 'NONE', #1106, .T. ) ;
#6586 = EDGE_CURVE ( 'NONE', #9263, #3015, #9227, .T. ) ;
#6587 = VECTOR ( 'NONE', #8171, 1000.000000000000000 ) ;
#6588 = LINE ( 'NONE', #4758, #7649 ) ;
#6589 = CARTESIAN_POINT ( 'NONE',  ( 23.90692999999999557, 43.29100000000001813, 0.000000000000000000 ) ) ;
#6590 = ORIENTED_EDGE ( 'NONE', *, *, #12157, .F. ) ;
#6591 = DIRECTION ( 'NONE',  ( -0.000000000000000000, -0.000000000000000000, -1.000000000000000000 ) ) ;
#6592 = ORIENTED_EDGE ( 'NONE', *, *, #10164, .T. ) ;
#6593 = AXIS2_PLACEMENT_3D ( 'NONE', #2411, #505, #4313 ) ;
#6594 = ORIENTED_EDGE ( 'NONE', *, *, #12938, .F. ) ;
#6595 = ORIENTED_EDGE ( 'NONE', *, *, #6773, .F. ) ;
#6596 = PLANE ( 'NONE',  #8776 ) ;
#6597 = LINE ( 'NONE', #9528, #3230 ) ;
#6598 = CARTESIAN_POINT ( 'NONE',  ( 111.8689999999999998, 97.92189999999999372, 3.000000000000000000 ) ) ;
#6599 = CARTESIAN_POINT ( 'NONE',  ( 178.5440000000000111, 36.00939999999999941, 0.000000000000000000 ) ) ;
#6600 = VECTOR ( 'NONE', #9761, 1000.000000000000000 ) ;
#6601 = CARTESIAN_POINT ( 'NONE',  ( 59.48149999999999693, 26.77250000000000085, 3.000000000000000000 ) ) ;
#6602 = PLANE ( 'NONE',  #2415 ) ;
#6603 = DIRECTION ( 'NONE',  ( -0.000000000000000000, 1.000000000000000000, -0.000000000000000000 ) ) ;
#6604 = EDGE_LOOP ( 'NONE', ( #12416, #409 ) ) ;
#6605 = CARTESIAN_POINT ( 'NONE',  ( 121.6820000000000022, 126.4969999999999999, 0.000000000000000000 ) ) ;
#6606 = ORIENTED_EDGE ( 'NONE', *, *, #1945, .F. ) ;
#6607 = EDGE_LOOP ( 'NONE', ( #6956, #2883, #3983, #9458 ) ) ;
#6608 = LINE ( 'NONE', #10454, #8791 ) ;
#6609 = LINE ( 'NONE', #12487, #7101 ) ;
#6610 = CIRCLE ( 'NONE', #12228, 1.250000000000001110 ) ;
#6611 = EDGE_CURVE ( 'NONE', #2412, #10056, #6295, .T. ) ;
#6612 = FACE_OUTER_BOUND ( 'NONE', #2642, .T. ) ;
#6613 = ORIENTED_EDGE ( 'NONE', *, *, #12909, .T. ) ;
#6614 = PLANE ( 'NONE',  #4419 ) ;
#6615 = LINE ( 'NONE', #6549, #559 ) ;
#6616 = CARTESIAN_POINT ( 'NONE',  ( 202.3569999999999993, 83.92270000000000607, 3.000000000000000000 ) ) ;
#6617 = VECTOR ( 'NONE', #94, 1000.000000000000000 ) ;
#6618 = FACE_OUTER_BOUND ( 'NONE', #4234, .T. ) ;
#6619 = DIRECTION ( 'NONE',  ( 1.000000000000000000, 0.000000000000000000, 0.000000000000000000 ) ) ;
#6620 = DIRECTION ( 'NONE',  ( 0.000000000000000000, -1.000000000000000000, 0.000000000000000000 ) ) ;
#6621 = AXIS2_PLACEMENT_3D ( 'NONE', #8378, #340, #11255 ) ;
#6622 = ADVANCED_FACE ( 'NONE', ( #1320 ), #11378, .T. ) ;
#6623 = CARTESIAN_POINT ( 'NONE',  ( 97.86830000000000496, 97.92189999999999372, 3.000000000000000000 ) ) ;
#6624 = ORIENTED_EDGE ( 'NONE', *, *, #8883, .T. ) ;
#6626 = ORIENTED_EDGE ( 'NONE', *, *, #11271, .F. ) ;
#6625 = ORIENTED_EDGE ( 'NONE', *, *, #4861, .T. ) ;
#6627 = VECTOR ( 'NONE', #5671, 1000.000000000000000 ) ;
#6628 = CIRCLE ( 'NONE', #1615, 0.5000000000000004441 ) ;
#6629 = FACE_BOUND ( 'NONE', #5377, .T. ) ;
#6630 = ORIENTED_EDGE ( 'NONE', *, *, #1549, .T. ) ;
#6631 = DIRECTION ( 'NONE',  ( 1.000000000000000000, 0.000000000000000000, 0.000000000000000000 ) ) ;
#6632 = CIRCLE ( 'NONE', #4547, 1.250000000000001110 ) ;
#6633 = ADVANCED_FACE ( 'NONE', ( #12297 ), #3232, .T. ) ;
#6634 = CARTESIAN_POINT ( 'NONE',  ( 107.3819299999999828, -2.065918000000003474, 0.000000000000000000 ) ) ;
#6635 = DIRECTION ( 'NONE',  ( 0.000000000000000000, -0.000000000000000000, 1.000000000000000000 ) ) ;
#6636 = FACE_OUTER_BOUND ( 'NONE', #3123, .T. ) ;
#6637 = AXIS2_PLACEMENT_3D ( 'NONE', #82, #1199, #5128 ) ;
#6638 = ADVANCED_FACE ( 'NONE', ( #12360 ), #10332, .F. ) ;
#6640 = ORIENTED_EDGE ( 'NONE', *, *, #4658, .F. ) ;
#6639 = VERTEX_POINT ( 'NONE', #3421 ) ;
#6641 = ORIENTED_EDGE ( 'NONE', *, *, #1713, .T. ) ;
#6642 = DIRECTION ( 'NONE',  ( 1.000000000000000000, -0.000000000000000000, -0.000000000000000000 ) ) ;
#6643 = VERTEX_POINT ( 'NONE', #5382 ) ;
#6644 = ORIENTED_EDGE ( 'NONE', *, *, #952, .T. ) ;
#6645 = LINE ( 'NONE', #7487, #10400 ) ;
#6646 = AXIS2_PLACEMENT_3D ( 'NONE', #2083, #3136, #7051 ) ;
#6647 = DIRECTION ( 'NONE',  ( 0.000000000000000000, 0.000000000000000000, 1.000000000000000000 ) ) ;
#6648 = LINE ( 'NONE', #5669, #8194 ) ;
#6649 = FACE_OUTER_BOUND ( 'NONE', #2802, .T. ) ;
#6650 = ADVANCED_FACE ( 'NONE', ( #10404 ), #8446, .T. ) ;
#6651 = LINE ( 'NONE', #4500, #3297 ) ;
#6652 = ORIENTED_EDGE ( 'NONE', *, *, #12521, .F. ) ;
#6653 = VERTEX_POINT ( 'NONE', #5313 ) ;
#6654 = DIRECTION ( 'NONE',  ( -0.000000000000000000, -0.000000000000000000, -1.000000000000000000 ) ) ;
#6655 = ORIENTED_EDGE ( 'NONE', *, *, #4982, .F. ) ;
#6656 = EDGE_CURVE ( 'NONE', #8369, #8368, #7208, .T. ) ;
#6657 = EDGE_LOOP ( 'NONE', ( #3447, #9506, #6337, #3617 ) ) ;
#6658 = VERTEX_POINT ( 'NONE', #4468 ) ;
#6659 = LINE ( 'NONE', #9462, #10441 ) ;
#6660 = CARTESIAN_POINT ( 'NONE',  ( 163.6630000000000109, 45.07159999999999656, 0.000000000000000000 ) ) ;
#6661 = CARTESIAN_POINT ( 'NONE',  ( 59.48149999999999693, 112.4980000000000047, 3.000000000000000000 ) ) ;
#6662 = FACE_OUTER_BOUND ( 'NONE', #8389, .T. ) ;
#6663 = CARTESIAN_POINT ( 'NONE',  ( 49.95649999999999835, 45.82269999999999754, 3.000000000000000000 ) ) ;
#6664 = LINE ( 'NONE', #5628, #118 ) ;
#6665 = DIRECTION ( 'NONE',  ( -0.000000000000000000, -0.000000000000000000, -1.000000000000000000 ) ) ;
#6666 = ORIENTED_EDGE ( 'NONE', *, *, #4038, .T. ) ;
#6667 = ADVANCED_FACE ( 'NONE', ( #2310 ), #1452, .T. ) ;
#6668 = PLANE ( 'NONE',  #1334 ) ;
#6669 = ORIENTED_EDGE ( 'NONE', *, *, #3967, .T. ) ;
#6670 = ORIENTED_EDGE ( 'NONE', *, *, #10273, .F. ) ;
#6671 = VERTEX_POINT ( 'NONE', #10465 ) ;
#6672 = EDGE_CURVE ( 'NONE', #7170, #9067, #9357, .T. ) ;
#6673 = ADVANCED_FACE ( 'NONE', ( #2505 ), #12426, .T. ) ;
#6674 = CARTESIAN_POINT ( 'NONE',  ( 10.11892999999999532, 62.34100000000002240, 3.000000000000000000 ) ) ;
#6675 = CARTESIAN_POINT ( 'NONE',  ( 40.43149999999999977, 40.77190000000000225, 0.000000000000000000 ) ) ;
#6676 = VERTEX_POINT ( 'NONE', #2250 ) ;
#6677 = CARTESIAN_POINT ( 'NONE',  ( 93.10720000000000596, 45.82269999999999754, 3.000000000000000000 ) ) ;
#6678 = DIRECTION ( 'NONE',  ( 1.000000000000000000, 9.472626901011909774E-16, -0.000000000000000000 ) ) ;
#6679 = LINE ( 'NONE', #3488, #4232 ) ;
#6680 = DIRECTION ( 'NONE',  ( -1.000000000000000000, 0.000000000000000000, 0.000000000000000000 ) ) ;
#6681 = DIRECTION ( 'NONE',  ( -0.000000000000000000, -1.000000000000000000, -0.000000000000000000 ) ) ;
#6682 = LINE ( 'NONE', #10659, #1194 ) ;
#6683 = EDGE_CURVE ( 'NONE', #9132, #5853, #7464, .T. ) ;
#6684 = ADVANCED_FACE ( 'NONE', ( #5251 ), #10209, .T. ) ;
#6685 = CARTESIAN_POINT ( 'NONE',  ( 97.86830000000000496, 83.92270000000000607, 3.000000000000000000 ) ) ;
#6686 = ORIENTED_EDGE ( 'NONE', *, *, #9699, .T. ) ;
#6688 = VERTEX_POINT ( 'NONE', #1258 ) ;
#6687 = ORIENTED_EDGE ( 'NONE', *, *, #1809, .T. ) ;
#6689 = LINE ( 'NONE', #4801, #5589 ) ;
#6690 = ORIENTED_EDGE ( 'NONE', *, *, #7228, .T. ) ;
#6691 = CARTESIAN_POINT ( 'NONE',  ( 102.3439999999999941, 64.87269999999999470, 0.000000000000000000 ) ) ;
#6692 = DIRECTION ( 'NONE',  ( 1.000000000000000000, 0.000000000000000000, 0.000000000000000000 ) ) ;
#6693 = CARTESIAN_POINT ( 'NONE',  ( 134.0130000000000337, 52.32260000000000133, 3.000000000000000000 ) ) ;
#6694 = DIRECTION ( 'NONE',  ( 0.000000000000000000, -0.000000000000000000, -1.000000000000000000 ) ) ;
#6695 = VECTOR ( 'NONE', #3985, 1000.000000000000000 ) ;
#6696 = CARTESIAN_POINT ( 'NONE',  ( 107.3819299999999828, -2.065918000000003474, 0.000000000000000000 ) ) ;
#6698 = ORIENTED_EDGE ( 'NONE', *, *, #1189, .T. ) ;
#6697 = ORIENTED_EDGE ( 'NONE', *, *, #12194, .F. ) ;
#6699 = VERTEX_POINT ( 'NONE', #3608 ) ;
#6700 = EDGE_CURVE ( 'NONE', #12694, #7354, #598, .T. ) ;
#6701 = DIRECTION ( 'NONE',  ( -0.000000000000000000, -0.000000000000000000, -1.000000000000000000 ) ) ;
#6702 = EDGE_LOOP ( 'NONE', ( #4411, #4644 ) ) ;
#6703 = VERTEX_POINT ( 'NONE', #721 ) ;
#6704 = VECTOR ( 'NONE', #8564, 1000.000000000000000 ) ;
#6705 = CARTESIAN_POINT ( 'NONE',  ( 159.4939999999999998, 16.95949999999999847, 3.000000000000000000 ) ) ;
#6706 = EDGE_CURVE ( 'NONE', #6850, #2176, #5584, .T. ) ;
#6707 = PLANE ( 'NONE',  #2323 ) ;
#6708 = CARTESIAN_POINT ( 'NONE',  ( 160.3619999999999948, 58.35159999999999769, 0.000000000000000000 ) ) ;
#6709 = VECTOR ( 'NONE', #12590, 1000.000000000000000 ) ;
#6710 = CARTESIAN_POINT ( 'NONE',  ( 163.6630000000000109, 59.27230000000000132, 0.000000000000000000 ) ) ;
#6711 = LINE ( 'NONE', #11666, #10579 ) ;
#6712 = CIRCLE ( 'NONE', #2534, 1.250000000000001110 ) ;
#6713 = ORIENTED_EDGE ( 'NONE', *, *, #12689, .T. ) ;
#6714 = ORIENTED_EDGE ( 'NONE', *, *, #10547, .T. ) ;
#6715 = LINE ( 'NONE', #1812, #6363 ) ;
#6716 = ORIENTED_EDGE ( 'NONE', *, *, #12662, .F. ) ;
#6717 = VECTOR ( 'NONE', #1550, 1000.000000000000000 ) ;
#6718 = EDGE_LOOP ( 'NONE', ( #9224, #2482, #3111, #2871 ) ) ;
#6719 = EDGE_CURVE ( 'NONE', #10482, #1605, #6615, .T. ) ;
#6720 = ORIENTED_EDGE ( 'NONE', *, *, #1901, .F. ) ;
#6721 = DIRECTION ( 'NONE',  ( -0.000000000000000000, -0.000000000000000000, -1.000000000000000000 ) ) ;
#6722 = EDGE_CURVE ( 'NONE', #1377, #8257, #11634, .T. ) ;
#6723 = CARTESIAN_POINT ( 'NONE',  ( 9.618929999999993541, 62.34100000000002240, 0.000000000000000000 ) ) ;
#6724 = LINE ( 'NONE', #12529, #5880 ) ;
#6725 = CARTESIAN_POINT ( 'NONE',  ( 56.67589999999999861, 14.22269999999999968, 3.000000000000000000 ) ) ;
#6726 = CARTESIAN_POINT ( 'NONE',  ( 163.6630000000000109, 46.05270000000000152, 3.000000000000000000 ) ) ;
#6727 = CARTESIAN_POINT ( 'NONE',  ( 183.5949999999999989, 16.95949999999999847, 0.000000000000000000 ) ) ;
#6728 = DIRECTION ( 'NONE',  ( -0.000000000000000000, -0.000000000000000000, -1.000000000000000000 ) ) ;
#6729 = EDGE_CURVE ( 'NONE', #3385, #5966, #8696, .T. ) ;
#6730 = VERTEX_POINT ( 'NONE', #2631 ) ;
#6731 = CARTESIAN_POINT ( 'NONE',  ( 167.7680000000000007, 96.45159999999999911, 0.000000000000000000 ) ) ;
#6732 = ORIENTED_EDGE ( 'NONE', *, *, #7523, .F. ) ;
#6733 = EDGE_LOOP ( 'NONE', ( #10887, #7297, #8144, #2824 ) ) ;
#6734 = EDGE_LOOP ( 'NONE', ( #3464, #12821, #8640, #7604 ) ) ;
#6735 = CARTESIAN_POINT ( 'NONE',  ( 159.5449999999999875, 102.9218999999999937, 3.000000000000000000 ) ) ;
#6736 = VECTOR ( 'NONE', #1772, 1000.000000000000000 ) ;
#6737 = CARTESIAN_POINT ( 'NONE',  ( 163.6630000000000109, 58.35159999999999769, 0.000000000000000000 ) ) ;
#6738 = VECTOR ( 'NONE', #5096, 1000.000000000000000 ) ;
#6739 = LINE ( 'NONE', #6675, #10503 ) ;
#6740 = ORIENTED_EDGE ( 'NONE', *, *, #2285, .T. ) ;
#6741 = LINE ( 'NONE', #791, #7330 ) ;
#6742 = DIRECTION ( 'NONE',  ( -0.000000000000000000, -1.000000000000000000, -0.000000000000000000 ) ) ;
#6743 = CARTESIAN_POINT ( 'NONE',  ( 30.90660000000000451, 45.82269999999999754, 3.000000000000000000 ) ) ;
#6744 = ADVANCED_FACE ( 'NONE', ( #657 ), #3674, .F. ) ;
#6745 = CARTESIAN_POINT ( 'NONE',  ( 139.8630000000000280, 59.27230000000000132, 0.000000000000000000 ) ) ;
#6746 = VECTOR ( 'NONE', #11089, 1000.000000000000000 ) ;
#6747 = DIRECTION ( 'NONE',  ( -0.000000000000000000, -0.000000000000000000, -1.000000000000000000 ) ) ;
#6748 = DIRECTION ( 'NONE',  ( 0.000000000000000000, 0.000000000000000000, 1.000000000000000000 ) ) ;
#6749 = DIRECTION ( 'NONE',  ( 0.000000000000000000, 0.000000000000000000, 1.000000000000000000 ) ) ;
#6750 = ORIENTED_EDGE ( 'NONE', *, *, #7575, .F. ) ;
#6752 = ORIENTED_EDGE ( 'NONE', *, *, #11866, .T. ) ;
#6751 = ORIENTED_EDGE ( 'NONE', *, *, #1287, .T. ) ;
#6753 = AXIS2_PLACEMENT_3D ( 'NONE', #5888, #11103, #1109 ) ;
#6754 = CARTESIAN_POINT ( 'NONE',  ( 202.3569999999999993, 64.87269999999999470, 3.000000000000000000 ) ) ;
#6755 = ORIENTED_EDGE ( 'NONE', *, *, #4412, .T. ) ;
#6756 = VECTOR ( 'NONE', #8892, 1000.000000000000000 ) ;
#6757 = CARTESIAN_POINT ( 'NONE',  ( 160.3619999999999948, 46.05270000000000152, 3.000000000000000000 ) ) ;
#6758 = AXIS2_PLACEMENT_3D ( 'NONE', #12506, #2518, #11458 ) ;
#6759 = EDGE_CURVE ( 'NONE', #12561, #5013, #6808, .T. ) ;
#6760 = DIRECTION ( 'NONE',  ( -0.000000000000000000, -0.000000000000000000, -1.000000000000000000 ) ) ;
#6761 = DIRECTION ( 'NONE',  ( 0.000000000000000000, -0.000000000000000000, 1.000000000000000000 ) ) ;
#6762 = CARTESIAN_POINT ( 'NONE',  ( 143.1119999999999948, 55.12149999999999750, 3.000000000000000000 ) ) ;
#6763 = CARTESIAN_POINT ( 'NONE',  ( 90.67530000000000712, 14.24100000000001920, -7.000000000000000000 ) ) ;
#6764 = AXIS2_PLACEMENT_3D ( 'NONE', #10195, #9270, #1242 ) ;
#6766 = VERTEX_POINT ( 'NONE', #8512 ) ;
#6765 = ORIENTED_EDGE ( 'NONE', *, *, #5081, .F. ) ;
#6767 = VERTEX_POINT ( 'NONE', #11695 ) ;
#6768 = CARTESIAN_POINT ( 'NONE',  ( 178.5440000000000111, 126.4969999999999999, 3.000000000000000000 ) ) ;
#6769 = ORIENTED_EDGE ( 'NONE', *, *, #6424, .T. ) ;
#6770 = VECTOR ( 'NONE', #6863, 1000.000000000000000 ) ;
#6771 = ORIENTED_EDGE ( 'NONE', *, *, #6859, .T. ) ;
#6772 = CARTESIAN_POINT ( 'NONE',  ( 25.30079999999999885, 20.25169999999999959, 3.000000000000000000 ) ) ;
#6773 = EDGE_CURVE ( 'NONE', #12584, #933, #2760, .T. ) ;
#6774 = CARTESIAN_POINT ( 'NONE',  ( 30.32509999999999906, 21.17220000000000368, 3.000000000000000000 ) ) ;
#6775 = CARTESIAN_POINT ( 'NONE',  ( 0.5939299999999920754, 109.4710000000000036, 3.000000000000000000 ) ) ;
#6776 = DIRECTION ( 'NONE',  ( 1.000000000000000000, 0.000000000000000000, 0.000000000000000000 ) ) ;
#6777 = CARTESIAN_POINT ( 'NONE',  ( 119.3010000000000019, 7.722520000000000273, 3.000000000000000000 ) ) ;
#6778 = VECTOR ( 'NONE', #5868, 1000.000000000000000 ) ;
#6779 = EDGE_LOOP ( 'NONE', ( #12102, #5727, #5971, #7486 ) ) ;
#6780 = EDGE_CURVE ( 'NONE', #7038, #10056, #9551, .T. ) ;
#6781 = ORIENTED_EDGE ( 'NONE', *, *, #12116, .T. ) ;
#6782 = LINE ( 'NONE', #11539, #4690 ) ;
#6783 = VERTEX_POINT ( 'NONE', #7581 ) ;
#6784 = ORIENTED_EDGE ( 'NONE', *, *, #9708, .T. ) ;
#6785 = ORIENTED_EDGE ( 'NONE', *, *, #8644, .T. ) ;
#6786 = ORIENTED_EDGE ( 'NONE', *, *, #11454, .T. ) ;
#6787 = CARTESIAN_POINT ( 'NONE',  ( 21.66969999999999885, 83.92270000000000607, 3.000000000000000000 ) ) ;
#6788 = DIRECTION ( 'NONE',  ( 0.000000000000000000, 0.000000000000000000, 1.000000000000000000 ) ) ;
#6789 = VECTOR ( 'NONE', #7070, 1000.000000000000000 ) ;
#6790 = PLANE ( 'NONE',  #7127 ) ;
#6791 = EDGE_CURVE ( 'NONE', #6974, #1943, #10721, .T. ) ;
#6792 = DIRECTION ( 'NONE',  ( 0.000000000000000000, 1.000000000000000000, 0.000000000000000000 ) ) ;
#6793 = VECTOR ( 'NONE', #1650, 1000.000000000000000 ) ;
#6794 = CARTESIAN_POINT ( 'NONE',  ( 24.47530000000000072, 14.22269999999999968, 3.000000000000000000 ) ) ;
#6795 = EDGE_CURVE ( 'NONE', #314, #4300, #3070, .T. ) ;
#6796 = LINE ( 'NONE', #6191, #2237 ) ;
#6797 = VERTEX_POINT ( 'NONE', #3548 ) ;
#6798 = DIRECTION ( 'NONE',  ( -1.000000000000000000, -0.000000000000000000, -0.000000000000000000 ) ) ;
#6799 = VERTEX_POINT ( 'NONE', #7648 ) ;
#6800 = ORIENTED_EDGE ( 'NONE', *, *, #3243, .T. ) ;
#6801 = VERTEX_POINT ( 'NONE', #9670 ) ;
#6802 = LINE ( 'NONE', #8623, #4007 ) ;
#6803 = CARTESIAN_POINT ( 'NONE',  ( 45.48219999999999885, 40.77190000000000225, 0.000000000000000000 ) ) ;
#6804 = CARTESIAN_POINT ( 'NONE',  ( 178.5440000000000111, 126.4969999999999999, 3.000000000000000000 ) ) ;
#6805 = ORIENTED_EDGE ( 'NONE', *, *, #9776, .T. ) ;
#6806 = AXIS2_PLACEMENT_3D ( 'NONE', #4943, #2914, #8784 ) ;
#6807 = DIRECTION ( 'NONE',  ( 0.000000000000000000, 1.000000000000000000, 0.000000000000000000 ) ) ;
#6808 = LINE ( 'NONE', #2565, #2660 ) ;
#6809 = CARTESIAN_POINT ( 'NONE',  ( 136.5620000000000118, 45.07159999999999656, 0.000000000000000000 ) ) ;
#6810 = DIRECTION ( 'NONE',  ( -1.000000000000000000, 0.000000000000000000, 0.000000000000000000 ) ) ;
#6811 = ADVANCED_FACE ( 'NONE', ( #1647 ), #5640, .F. ) ;
#6812 = LINE ( 'NONE', #2832, #4085 ) ;
#6813 = DIRECTION ( 'NONE',  ( 0.000000000000000000, 1.000000000000000000, -0.000000000000000000 ) ) ;
#6814 = DIRECTION ( 'NONE',  ( -0.000000000000000000, -1.000000000000000000, -0.000000000000000000 ) ) ;
#6815 = AXIS2_PLACEMENT_3D ( 'NONE', #9041, #4021, #9170 ) ;
#6816 = VERTEX_POINT ( 'NONE', #8629 ) ;
#6817 = VECTOR ( 'NONE', #10993, 1000.000000000000000 ) ;
#6819 = ORIENTED_EDGE ( 'NONE', *, *, #7151, .T. ) ;
#6818 = ORIENTED_EDGE ( 'NONE', *, *, #2743, .F. ) ;
#6820 = EDGE_CURVE ( 'NONE', #2573, #6399, #3808, .T. ) ;
#6821 = LINE ( 'NONE', #10803, #2452 ) ;
#6822 = ORIENTED_EDGE ( 'NONE', *, *, #11257, .T. ) ;
#6823 = CARTESIAN_POINT ( 'NONE',  ( 24.47530000000000072, 14.22269999999999968, 3.000000000000000000 ) ) ;
#6824 = VECTOR ( 'NONE', #11620, 1000.000000000000000 ) ;
#6825 = DIRECTION ( 'NONE',  ( -1.000000000000000000, 0.000000000000000000, 0.000000000000000000 ) ) ;
#6826 = CARTESIAN_POINT ( 'NONE',  ( 55.85040000000000049, 7.952670000000000350, 0.000000000000000000 ) ) ;
#6827 = AXIS2_PLACEMENT_3D ( 'NONE', #11192, #2375, #6359 ) ;
#6828 = CARTESIAN_POINT ( 'NONE',  ( 202.3569999999999993, 26.77250000000000085, 3.000000000000000000 ) ) ;
#6829 = DIRECTION ( 'NONE',  ( -0.000000000000000000, -0.000000000000000000, -1.000000000000000000 ) ) ;
#6830 = DIRECTION ( 'NONE',  ( -1.000000000000000000, 0.000000000000000000, 0.000000000000000000 ) ) ;
#6831 = VECTOR ( 'NONE', #9971, 1000.000000000000000 ) ;
#6833 = ORIENTED_EDGE ( 'NONE', *, *, #8935, .F. ) ;
#6832 = VERTEX_POINT ( 'NONE', #9739 ) ;
#6834 = VECTOR ( 'NONE', #1397, 1000.000000000000000 ) ;
#6835 = ORIENTED_EDGE ( 'NONE', *, *, #7295, .F. ) ;
#6836 = CARTESIAN_POINT ( 'NONE',  ( 197.5939999999999941, 2.960030000000000161, 3.000000000000000000 ) ) ;
#6837 = EDGE_CURVE ( 'NONE', #2850, #2259, #2698, .T. ) ;
#6838 = ORIENTED_EDGE ( 'NONE', *, *, #12311, .F. ) ;
#6839 = CIRCLE ( 'NONE', #11412, 1.000000000000000888 ) ;
#6840 = EDGE_CURVE ( 'NONE', #6245, #5186, #11764, .T. ) ;
#6841 = ORIENTED_EDGE ( 'NONE', *, *, #4126, .T. ) ;
#6842 = CARTESIAN_POINT ( 'NONE',  ( 158.6370000000000005, 58.35159999999999769, 0.000000000000000000 ) ) ;
#6843 = PLANE ( 'NONE',  #220 ) ;
#6844 = FACE_OUTER_BOUND ( 'NONE', #5305, .T. ) ;
#6845 = AXIS2_PLACEMENT_3D ( 'NONE', #2953, #1181, #11892 ) ;
#6846 = DIRECTION ( 'NONE',  ( -1.000000000000000000, 0.000000000000000000, 0.000000000000000000 ) ) ;
#6847 = LINE ( 'NONE', #11014, #8495 ) ;
#6848 = ORIENTED_EDGE ( 'NONE', *, *, #7275, .F. ) ;
#6849 = EDGE_CURVE ( 'NONE', #7388, #5586, #10788, .T. ) ;
#6850 = VERTEX_POINT ( 'NONE', #852 ) ;
#6851 = CARTESIAN_POINT ( 'NONE',  ( 134.0130000000000337, 55.12149999999999750, 0.000000000000000000 ) ) ;
#6852 = AXIS2_PLACEMENT_3D ( 'NONE', #7111, #6140, #6860 ) ;
#6853 = ORIENTED_EDGE ( 'NONE', *, *, #10399, .F. ) ;
#6854 = ORIENTED_EDGE ( 'NONE', *, *, #2324, .T. ) ;
#6855 = VERTEX_POINT ( 'NONE', #7064 ) ;
#6856 = DIRECTION ( 'NONE',  ( -0.000000000000000000, -0.000000000000000000, -1.000000000000000000 ) ) ;
#6857 = LINE ( 'NONE', #6979, #4409 ) ;
#6858 = CARTESIAN_POINT ( 'NONE',  ( 141.5879999999999939, 46.05270000000000152, 0.000000000000000000 ) ) ;
#6859 = EDGE_CURVE ( 'NONE', #4396, #7713, #5047, .T. ) ;
#6860 = DIRECTION ( 'NONE',  ( 0.000000000000000000, 0.000000000000000000, -1.000000000000000000 ) ) ;
#6861 = LINE ( 'NONE', #9658, #4719 ) ;
#6862 = ORIENTED_EDGE ( 'NONE', *, *, #6275, .T. ) ;
#6863 = DIRECTION ( 'NONE',  ( -0.000000000000000000, 1.000000000000000000, -0.000000000000000000 ) ) ;
#6864 = ORIENTED_EDGE ( 'NONE', *, *, #2679, .F. ) ;
#6865 = EDGE_LOOP ( 'NONE', ( #5948, #1785, #10040, #6445 ) ) ;
#6866 = VERTEX_POINT ( 'NONE', #6025 ) ;
#6867 = CARTESIAN_POINT ( 'NONE',  ( 83.58220000000000027, 112.4980000000000047, 3.000000000000000000 ) ) ;
#6868 = EDGE_CURVE ( 'NONE', #11737, #5997, #10849, .T. ) ;
#6869 = CARTESIAN_POINT ( 'NONE',  ( 0.09392999999999207539, 109.9710000000000036, 3.000000000000000000 ) ) ;
#6870 = LINE ( 'NONE', #10059, #9877 ) ;
#6871 = EDGE_LOOP ( 'NONE', ( #2675, #329, #10922, #9147 ) ) ;
#6872 = LINE ( 'NONE', #1708, #6084 ) ;
#6873 = EDGE_CURVE ( 'NONE', #4075, #12804, #7971, .T. ) ;
#6874 = CARTESIAN_POINT ( 'NONE',  ( 14.38192999999999699, 23.74100000000002098, 3.000000000000000000 ) ) ;
#6875 = CARTESIAN_POINT ( 'NONE',  ( 9.618929999999993541, 62.84100000000002240, 0.000000000000000000 ) ) ;
#6876 = CARTESIAN_POINT ( 'NONE',  ( 93.10720000000000596, 59.82189999999999941, 3.000000000000000000 ) ) ;
#6877 = LINE ( 'NONE', #8635, #1818 ) ;
#6878 = FACE_OUTER_BOUND ( 'NONE', #10487, .T. ) ;
#6879 = ORIENTED_EDGE ( 'NONE', *, *, #12817, .F. ) ;
#6881 = ORIENTED_EDGE ( 'NONE', *, *, #5645, .T. ) ;
#6880 = PLANE ( 'NONE',  #7556 ) ;
#6882 = EDGE_CURVE ( 'NONE', #3764, #2906, #3876, .T. ) ;
#6883 = FACE_BOUND ( 'NONE', #9350, .T. ) ;
#6884 = EDGE_LOOP ( 'NONE', ( #4744, #8123, #711, #12866 ) ) ;
#6885 = FACE_BOUND ( 'NONE', #3257, .T. ) ;
#6886 = LINE ( 'NONE', #2967, #8905 ) ;
#6887 = LINE ( 'NONE', #3825, #1948 ) ;
#6888 = CARTESIAN_POINT ( 'NONE',  ( 164.2570000000000050, 78.87189999999999657, 3.000000000000000000 ) ) ;
#6889 = EDGE_CURVE ( 'NONE', #3635, #4751, #7444, .T. ) ;
#6890 = LINE ( 'NONE', #3694, #12861 ) ;
#6891 = ADVANCED_FACE ( 'NONE', ( #10126 ), #4132, .T. ) ;
#6892 = CARTESIAN_POINT ( 'NONE',  ( 32.05040000000000333, 20.25169999999999959, 3.000000000000000000 ) ) ;
#6894 = VERTEX_POINT ( 'NONE', #6874 ) ;
#6893 = ORIENTED_EDGE ( 'NONE', *, *, #5692, .T. ) ;
#6895 = ORIENTED_EDGE ( 'NONE', *, *, #3607, .T. ) ;
#6896 = EDGE_CURVE ( 'NONE', #9312, #8434, #131, .T. ) ;
#6897 = DIRECTION ( 'NONE',  ( 1.000000000000000000, 0.000000000000000000, 0.000000000000000000 ) ) ;
#6898 = VERTEX_POINT ( 'NONE', #3943 ) ;
#6899 = EDGE_LOOP ( 'NONE', ( #8741, #10695, #2628, #11623 ) ) ;
#6900 = DIRECTION ( 'NONE',  ( -1.000000000000000000, 0.000000000000000000, 0.000000000000000000 ) ) ;
#6901 = CARTESIAN_POINT ( 'NONE',  ( 4.856929999999986869, 133.0209999999999866, 0.000000000000000000 ) ) ;
#6902 = CARTESIAN_POINT ( 'NONE',  ( 158.2949999999999875, 102.9218999999999937, -7.000000000000000000 ) ) ;
#6903 = LINE ( 'NONE', #1933, #2158 ) ;
#6904 = DIRECTION ( 'NONE',  ( 1.000000000000000000, -0.000000000000000000, -0.000000000000000000 ) ) ;
#6905 = EDGE_CURVE ( 'NONE', #4614, #11723, #5959, .T. ) ;
#6906 = ADVANCED_FACE ( 'NONE', ( #11042 ), #6998, .T. ) ;
#6907 = VERTEX_POINT ( 'NONE', #9931 ) ;
#6908 = ORIENTED_EDGE ( 'NONE', *, *, #5928, .T. ) ;
#6909 = VECTOR ( 'NONE', #11921, 1000.000000000000000 ) ;
#6910 = PLANE ( 'NONE',  #3860 ) ;
#6911 = VERTEX_POINT ( 'NONE', #11953 ) ;
#6912 = ORIENTED_EDGE ( 'NONE', *, *, #10767, .F. ) ;
#6913 = ORIENTED_EDGE ( 'NONE', *, *, #11639, .T. ) ;
#6914 = CARTESIAN_POINT ( 'NONE',  ( 14.88192999999999699, 43.79100000000002524, 3.000000000000000000 ) ) ;
#6915 = DIRECTION ( 'NONE',  ( 1.000000000000000000, -0.000000000000000000, -0.000000000000000000 ) ) ;
#6916 = CARTESIAN_POINT ( 'NONE',  ( 32.05040000000000333, 12.42159999999999975, 0.000000000000000000 ) ) ;
#6917 = EDGE_CURVE ( 'NONE', #7282, #11220, #6154, .T. ) ;
#6918 = CIRCLE ( 'NONE', #8581, 1.250000000000001110 ) ;
#6919 = CARTESIAN_POINT ( 'NONE',  ( 186.6069299999999771, 131.5209999999999866, 0.000000000000000000 ) ) ;
#6920 = AXIS2_PLACEMENT_3D ( 'NONE', #6403, #7502, #5362 ) ;
#6921 = CARTESIAN_POINT ( 'NONE',  ( 107.1070000000000135, 45.82269999999999754, 3.000000000000000000 ) ) ;
#6922 = ORIENTED_EDGE ( 'NONE', *, *, #11960, .T. ) ;
#6923 = DIRECTION ( 'NONE',  ( -0.000000000000000000, 1.000000000000000000, -0.000000000000000000 ) ) ;
#6924 = EDGE_LOOP ( 'NONE', ( #1225, #3982, #8518, #9998 ) ) ;
#6925 = VERTEX_POINT ( 'NONE', #1113 ) ;
#6926 = ORIENTED_EDGE ( 'NONE', *, *, #4959, .F. ) ;
#6927 = CARTESIAN_POINT ( 'NONE',  ( 159.4939999999999998, 16.95949999999999847, 3.000000000000000000 ) ) ;
#6928 = CARTESIAN_POINT ( 'NONE',  ( 143.9689999999999941, 96.45159999999999911, 3.000000000000000000 ) ) ;
#6929 = PLANE ( 'NONE',  #12173 ) ;
#6930 = ORIENTED_EDGE ( 'NONE', *, *, #7402, .T. ) ;
#6931 = PLANE ( 'NONE',  #10456 ) ;
#6932 = CARTESIAN_POINT ( 'NONE',  ( 49.95649999999999835, 59.82189999999999941, 3.000000000000000000 ) ) ;
#6933 = FACE_OUTER_BOUND ( 'NONE', #12485, .T. ) ;
#6934 = DIRECTION ( 'NONE',  ( -1.000000000000000000, 0.000000000000000000, 0.000000000000000000 ) ) ;
#6935 = LINE ( 'NONE', #11112, #3681 ) ;
#6936 = CARTESIAN_POINT ( 'NONE',  ( 199.9749999999999943, 112.4980000000000047, 3.000000000000000000 ) ) ;
#6937 = AXIS2_PLACEMENT_3D ( 'NONE', #9802, #4854, #6072 ) ;
#6938 = ORIENTED_EDGE ( 'NONE', *, *, #7118, .F. ) ;
#6939 = EDGE_CURVE ( 'NONE', #9692, #10615, #12875, .T. ) ;
#6941 = VERTEX_POINT ( 'NONE', #4853 ) ;
#6940 = DIRECTION ( 'NONE',  ( -0.000000000000000000, -1.000000000000000000, -0.000000000000000000 ) ) ;
#6942 = FACE_BOUND ( 'NONE', #12279, .T. ) ;
#6943 = ORIENTED_EDGE ( 'NONE', *, *, #6439, .F. ) ;
#6944 = LINE ( 'NONE', #9948, #9734 ) ;
#6945 = VECTOR ( 'NONE', #7996, 1000.000000000000000 ) ;
#6946 = CARTESIAN_POINT ( 'NONE',  ( 112.1569999999999965, 45.82269999999999754, 0.000000000000000000 ) ) ;
#6947 = FACE_OUTER_BOUND ( 'NONE', #1023, .T. ) ;
#6948 = EDGE_CURVE ( 'NONE', #7217, #11326, #8106, .T. ) ;
#6949 = PLANE ( 'NONE',  #5152 ) ;
#6950 = DIRECTION ( 'NONE',  ( 0.000000000000000000, 1.000000000000000000, 0.000000000000000000 ) ) ;
#6952 = ORIENTED_EDGE ( 'NONE', *, *, #2613, .F. ) ;
#6951 = VERTEX_POINT ( 'NONE', #3148 ) ;
#6953 = EDGE_CURVE ( 'NONE', #8556, #11538, #2032, .T. ) ;
#6954 = ORIENTED_EDGE ( 'NONE', *, *, #6138, .F. ) ;
#6955 = CARTESIAN_POINT ( 'NONE',  ( 116.6320000000000192, 40.77190000000000225, 3.000000000000000000 ) ) ;
#6956 = ORIENTED_EDGE ( 'NONE', *, *, #1385, .F. ) ;
#6957 = VECTOR ( 'NONE', #482, 1000.000000000000000 ) ;
#6958 = DIRECTION ( 'NONE',  ( -1.000000000000000000, 0.000000000000000000, 0.000000000000000000 ) ) ;
#6959 = EDGE_LOOP ( 'NONE', ( #10099, #5309, #943, #12670 ) ) ;
#6960 = PLANE ( 'NONE',  #2024 ) ;
#6961 = FACE_OUTER_BOUND ( 'NONE', #8279, .T. ) ;
#6962 = LINE ( 'NONE', #32, #2007 ) ;
#6963 = PLANE ( 'NONE',  #11923 ) ;
#6964 = DIRECTION ( 'NONE',  ( -0.000000000000000000, -0.000000000000000000, -1.000000000000000000 ) ) ;
#6965 = EDGE_CURVE ( 'NONE', #4024, #5389, #988, .T. ) ;
#6966 = VECTOR ( 'NONE', #11498, 1000.000000000000000 ) ;
#6967 = DIRECTION ( 'NONE',  ( -0.000000000000000000, 1.000000000000000000, -0.000000000000000000 ) ) ;
#6968 = ADVANCED_FACE ( 'NONE', ( #11107 ), #8896, .T. ) ;
#6969 = EDGE_LOOP ( 'NONE', ( #3799, #1701, #9989, #5452 ) ) ;
#6970 = VECTOR ( 'NONE', #6412, 1000.000000000000000 ) ;
#6971 = VERTEX_POINT ( 'NONE', #10001 ) ;
#6972 = DIRECTION ( 'NONE',  ( -0.000000000000000000, -0.000000000000000000, 1.000000000000000000 ) ) ;
#6973 = ORIENTED_EDGE ( 'NONE', *, *, #6449, .T. ) ;
#6974 = VERTEX_POINT ( 'NONE', #10911 ) ;
#6975 = ORIENTED_EDGE ( 'NONE', *, *, #4658, .T. ) ;
#6976 = DIRECTION ( 'NONE',  ( 0.000000000000000000, 0.000000000000000000, -1.000000000000000000 ) ) ;
#6977 = EDGE_CURVE ( 'NONE', #10290, #6783, #1047, .T. ) ;
#6978 = EDGE_CURVE ( 'NONE', #9249, #5744, #3347, .T. ) ;
#6979 = CARTESIAN_POINT ( 'NONE',  ( 32.05040000000000333, 7.952670000000000350, 0.000000000000000000 ) ) ;
#6980 = DIRECTION ( 'NONE',  ( 0.000000000000000000, -0.000000000000000000, 1.000000000000000000 ) ) ;
#6981 = DIRECTION ( 'NONE',  ( -0.000000000000000000, -0.000000000000000000, -1.000000000000000000 ) ) ;
#6982 = VECTOR ( 'NONE', #9313, 1000.000000000000000 ) ;
#6983 = PLANE ( 'NONE',  #8717 ) ;
#6984 = CARTESIAN_POINT ( 'NONE',  ( 138.9430000000000121, 84.15269999999999584, 3.000000000000000000 ) ) ;
#6985 = ORIENTED_EDGE ( 'NONE', *, *, #3891, .F. ) ;
#6986 = FACE_OUTER_BOUND ( 'NONE', #6015, .T. ) ;
#6987 = EDGE_LOOP ( 'NONE', ( #3207, #5214, #3854, #11436 ) ) ;
#6988 = EDGE_LOOP ( 'NONE', ( #4443, #11933, #5807, #6781 ) ) ;
#6989 = ORIENTED_EDGE ( 'NONE', *, *, #3642, .T. ) ;
#6990 = SHAPE_DEFINITION_REPRESENTATION ( #3055, #6345 ) ;
#6991 = VECTOR ( 'NONE', #5646, 1000.000000000000000 ) ;
#6992 = DIRECTION ( 'NONE',  ( -0.000000000000000000, -0.000000000000000000, 1.000000000000000000 ) ) ;
#6993 = EDGE_CURVE ( 'NONE', #10613, #3666, #4961, .T. ) ;
#6994 = CARTESIAN_POINT ( 'NONE',  ( 45.48219999999999885, 112.4980000000000047, 3.000000000000000000 ) ) ;
#6995 = EDGE_LOOP ( 'NONE', ( #12482, #2368, #8673, #11865 ) ) ;
#6996 = AXIS2_PLACEMENT_3D ( 'NONE', #6705, #9637, #4619 ) ;
#6997 = LINE ( 'NONE', #9085, #5458 ) ;
#6998 = PLANE ( 'NONE',  #8492 ) ;
#6999 = VECTOR ( 'NONE', #5896, 1000.000000000000000 ) ;
#7000 = LINE ( 'NONE', #10980, #1838 ) ;
#7001 = CARTESIAN_POINT ( 'NONE',  ( 32.05040000000000333, 17.02149999999999963, 3.000000000000000000 ) ) ;
#7002 = DIRECTION ( 'NONE',  ( 1.000000000000000000, 0.000000000000000000, 0.000000000000000000 ) ) ;
#7003 = CARTESIAN_POINT ( 'NONE',  ( 145.4950000000000045, 16.95949999999999847, 3.000000000000000000 ) ) ;
#7004 = ORIENTED_EDGE ( 'NONE', *, *, #4562, .F. ) ;
#7005 = EDGE_CURVE ( 'NONE', #10630, #9299, #1180, .T. ) ;
#7007 = ORIENTED_EDGE ( 'NONE', *, *, #6837, .T. ) ;
#7006 = LINE ( 'NONE', #4930, #2142 ) ;
#7008 = CIRCLE ( 'NONE', #8046, 1.250000000000001110 ) ;
#7009 = DIRECTION ( 'NONE',  ( 0.000000000000000000, 0.000000000000000000, 1.000000000000000000 ) ) ;
#7010 = ORIENTED_EDGE ( 'NONE', *, *, #3557, .T. ) ;
#7011 = LINE ( 'NONE', #3162, #11603 ) ;
#7012 = CARTESIAN_POINT ( 'NONE',  ( 12.14470000000000205, 78.87189999999999657, 0.000000000000000000 ) ) ;
#7013 = EDGE_CURVE ( 'NONE', #7997, #6332, #10316, .T. ) ;
#7014 = PLANE ( 'NONE',  #1825 ) ;
#7015 = PRODUCT ( '\X2\5b9a4f4d677f\X0\Right', '\X2\5b9a4f4d677f\X0\Right', '', ( #9995 ) ) ;
#7016 = FACE_OUTER_BOUND ( 'NONE', #11692, .T. ) ;
#7017 = PLANE ( 'NONE',  #3454 ) ;
#7018 = EDGE_LOOP ( 'NONE', ( #403, #7345, #10842, #7832 ) ) ;
#7019 = VERTEX_POINT ( 'NONE', #254 ) ;
#7020 = CARTESIAN_POINT ( 'NONE',  ( 185.9759999999999991, 112.4980000000000047, 3.000000000000000000 ) ) ;
#7021 = ORIENTED_EDGE ( 'NONE', *, *, #3315, .F. ) ;
#7022 = CARTESIAN_POINT ( 'NONE',  ( 112.1569999999999965, 59.82189999999999941, 0.000000000000000000 ) ) ;
#7023 = ORIENTED_EDGE ( 'NONE', *, *, #2181, .T. ) ;
#7024 = EDGE_CURVE ( 'NONE', #1730, #2589, #1306, .T. ) ;
#7025 = LINE ( 'NONE', #2063, #939 ) ;
#7026 = AXIS2_PLACEMENT_3D ( 'NONE', #5511, #9485, #6236 ) ;
#7027 = DIRECTION ( 'NONE',  ( 0.000000000000000000, 0.000000000000000000, -1.000000000000000000 ) ) ;
#7028 = CARTESIAN_POINT ( 'NONE',  ( 116.9180000000000064, 83.92270000000000607, 3.000000000000000000 ) ) ;
#7029 = CARTESIAN_POINT ( 'NONE',  ( 107.1070000000000135, 45.82269999999999754, 3.000000000000000000 ) ) ;
#7030 = EDGE_CURVE ( 'NONE', #10615, #2672, #4193, .T. ) ;
#7031 = PLANE ( 'NONE',  #3502 ) ;
#7032 = AXIS2_PLACEMENT_3D ( 'NONE', #3777, #7746, #4623 ) ;
#7033 = VECTOR ( 'NONE', #6631, 1000.000000000000000 ) ;
#7034 = DIRECTION ( 'NONE',  ( -0.000000000000000000, 1.000000000000000000, -0.000000000000000000 ) ) ;
#7036 = ORIENTED_EDGE ( 'NONE', *, *, #8020, .F. ) ;
#7035 = DIRECTION ( 'NONE',  ( 1.000000000000000000, 0.000000000000000000, 0.000000000000000000 ) ) ;
#7037 = VECTOR ( 'NONE', #5179, 1000.000000000000000 ) ;
#7038 = VERTEX_POINT ( 'NONE', #8428 ) ;
#7039 = DIRECTION ( 'NONE',  ( 0.000000000000000000, 0.000000000000000000, 1.000000000000000000 ) ) ;
#7040 = ORIENTED_EDGE ( 'NONE', *, *, #5664, .F. ) ;
#7041 = ORIENTED_EDGE ( 'NONE', *, *, #9017, .F. ) ;
#7042 = ORIENTED_EDGE ( 'NONE', *, *, #12761, .F. ) ;
#7043 = DIRECTION ( 'NONE',  ( -1.000000000000000000, 0.000000000000000000, 0.000000000000000000 ) ) ;
#7044 = VECTOR ( 'NONE', #11636, 1000.000000000000000 ) ;
#7045 = CARTESIAN_POINT ( 'NONE',  ( 164.5449999999999875, 22.01000000000000156, 3.000000000000000000 ) ) ;
#7046 = LINE ( 'NONE', #2080, #11743 ) ;
#7047 = EDGE_CURVE ( 'NONE', #12047, #7962, #10197, .T. ) ;
#7048 = DIRECTION ( 'NONE',  ( -1.000000000000000000, -0.000000000000000000, -0.000000000000000000 ) ) ;
#7049 = VECTOR ( 'NONE', #10809, 1000.000000000000000 ) ;
#7050 = CARTESIAN_POINT ( 'NONE',  ( 50.24470000000000169, 78.87189999999999657, 3.000000000000000000 ) ) ;
#7051 = DIRECTION ( 'NONE',  ( 1.000000000000000000, 0.000000000000000000, 0.000000000000000000 ) ) ;
#7052 = VECTOR ( 'NONE', #12863, 1000.000000000000000 ) ;
#7053 = ADVANCED_FACE ( 'NONE', ( #12346 ), #7194, .T. ) ;
#7054 = CARTESIAN_POINT ( 'NONE',  ( 64.24399999999999977, 78.87189999999999657, 3.000000000000000000 ) ) ;
#7055 = ORIENTED_EDGE ( 'NONE', *, *, #12647, .F. ) ;
#7056 = CARTESIAN_POINT ( 'NONE',  ( 158.6370000000000005, 50.52170000000000272, 3.000000000000000000 ) ) ;
#7057 = EDGE_LOOP ( 'NONE', ( #8097, #1852, #8964, #5724 ) ) ;
#7058 = ORIENTED_EDGE ( 'NONE', *, *, #10641, .T. ) ;
#7059 = VERTEX_POINT ( 'NONE', #8362 ) ;
#7060 = CARTESIAN_POINT ( 'NONE',  ( 0.09392999999999207539, 109.4710000000000036, 3.000000000000000000 ) ) ;
#7061 = DIRECTION ( 'NONE',  ( 0.000000000000000000, -1.000000000000000000, 0.000000000000000000 ) ) ;
#7062 = CIRCLE ( 'NONE', #10398, 1.000000000000000000 ) ;
#7063 = CARTESIAN_POINT ( 'NONE',  ( 33.57589999999999719, 7.722520000000000273, 0.000000000000000000 ) ) ;
#7064 = CARTESIAN_POINT ( 'NONE',  ( 164.5449999999999875, 126.4969999999999999, 3.000000000000000000 ) ) ;
#7065 = DIRECTION ( 'NONE',  ( 1.000000000000000000, -0.000000000000000000, -0.000000000000000000 ) ) ;
#7066 = DIRECTION ( 'NONE',  ( -0.000000000000000000, -1.000000000000000000, -0.000000000000000000 ) ) ;
#7067 = DIRECTION ( 'NONE',  ( -0.000000000000000000, -0.000000000000000000, -1.000000000000000000 ) ) ;
#7068 = EDGE_CURVE ( 'NONE', #11541, #9650, #11177, .T. ) ;
#7069 = ADVANCED_FACE ( 'NONE', ( #321 ), #2487, .T. ) ;
#7070 = DIRECTION ( 'NONE',  ( 1.000000000000000000, -0.000000000000000000, -0.000000000000000000 ) ) ;
#7071 = ORIENTED_EDGE ( 'NONE', *, *, #11008, .F. ) ;
#7073 = EDGE_LOOP ( 'NONE', ( #5010, #2653, #1255, #10855 ) ) ;
#7072 = CARTESIAN_POINT ( 'NONE',  ( 128.8259999999999934, 26.77250000000000085, 0.000000000000000000 ) ) ;
#7074 = FACE_BOUND ( 'NONE', #2385, .T. ) ;
#7075 = VERTEX_POINT ( 'NONE', #7263 ) ;
#7076 = VECTOR ( 'NONE', #594, 1000.000000000000000 ) ;
#7077 = DIRECTION ( 'NONE',  ( 1.000000000000000000, -0.000000000000000000, -0.000000000000000000 ) ) ;
#7078 = DIRECTION ( 'NONE',  ( 0.000000000000000000, -0.000000000000000000, -1.000000000000000000 ) ) ;
#7079 = EDGE_CURVE ( 'NONE', #4102, #4614, #12407, .T. ) ;
#7080 = DIRECTION ( 'NONE',  ( -0.000000000000000000, -0.000000000000000000, -1.000000000000000000 ) ) ;
#7081 = LINE ( 'NONE', #3034, #1176 ) ;
#7082 = LINE ( 'NONE', #6301, #4498 ) ;
#7083 = EDGE_LOOP ( 'NONE', ( #1172, #3100, #2836, #9093 ) ) ;
#7084 = ORIENTED_EDGE ( 'NONE', *, *, #1227, .F. ) ;
#7085 = DIRECTION ( 'NONE',  ( -1.000000000000000000, -0.000000000000000000, -0.000000000000000000 ) ) ;
#7086 = VERTEX_POINT ( 'NONE', #7380 ) ;
#7087 = CARTESIAN_POINT ( 'NONE',  ( 178.5440000000000111, 112.4980000000000047, 3.000000000000000000 ) ) ;
#7088 = EDGE_LOOP ( 'NONE', ( #7148, #8388, #1702, #2605 ) ) ;
#7089 = CARTESIAN_POINT ( 'NONE',  ( 74.05719999999999459, 59.82189999999999941, 0.000000000000000000 ) ) ;
#7090 = CARTESIAN_POINT ( 'NONE',  ( 121.6820000000000022, 126.4969999999999999, 3.000000000000000000 ) ) ;
#7091 = DIRECTION ( 'NONE',  ( 1.000000000000000000, 0.000000000000000000, 0.000000000000000000 ) ) ;
#7092 = CARTESIAN_POINT ( 'NONE',  ( 145.4950000000000045, 112.4980000000000047, 3.000000000000000000 ) ) ;
#7093 = CARTESIAN_POINT ( 'NONE',  ( 202.3569999999999993, 78.87189999999999657, 3.000000000000000000 ) ) ;
#7094 = CARTESIAN_POINT ( 'NONE',  ( 93.10720000000000596, 59.82189999999999941, 3.000000000000000000 ) ) ;
#7095 = EDGE_CURVE ( 'NONE', #4493, #1763, #8301, .T. ) ;
#7097 = ORIENTED_EDGE ( 'NONE', *, *, #1840, .T. ) ;
#7096 = DIRECTION ( 'NONE',  ( 1.000000000000000000, 0.000000000000000000, 0.000000000000000000 ) ) ;
#7098 = ORIENTED_EDGE ( 'NONE', *, *, #6939, .F. ) ;
#7099 = CARTESIAN_POINT ( 'NONE',  ( 134.8369999999999891, 55.12149999999999750, 3.000000000000000000 ) ) ;
#7100 = EDGE_LOOP ( 'NONE', ( #2835, #8907, #3754, #8307 ) ) ;
#7101 = VECTOR ( 'NONE', #12676, 1000.000000000000000 ) ;
#7102 = ORIENTED_EDGE ( 'NONE', *, *, #12075, .T. ) ;
#7103 = EDGE_CURVE ( 'NONE', #6199, #6699, #2298, .T. ) ;
#7104 = ORIENTED_EDGE ( 'NONE', *, *, #2205, .F. ) ;
#7105 = DIRECTION ( 'NONE',  ( 0.000000000000000000, 0.000000000000000000, -1.000000000000000000 ) ) ;
#7106 = CARTESIAN_POINT ( 'NONE',  ( 133.3000000000000114, 21.72200000000000131, 0.000000000000000000 ) ) ;
#7107 = DIRECTION ( 'NONE',  ( 0.000000000000000000, 0.000000000000000000, 1.000000000000000000 ) ) ;
#7108 = AXIS2_PLACEMENT_3D ( 'NONE', #4900, #11935, #2995 ) ;
#7109 = DIRECTION ( 'NONE',  ( -1.000000000000000000, 0.000000000000000000, 0.000000000000000000 ) ) ;
#7110 = DIRECTION ( 'NONE',  ( 0.000000000000000000, -0.000000000000000000, -1.000000000000000000 ) ) ;
#7111 = CARTESIAN_POINT ( 'NONE',  ( 128.8259999999999934, 26.77250000000000085, 3.000000000000000000 ) ) ;
#7112 = VECTOR ( 'NONE', #302, 1000.000000000000000 ) ;
#7113 = CARTESIAN_POINT ( 'NONE',  ( 78.53149999999999409, 40.77190000000000225, 3.000000000000000000 ) ) ;
#7114 = ORIENTED_EDGE ( 'NONE', *, *, #11092, .T. ) ;
#7115 = PLANE ( 'NONE',  #2174 ) ;
#7116 = ORIENTED_EDGE ( 'NONE', *, *, #8967, .T. ) ;
#7117 = ORIENTED_EDGE ( 'NONE', *, *, #7030, .T. ) ;
#7118 = EDGE_CURVE ( 'NONE', #7947, #8886, #7445, .T. ) ;
#7119 = ORIENTED_EDGE ( 'NONE', *, *, #8478, .T. ) ;
#7120 = DIRECTION ( 'NONE',  ( 0.000000000000000000, -1.000000000000000000, 0.000000000000000000 ) ) ;
#7121 = DIRECTION ( 'NONE',  ( -0.000000000000000000, -0.000000000000000000, -1.000000000000000000 ) ) ;
#7122 = VECTOR ( 'NONE', #1765, 1000.000000000000000 ) ;
#7123 = VECTOR ( 'NONE', #6807, 1000.000000000000000 ) ;
#7124 = EDGE_CURVE ( 'NONE', #12648, #4814, #8165, .T. ) ;
#7125 = LINE ( 'NONE', #4131, #12121 ) ;
#7126 = DIRECTION ( 'NONE',  ( -1.000000000000000000, -0.000000000000000000, -0.000000000000000000 ) ) ;
#7127 = AXIS2_PLACEMENT_3D ( 'NONE', #1096, #2936, #5159 ) ;
#7128 = DIRECTION ( 'NONE',  ( -0.000000000000000000, -0.000000000000000000, -1.000000000000000000 ) ) ;
#7129 = EDGE_CURVE ( 'NONE', #489, #1040, #1368, .T. ) ;
#7130 = CARTESIAN_POINT ( 'NONE',  ( 116.6320000000000192, 126.4969999999999999, 0.000000000000000000 ) ) ;
#7131 = LINE ( 'NONE', #12087, #128 ) ;
#7132 = AXIS2_PLACEMENT_3D ( 'NONE', #8100, #12142, #2026 ) ;
#7133 = DIRECTION ( 'NONE',  ( 1.000000000000000000, 0.000000000000000000, 0.000000000000000000 ) ) ;
#7134 = ORIENTED_EDGE ( 'NONE', *, *, #613, .T. ) ;
#7136 = ORIENTED_EDGE ( 'NONE', *, *, #8557, .T. ) ;
#7135 = DIRECTION ( 'NONE',  ( 0.000000000000000000, 0.000000000000000000, 1.000000000000000000 ) ) ;
#7137 = LINE ( 'NONE', #11253, #278 ) ;
#7138 = VERTEX_POINT ( 'NONE', #9342 ) ;
#7139 = EDGE_CURVE ( 'NONE', #1375, #9457, #11363, .T. ) ;
#7140 = LINE ( 'NONE', #3101, #8055 ) ;
#7141 = FACE_OUTER_BOUND ( 'NONE', #7593, .T. ) ;
#7142 = CARTESIAN_POINT ( 'NONE',  ( 137.2179999999999893, 90.42260000000000275, 3.000000000000000000 ) ) ;
#7143 = AXIS2_PLACEMENT_3D ( 'NONE', #11285, #6328, #10302 ) ;
#7144 = FACE_OUTER_BOUND ( 'NONE', #11396, .T. ) ;
#7145 = VECTOR ( 'NONE', #10458, 1000.000000000000000 ) ;
#7146 = CARTESIAN_POINT ( 'NONE',  ( 208.8830000000000098, -3.565917999999999477, 0.000000000000000000 ) ) ;
#7147 = VERTEX_POINT ( 'NONE', #450 ) ;
#7148 = ORIENTED_EDGE ( 'NONE', *, *, #3610, .T. ) ;
#7149 = CARTESIAN_POINT ( 'NONE',  ( 20.63193000000000055, 102.9218999999999937, 0.000000000000000000 ) ) ;
#7150 = ORIENTED_EDGE ( 'NONE', *, *, #2258, .T. ) ;
#7151 = EDGE_CURVE ( 'NONE', #3993, #10934, #4452, .T. ) ;
#7152 = PLANE ( 'NONE',  #6329 ) ;
#7153 = ORIENTED_EDGE ( 'NONE', *, *, #5592, .T. ) ;
#7154 = CARTESIAN_POINT ( 'NONE',  ( 116.6320000000000192, 26.77250000000000085, 3.000000000000000000 ) ) ;
#7155 = VECTOR ( 'NONE', #1548, 1000.000000000000000 ) ;
#7156 = AXIS2_PLACEMENT_3D ( 'NONE', #7379, #1367, #7262 ) ;
#7157 = LINE ( 'NONE', #12050, #11907 ) ;
#7158 = DIRECTION ( 'NONE',  ( 1.000000000000000000, 0.000000000000000000, 0.000000000000000000 ) ) ;
#7159 = CARTESIAN_POINT ( 'NONE',  ( 161.0180000000000007, 96.45159999999999911, 3.000000000000000000 ) ) ;
#7160 = DIRECTION ( 'NONE',  ( 0.000000000000000000, 0.000000000000000000, 1.000000000000000000 ) ) ;
#7161 = LINE ( 'NONE', #12115, #9956 ) ;
#7162 = CIRCLE ( 'NONE', #1530, 0.5000000000000004441 ) ;
#7164 = ORIENTED_EDGE ( 'NONE', *, *, #7124, .F. ) ;
#7163 = CARTESIAN_POINT ( 'NONE',  ( 187.8569299999999771, 131.5209999999999866, 0.000000000000000000 ) ) ;
#7165 = ORIENTED_EDGE ( 'NONE', *, *, #11435, .T. ) ;
#7166 = CARTESIAN_POINT ( 'NONE',  ( 4.856929999999992198, 110.4710000000000036, 3.000000000000000000 ) ) ;
#7167 = ORIENTED_EDGE ( 'NONE', *, *, #11811, .F. ) ;
#7168 = ORIENTED_EDGE ( 'NONE', *, *, #7228, .F. ) ;
#7169 = ADVANCED_FACE ( 'NONE', ( #639 ), #6532, .T. ) ;
#7170 = VERTEX_POINT ( 'NONE', #6725 ) ;
#7171 = LINE ( 'NONE', #5220, #11023 ) ;
#7172 = VECTOR ( 'NONE', #3278, 1000.000000000000000 ) ;
#7173 = CARTESIAN_POINT ( 'NONE',  ( 4.356929999999991310, 109.9710000000000036, 0.000000000000000000 ) ) ;
#7174 = AXIS2_PLACEMENT_3D ( 'NONE', #10401, #4402, #5378 ) ;
#7175 = FACE_OUTER_BOUND ( 'NONE', #11401, .T. ) ;
#7176 = AXIS2_PLACEMENT_3D ( 'NONE', #6693, #5654, #6761 ) ;
#7177 = DIRECTION ( 'NONE',  ( -0.000000000000000000, -0.000000000000000000, -1.000000000000000000 ) ) ;
#7178 = DIRECTION ( 'NONE',  ( -1.000000000000000000, -0.000000000000000000, -0.000000000000000000 ) ) ;
#7179 = ADVANCED_FACE ( 'NONE', ( #6662 ), #5494, .T. ) ;
#7180 = FACE_OUTER_BOUND ( 'NONE', #233, .T. ) ;
#7181 = VECTOR ( 'NONE', #8686, 1000.000000000000000 ) ;
#7182 = DIRECTION ( 'NONE',  ( -0.000000000000000000, 0.000000000000000000, -1.000000000000000000 ) ) ;
#7183 = ORIENTED_EDGE ( 'NONE', *, *, #3559, .T. ) ;
#7184 = CARTESIAN_POINT ( 'NONE',  ( 55.00719999999999743, 59.82189999999999941, 3.000000000000000000 ) ) ;
#7185 = VECTOR ( 'NONE', #9785, 1000.000000000000000 ) ;
#7186 = VERTEX_POINT ( 'NONE', #3656 ) ;
#7187 = VERTEX_POINT ( 'NONE', #2986 ) ;
#7188 = ORIENTED_EDGE ( 'NONE', *, *, #2477, .T. ) ;
#7189 = LINE ( 'NONE', #6339, #905 ) ;
#7190 = PLANE ( 'NONE',  #6346 ) ;
#7191 = VECTOR ( 'NONE', #4491, 1000.000000000000000 ) ;
#7192 = ADVANCED_FACE ( 'NONE', ( #8493 ), #8748, .T. ) ;
#7193 = LINE ( 'NONE', #11175, #8796 ) ;
#7194 = PLANE ( 'NONE',  #8703 ) ;
#7195 = EDGE_CURVE ( 'NONE', #7898, #10697, #10445, .T. ) ;
#7196 = PLANE ( 'NONE',  #10385 ) ;
#7197 = CARTESIAN_POINT ( 'NONE',  ( 14.38193000000002009, -4.565918000000003474, 0.000000000000000000 ) ) ;
#7198 = CYLINDRICAL_SURFACE ( 'NONE', #8266, 1.250000000000001110 ) ;
#7199 = VECTOR ( 'NONE', #5449, 1000.000000000000000 ) ;
#7200 = CARTESIAN_POINT ( 'NONE',  ( 178.5440000000000111, 126.4969999999999999, 0.000000000000000000 ) ) ;
#7201 = ORIENTED_EDGE ( 'NONE', *, *, #3857, .F. ) ;
#7202 = ORIENTED_EDGE ( 'NONE', *, *, #63, .F. ) ;
#7204 = ORIENTED_EDGE ( 'NONE', *, *, #5890, .F. ) ;
#7203 = LINE ( 'NONE', #4399, #11520 ) ;
#7205 = LINE ( 'NONE', #11, #144 ) ;
#7206 = ORIENTED_EDGE ( 'NONE', *, *, #9290, .T. ) ;
#7207 = VECTOR ( 'NONE', #6031, 1000.000000000000000 ) ;
#7208 = LINE ( 'NONE', #4341, #4538 ) ;
#7209 = EDGE_CURVE ( 'NONE', #2994, #247, #1691, .T. ) ;
#7210 = CARTESIAN_POINT ( 'NONE',  ( 78.81969999999999743, 83.92270000000000607, 3.000000000000000000 ) ) ;
#7211 = CARTESIAN_POINT ( 'NONE',  ( 49.95649999999999835, 59.82189999999999941, 0.000000000000000000 ) ) ;
#7212 = DIRECTION ( 'NONE',  ( -1.000000000000000000, 0.000000000000000000, 0.000000000000000000 ) ) ;
#7213 = DIRECTION ( 'NONE',  ( 0.000000000000000000, -0.000000000000000000, -1.000000000000000000 ) ) ;
#7214 = EDGE_CURVE ( 'NONE', #247, #3769, #517, .T. ) ;
#7215 = VECTOR ( 'NONE', #6090, 1000.000000000000000 ) ;
#7216 = ORIENTED_EDGE ( 'NONE', *, *, #12531, .F. ) ;
#7217 = VERTEX_POINT ( 'NONE', #2547 ) ;
#7218 = ORIENTED_EDGE ( 'NONE', *, *, #11309, .T. ) ;
#7219 = PLANE ( 'NONE',  #3411 ) ;
#7220 = ORIENTED_EDGE ( 'NONE', *, *, #10331, .T. ) ;
#7221 = FACE_OUTER_BOUND ( 'NONE', #6000, .T. ) ;
#7222 = DIRECTION ( 'NONE',  ( -0.000000000000000000, -0.000000000000000000, -1.000000000000000000 ) ) ;
#7223 = LINE ( 'NONE', #11209, #11812 ) ;
#7224 = AXIS2_PLACEMENT_3D ( 'NONE', #4440, #6269, #10433 ) ;
#7225 = CARTESIAN_POINT ( 'NONE',  ( 33.57589999999999719, 17.02149999999999963, 0.000000000000000000 ) ) ;
#7226 = DIRECTION ( 'NONE',  ( -1.000000000000000000, 0.000000000000000000, 0.000000000000000000 ) ) ;
#7227 = CARTESIAN_POINT ( 'NONE',  ( 78.81969999999999743, 83.92270000000000607, 0.000000000000000000 ) ) ;
#7228 = EDGE_CURVE ( 'NONE', #5966, #9964, #9656, .T. ) ;
#7230 = VERTEX_POINT ( 'NONE', #12474 ) ;
#7229 = EDGE_LOOP ( 'NONE', ( #9904, #7559, #3581, #8545 ) ) ;
#7231 = EDGE_CURVE ( 'NONE', #8012, #8208, #4703, .T. ) ;
#7232 = EDGE_CURVE ( 'NONE', #541, #6941, #10703, .T. ) ;
#7233 = ORIENTED_EDGE ( 'NONE', *, *, #7597, .F. ) ;
#7234 = DIRECTION ( 'NONE',  ( -0.000000000000000000, -0.000000000000000000, -1.000000000000000000 ) ) ;
#7235 = ORIENTED_EDGE ( 'NONE', *, *, #7630, .T. ) ;
#7236 = VECTOR ( 'NONE', #4857, 1000.000000000000000 ) ;
#7237 = EDGE_LOOP ( 'NONE', ( #4762, #3721, #6096, #1056 ) ) ;
#7238 = VECTOR ( 'NONE', #10543, 1000.000000000000000 ) ;
#7239 = ORIENTED_EDGE ( 'NONE', *, *, #12551, .F. ) ;
#7240 = DIRECTION ( 'NONE',  ( 0.000000000000000000, 0.000000000000000000, 1.000000000000000000 ) ) ;
#7241 = CARTESIAN_POINT ( 'NONE',  ( 157.1129999999999995, 50.52170000000000272, 3.000000000000000000 ) ) ;
#7242 = DIRECTION ( 'NONE',  ( 0.000000000000000000, 1.000000000000000000, 0.000000000000000000 ) ) ;
#7243 = CARTESIAN_POINT ( 'NONE',  ( 160.3619999999999948, 59.27230000000000132, 3.000000000000000000 ) ) ;
#7244 = VECTOR ( 'NONE', #4289, 1000.000000000000000 ) ;
#7245 = CARTESIAN_POINT ( 'NONE',  ( 50.82469999999999999, 7.952670000000000350, 3.000000000000000000 ) ) ;
#7246 = EDGE_CURVE ( 'NONE', #1157, #2008, #583, .T. ) ;
#7247 = VECTOR ( 'NONE', #5894, 1000.000000000000000 ) ;
#7248 = CARTESIAN_POINT ( 'NONE',  ( 136.5620000000000118, 45.07159999999999656, 3.000000000000000000 ) ) ;
#7249 = EDGE_CURVE ( 'NONE', #6911, #43, #7944, .T. ) ;
#7250 = FACE_OUTER_BOUND ( 'NONE', #1603, .T. ) ;
#7251 = EDGE_LOOP ( 'NONE', ( #1990, #8500, #7960, #6106 ) ) ;
#7252 = CARTESIAN_POINT ( 'NONE',  ( 197.3819299999999828, -2.065918000000003474, 0.000000000000000000 ) ) ;
#7253 = VECTOR ( 'NONE', #1777, 1000.000000000000000 ) ;
#7254 = ORIENTED_EDGE ( 'NONE', *, *, #11097, .F. ) ;
#7255 = EDGE_LOOP ( 'NONE', ( #4445, #9014, #841, #918 ) ) ;
#7256 = VECTOR ( 'NONE', #3370, 1000.000000000000000 ) ;
#7257 = VERTEX_POINT ( 'NONE', #7700 ) ;
#7258 = PLANE ( 'NONE',  #10501 ) ;
#7259 = AXIS2_PLACEMENT_3D ( 'NONE', #1600, #9372, #3506 ) ;
#7260 = EDGE_CURVE ( 'NONE', #11101, #7475, #2741, .T. ) ;
#7261 = CARTESIAN_POINT ( 'NONE',  ( 49.10099999999999909, 7.952670000000000350, 3.000000000000000000 ) ) ;
#7262 = DIRECTION ( 'NONE',  ( 0.000000000000000000, -0.000000000000000000, -1.000000000000000000 ) ) ;
#7263 = CARTESIAN_POINT ( 'NONE',  ( 150.2570000000000050, 78.87189999999999657, 0.000000000000000000 ) ) ;
#7264 = VECTOR ( 'NONE', #8052, 1000.000000000000000 ) ;
#7265 = CARTESIAN_POINT ( 'NONE',  ( 59.48149999999999693, 26.77250000000000085, 3.000000000000000000 ) ) ;
#7266 = LINE ( 'NONE', #519, #3462 ) ;
#7267 = CARTESIAN_POINT ( 'NONE',  ( 0.09392999999999207539, 81.39100000000000534, 0.000000000000000000 ) ) ;
#7268 = ADVANCED_FACE ( 'NONE', ( #3591 ), #10577, .T. ) ;
#7269 = LINE ( 'NONE', #1120, #7207 ) ;
#7270 = ORIENTED_EDGE ( 'NONE', *, *, #9952, .T. ) ;
#7271 = VERTEX_POINT ( 'NONE', #5750 ) ;
#7273 = VERTEX_POINT ( 'NONE', #9720 ) ;
#7272 = DIRECTION ( 'NONE',  ( 0.000000000000000000, -1.000000000000000000, 0.000000000000000000 ) ) ;
#7274 = AXIS2_PLACEMENT_3D ( 'NONE', #6726, #11487, #5563 ) ;
#7275 = EDGE_CURVE ( 'NONE', #1009, #6574, #2614, .T. ) ;
#7276 = CARTESIAN_POINT ( 'NONE',  ( 49.10099999999999909, 7.952670000000000350, 3.000000000000000000 ) ) ;
#7277 = VERTEX_POINT ( 'NONE', #6599 ) ;
#7278 = DIRECTION ( 'NONE',  ( -1.000000000000000000, 0.000000000000000000, 0.000000000000000000 ) ) ;
#7279 = CARTESIAN_POINT ( 'NONE',  ( 9.618929999999991765, 81.39100000000001955, 3.000000000000000000 ) ) ;
#7280 = DIRECTION ( 'NONE',  ( -0.000000000000000000, -0.000000000000000000, -1.000000000000000000 ) ) ;
#7281 = FACE_OUTER_BOUND ( 'NONE', #7607, .T. ) ;
#7282 = VERTEX_POINT ( 'NONE', #1630 ) ;
#7283 = EDGE_CURVE ( 'NONE', #6699, #10294, #5625, .T. ) ;
#7284 = ORIENTED_EDGE ( 'NONE', *, *, #10624, .F. ) ;
#7285 = VERTEX_POINT ( 'NONE', #1020 ) ;
#7286 = EDGE_CURVE ( 'NONE', #12716, #9928, #4163, .T. ) ;
#7287 = LINE ( 'NONE', #2453, #7451 ) ;
#7288 = EDGE_LOOP ( 'NONE', ( #4140, #8868, #4860, #9822 ) ) ;
#7289 = CARTESIAN_POINT ( 'NONE',  ( 134.8369999999999891, 52.32260000000000133, 3.000000000000000000 ) ) ;
#7290 = FACE_OUTER_BOUND ( 'NONE', #619, .T. ) ;
#7291 = EDGE_CURVE ( 'NONE', #10697, #2798, #569, .T. ) ;
#7292 = LINE ( 'NONE', #2392, #901 ) ;
#7293 = PLANE ( 'NONE',  #3302 ) ;
#7294 = DIRECTION ( 'NONE',  ( 0.000000000000000000, 0.000000000000000000, -1.000000000000000000 ) ) ;
#7295 = EDGE_CURVE ( 'NONE', #7495, #1257, #6839, .T. ) ;
#7297 = ORIENTED_EDGE ( 'NONE', *, *, #1687, .F. ) ;
#7296 = ORIENTED_EDGE ( 'NONE', *, *, #720, .F. ) ;
#7298 = EDGE_LOOP ( 'NONE', ( #11976, #4220, #2430, #5023 ) ) ;
#7299 = DIRECTION ( 'NONE',  ( 0.000000000000000000, -0.000000000000000000, 1.000000000000000000 ) ) ;
#7300 = VERTEX_POINT ( 'NONE', #1216 ) ;
#7301 = ORIENTED_EDGE ( 'NONE', *, *, #1291, .T. ) ;
#7302 = EDGE_LOOP ( 'NONE', ( #9711, #525, #2019, #282 ) ) ;
#7303 = DIRECTION ( 'NONE',  ( -0.000000000000000000, 1.000000000000000000, -0.000000000000000000 ) ) ;
#7304 = CARTESIAN_POINT ( 'NONE',  ( 145.4930000000000234, 93.22150000000000603, 3.000000000000000000 ) ) ;
#7305 = DIRECTION ( 'NONE',  ( -0.000000000000000000, -0.000000000000000000, -1.000000000000000000 ) ) ;
#7306 = CARTESIAN_POINT ( 'NONE',  ( 163.6630000000000109, 58.35159999999999769, 3.000000000000000000 ) ) ;
#7307 = EDGE_CURVE ( 'NONE', #9692, #2850, #5018, .T. ) ;
#7308 = EDGE_CURVE ( 'NONE', #2994, #2291, #4035, .T. ) ;
#7309 = PLANE ( 'NONE',  #7143 ) ;
#7310 = DIRECTION ( 'NONE',  ( 0.000000000000000000, 1.000000000000000000, 0.000000000000000000 ) ) ;
#7311 = DIRECTION ( 'NONE',  ( 1.000000000000000000, 0.000000000000000000, -0.000000000000000000 ) ) ;
#7312 = EDGE_LOOP ( 'NONE', ( #11080, #4646, #4676, #631 ) ) ;
#7313 = DIRECTION ( 'NONE',  ( 0.000000000000000000, 1.000000000000000000, 0.000000000000000000 ) ) ;
#7314 = ORIENTED_EDGE ( 'NONE', *, *, #10226, .T. ) ;
#7315 = ORIENTED_EDGE ( 'NONE', *, *, #2094, .F. ) ;
#7316 = ORIENTED_EDGE ( 'NONE', *, *, #3267, .T. ) ;
#7317 = CARTESIAN_POINT ( 'NONE',  ( 21.38169999999999860, 112.4980000000000047, 3.000000000000000000 ) ) ;
#7318 = EDGE_CURVE ( 'NONE', #11723, #6688, #8268, .T. ) ;
#7319 = CARTESIAN_POINT ( 'NONE',  ( 9.106929999999980652, 131.5209999999999866, 0.000000000000000000 ) ) ;
#7320 = LINE ( 'NONE', #6598, #5258 ) ;
#7321 = VECTOR ( 'NONE', #754, 1000.000000000000000 ) ;
#7322 = DIRECTION ( 'NONE',  ( -0.000000000000000000, -0.000000000000000000, -1.000000000000000000 ) ) ;
#7323 = DIRECTION ( 'NONE',  ( -0.000000000000000000, -0.000000000000000000, -1.000000000000000000 ) ) ;
#7324 = CARTESIAN_POINT ( 'NONE',  ( 97.58150000000000546, 112.4980000000000047, 3.000000000000000000 ) ) ;
#7325 = CARTESIAN_POINT ( 'NONE',  ( 24.47530000000000072, 14.22269999999999968, 3.000000000000000000 ) ) ;
#7326 = EDGE_CURVE ( 'NONE', #7285, #2589, #5145, .T. ) ;
#7327 = DIRECTION ( 'NONE',  ( -1.000000000000000000, -0.000000000000000000, -0.000000000000000000 ) ) ;
#7328 = EDGE_LOOP ( 'NONE', ( #7918, #1208, #10499, #10818, #3954, #10515, #1442, #8240, #12766, #2721, #12632, #5554, #8669, #12580, #10262, #8341, #7460, #9522, #8437, #316, #4879, #9034, #4122, #3026, #4508, #4875, #7749, #1736, #2156, #766, #5506, #120, #11205, #5950, #3495, #10956, #11289, #175, #1319, #12158, #4645, #6716, #10342, #9994 ) ) ;
#7329 = ORIENTED_EDGE ( 'NONE', *, *, #6279, .T. ) ;
#7330 = VECTOR ( 'NONE', #2894, 1000.000000000000000 ) ;
#7332 = ORIENTED_EDGE ( 'NONE', *, *, #4927, .T. ) ;
#7331 = DIRECTION ( 'NONE',  ( 0.000000000000000000, 1.000000000000000000, -0.000000000000000000 ) ) ;
#7333 = DIRECTION ( 'NONE',  ( 1.000000000000000000, 0.000000000000000000, 0.000000000000000000 ) ) ;
#7334 = VERTEX_POINT ( 'NONE', #8003 ) ;
#7335 = DIRECTION ( 'NONE',  ( -0.000000000000000000, -0.000000000000000000, -1.000000000000000000 ) ) ;
#7336 = CARTESIAN_POINT ( 'NONE',  ( 145.4950000000000045, 16.95949999999999847, 3.000000000000000000 ) ) ;
#7337 = LINE ( 'NONE', #7467, #8302 ) ;
#7338 = CIRCLE ( 'NONE', #12758, 1.250000000000001110 ) ;
#7339 = CARTESIAN_POINT ( 'NONE',  ( 14.38193000000002364, -3.565918000000004806, 3.000000000000000000 ) ) ;
#7340 = ADVANCED_FACE ( 'NONE', ( #3182 ), #7031, .T. ) ;
#7341 = CARTESIAN_POINT ( 'NONE',  ( 20.63193000000001120, 14.24100000000001742, -7.000000000000000000 ) ) ;
#7342 = AXIS2_PLACEMENT_3D ( 'NONE', #7813, #6055, #11073 ) ;
#7343 = ORIENTED_EDGE ( 'NONE', *, *, #9857, .F. ) ;
#7344 = ORIENTED_EDGE ( 'NONE', *, *, #11997, .F. ) ;
#7345 = ORIENTED_EDGE ( 'NONE', *, *, #11510, .F. ) ;
#7346 = CARTESIAN_POINT ( 'NONE',  ( 165.3880000000000052, 55.12149999999999750, 0.000000000000000000 ) ) ;
#7347 = VERTEX_POINT ( 'NONE', #1081 ) ;
#7348 = LINE ( 'NONE', #3177, #12657 ) ;
#7349 = ADVANCED_FACE ( 'NONE', ( #12114 ), #1147, .T. ) ;
#7350 = CARTESIAN_POINT ( 'NONE',  ( 90.71346499999999935, 102.9218999999999937, -7.000000000000000000 ) ) ;
#7351 = CARTESIAN_POINT ( 'NONE',  ( 64.53220000000000312, 40.77190000000000225, 0.000000000000000000 ) ) ;
#7352 = FACE_OUTER_BOUND ( 'NONE', #8774, .T. ) ;
#7354 = VERTEX_POINT ( 'NONE', #99 ) ;
#7353 = ORIENTED_EDGE ( 'NONE', *, *, #3051, .T. ) ;
#7355 = ORIENTED_EDGE ( 'NONE', *, *, #5256, .T. ) ;
#7356 = FACE_OUTER_BOUND ( 'NONE', #2273, .T. ) ;
#7357 = VECTOR ( 'NONE', #4470, 1000.000000000000000 ) ;
#7358 = VERTEX_POINT ( 'NONE', #9121 ) ;
#7359 = VERTEX_POINT ( 'NONE', #223 ) ;
#7360 = ORIENTED_EDGE ( 'NONE', *, *, #6905, .F. ) ;
#7361 = CARTESIAN_POINT ( 'NONE',  ( 116.6320000000000192, 40.77190000000000225, 3.000000000000000000 ) ) ;
#7362 = CARTESIAN_POINT ( 'NONE',  ( 50.82469999999999999, 6.972859999999999836, 3.000000000000000000 ) ) ;
#7363 = DIRECTION ( 'NONE',  ( -0.000000000000000000, -0.000000000000000000, -1.000000000000000000 ) ) ;
#7364 = CARTESIAN_POINT ( 'NONE',  ( 35.95720000000000027, 45.82269999999999754, 3.000000000000000000 ) ) ;
#7365 = DIRECTION ( 'NONE',  ( -0.000000000000000000, -0.000000000000000000, -1.000000000000000000 ) ) ;
#7366 = EDGE_CURVE ( 'NONE', #4898, #10884, #9970, .T. ) ;
#7367 = CARTESIAN_POINT ( 'NONE',  ( 32.05040000000000333, 7.952670000000000350, 3.000000000000000000 ) ) ;
#7368 = FACE_OUTER_BOUND ( 'NONE', #8659, .T. ) ;
#7369 = ORIENTED_EDGE ( 'NONE', *, *, #11999, .T. ) ;
#7370 = FACE_OUTER_BOUND ( 'NONE', #364, .T. ) ;
#7371 = ORIENTED_EDGE ( 'NONE', *, *, #9450, .F. ) ;
#7372 = ADVANCED_FACE ( 'NONE', ( #2199 ), #12184, .T. ) ;
#7373 = ORIENTED_EDGE ( 'NONE', *, *, #6700, .F. ) ;
#7374 = ORIENTED_EDGE ( 'NONE', *, *, #11615, .F. ) ;
#7375 = EDGE_CURVE ( 'NONE', #5191, #3309, #6188, .T. ) ;
#7376 = DIRECTION ( 'NONE',  ( 0.000000000000000000, -1.000000000000000000, 0.000000000000000000 ) ) ;
#7377 = VECTOR ( 'NONE', #1788, 1000.000000000000000 ) ;
#7378 = CARTESIAN_POINT ( 'NONE',  ( 26.43220000000000169, 40.77190000000000225, 3.000000000000000000 ) ) ;
#7379 = CARTESIAN_POINT ( 'NONE',  ( 183.5949999999999989, 16.95949999999999847, 3.000000000000000000 ) ) ;
#7380 = CARTESIAN_POINT ( 'NONE',  ( 116.6320000000000192, 112.4980000000000047, 0.000000000000000000 ) ) ;
#7381 = DIRECTION ( 'NONE',  ( 0.000000000000000000, 0.000000000000000000, 1.000000000000000000 ) ) ;
#7382 = AXIS2_PLACEMENT_3D ( 'NONE', #10206, #5249, #9225 ) ;
#7383 = CARTESIAN_POINT ( 'NONE',  ( 97.86830000000000496, 97.92189999999999372, 0.000000000000000000 ) ) ;
#7384 = DIRECTION ( 'NONE',  ( 0.000000000000000000, -1.000000000000000000, 0.000000000000000000 ) ) ;
#7385 = ORIENTED_EDGE ( 'NONE', *, *, #8777, .T. ) ;
#7386 = EDGE_CURVE ( 'NONE', #1223, #8095, #6632, .T. ) ;
#7387 = DIRECTION ( 'NONE',  ( 0.000000000000000000, 0.000000000000000000, 1.000000000000000000 ) ) ;
#7388 = VERTEX_POINT ( 'NONE', #4097 ) ;
#7389 = EDGE_LOOP ( 'NONE', ( #8601, #7951, #8436, #4403 ) ) ;
#7390 = CARTESIAN_POINT ( 'NONE',  ( 40.71970000000000312, 97.92189999999999372, 3.000000000000000000 ) ) ;
#7391 = EDGE_CURVE ( 'NONE', #9810, #7186, #4293, .T. ) ;
#7392 = VECTOR ( 'NONE', #1761, 1000.000000000000000 ) ;
#7394 = ORIENTED_EDGE ( 'NONE', *, *, #6177, .F. ) ;
#7393 = DIRECTION ( 'NONE',  ( 1.000000000000000000, 0.000000000000000000, 0.000000000000000000 ) ) ;
#7395 = DIRECTION ( 'NONE',  ( -0.000000000000000000, -0.000000000000000000, 1.000000000000000000 ) ) ;
#7396 = ORIENTED_EDGE ( 'NONE', *, *, #588, .F. ) ;
#7397 = CARTESIAN_POINT ( 'NONE',  ( 56.67589999999999861, 14.22269999999999968, 3.000000000000000000 ) ) ;
#7398 = LINE ( 'NONE', #11446, #5927 ) ;
#7399 = DIRECTION ( 'NONE',  ( -0.000000000000000000, -0.000000000000000000, -1.000000000000000000 ) ) ;
#7400 = VECTOR ( 'NONE', #892, 1000.000000000000000 ) ;
#7401 = DIRECTION ( 'NONE',  ( 0.000000000000000000, 0.000000000000000000, 1.000000000000000000 ) ) ;
#7402 = EDGE_CURVE ( 'NONE', #6128, #9312, #10945, .T. ) ;
#7403 = DIRECTION ( 'NONE',  ( 0.000000000000000000, 0.000000000000000000, 1.000000000000000000 ) ) ;
#7404 = EDGE_LOOP ( 'NONE', ( #2933, #4041, #3553, #10780 ) ) ;
#7405 = ORIENTED_EDGE ( 'NONE', *, *, #12306, .T. ) ;
#7406 = EDGE_LOOP ( 'NONE', ( #8786, #7117, #10814, #3545 ) ) ;
#7407 = LINE ( 'NONE', #4286, #5172 ) ;
#7408 = AXIS2_PLACEMENT_3D ( 'NONE', #10728, #11702, #8835 ) ;
#7409 = ORIENTED_EDGE ( 'NONE', *, *, #8898, .F. ) ;
#7410 = FACE_BOUND ( 'NONE', #2414, .T. ) ;
#7411 = ADVANCED_FACE ( 'NONE', ( #12055 ), #3119, .T. ) ;
#7412 = DIRECTION ( 'NONE',  ( -0.000000000000000000, -0.000000000000000000, 1.000000000000000000 ) ) ;
#7413 = DIRECTION ( 'NONE',  ( -0.000000000000000000, -1.000000000000000000, -0.000000000000000000 ) ) ;
#7414 = DIRECTION ( 'NONE',  ( 0.000000000000000000, 0.000000000000000000, 1.000000000000000000 ) ) ;
#7415 = VECTOR ( 'NONE', #8169, 1000.000000000000000 ) ;
#7417 = ORIENTED_EDGE ( 'NONE', *, *, #365, .F. ) ;
#7416 = ORIENTED_EDGE ( 'NONE', *, *, #6683, .F. ) ;
#7418 = VERTEX_POINT ( 'NONE', #8526 ) ;
#7419 = EDGE_CURVE ( 'NONE', #11032, #4898, #9501, .T. ) ;
#7420 = CARTESIAN_POINT ( 'NONE',  ( 90.71346499999999935, 102.9218999999999937, 3.000000000000000000 ) ) ;
#7421 = ORIENTED_EDGE ( 'NONE', *, *, #7926, .F. ) ;
#7422 = EDGE_LOOP ( 'NONE', ( #3650, #4732, #10118, #553 ) ) ;
#7423 = CARTESIAN_POINT ( 'NONE',  ( 137.2179999999999893, 93.22150000000000603, 3.000000000000000000 ) ) ;
#7424 = VECTOR ( 'NONE', #3930, 1000.000000000000000 ) ;
#7425 = ADVANCED_FACE ( 'NONE', ( #7352 ), #5333, .T. ) ;
#7426 = DIRECTION ( 'NONE',  ( 0.000000000000000000, 0.000000000000000000, -1.000000000000000000 ) ) ;
#7427 = DIRECTION ( 'NONE',  ( 1.000000000000000000, 0.000000000000000000, 0.000000000000000000 ) ) ;
#7428 = CARTESIAN_POINT ( 'NONE',  ( 188.3569999999999993, 45.82269999999999754, 3.000000000000000000 ) ) ;
#7429 = DIRECTION ( 'NONE',  ( -0.000000000000000000, -0.000000000000000000, -1.000000000000000000 ) ) ;
#7430 = CARTESIAN_POINT ( 'NONE',  ( 142.8249999999999886, 26.77250000000000085, 3.000000000000000000 ) ) ;
#7431 = VECTOR ( 'NONE', #11196, 1000.000000000000000 ) ;
#7432 = CARTESIAN_POINT ( 'NONE',  ( 143.1119999999999948, 55.12149999999999750, 0.000000000000000000 ) ) ;
#7433 = VECTOR ( 'NONE', #4079, 1000.000000000000000 ) ;
#7434 = ORIENTED_EDGE ( 'NONE', *, *, #7580, .F. ) ;
#7435 = CARTESIAN_POINT ( 'NONE',  ( 40.43149999999999977, 26.77250000000000085, 3.000000000000000000 ) ) ;
#7436 = ORIENTED_EDGE ( 'NONE', *, *, #3029, .T. ) ;
#7437 = ORIENTED_EDGE ( 'NONE', *, *, #12419, .F. ) ;
#7438 = ORIENTED_EDGE ( 'NONE', *, *, #9021, .F. ) ;
#7439 = CARTESIAN_POINT ( 'NONE',  ( 136.3940000000000055, 93.22150000000000603, 3.000000000000000000 ) ) ;
#7440 = EDGE_CURVE ( 'NONE', #10988, #8951, #2460, .T. ) ;
#7441 = VECTOR ( 'NONE', #12729, 1000.000000000000000 ) ;
#7442 = LINE ( 'NONE', #1433, #3007 ) ;
#7443 = CARTESIAN_POINT ( 'NONE',  ( 95.48710000000001230, 21.72200000000000131, 3.000000000000000000 ) ) ;
#7444 = CIRCLE ( 'NONE', #1188, 1.250000000000001110 ) ;
#7445 = LINE ( 'NONE', #11426, #9128 ) ;
#7446 = EDGE_CURVE ( 'NONE', #12353, #10374, #7538, .T. ) ;
#7447 = LINE ( 'NONE', #2362, #8093 ) ;
#7448 = AXIS2_PLACEMENT_3D ( 'NONE', #5146, #9185, #4226 ) ;
#7449 = CARTESIAN_POINT ( 'NONE',  ( 97.58150000000000546, 112.4980000000000047, 3.000000000000000000 ) ) ;
#7450 = DIRECTION ( 'NONE',  ( 0.000000000000000000, -0.000000000000000000, 1.000000000000000000 ) ) ;
#7451 = VECTOR ( 'NONE', #6496, 1000.000000000000000 ) ;
#7452 = CARTESIAN_POINT ( 'NONE',  ( 188.3569999999999993, 64.87269999999999470, 0.000000000000000000 ) ) ;
#7453 = ORIENTED_EDGE ( 'NONE', *, *, #8020, .T. ) ;
#7454 = DIRECTION ( 'NONE',  ( 0.000000000000000000, -0.000000000000000000, -1.000000000000000000 ) ) ;
#7455 = EDGE_LOOP ( 'NONE', ( #3995, #5259, #12319, #12732 ) ) ;
#7456 = EDGE_LOOP ( 'NONE', ( #7769, #10277, #5831, #184 ) ) ;
#7457 = AXIS2_PLACEMENT_3D ( 'NONE', #12593, #7631, #704 ) ;
#7458 = DIRECTION ( 'NONE',  ( -0.000000000000000000, 1.000000000000000000, -0.000000000000000000 ) ) ;
#7460 = ORIENTED_EDGE ( 'NONE', *, *, #3035, .F. ) ;
#7459 = CARTESIAN_POINT ( 'NONE',  ( 145.4950000000000045, 112.4980000000000047, 3.000000000000000000 ) ) ;
#7461 = LINE ( 'NONE', #3544, #11345 ) ;
#7462 = EDGE_LOOP ( 'NONE', ( #4106, #6590, #4541, #11522 ) ) ;
#7463 = CARTESIAN_POINT ( 'NONE',  ( 14.38192999999999344, 61.84100000000002240, 0.000000000000000000 ) ) ;
#7464 = LINE ( 'NONE', #6485, #6207 ) ;
#7465 = DIRECTION ( 'NONE',  ( -1.000000000000000000, -0.000000000000000000, -0.000000000000000000 ) ) ;
#7466 = EDGE_CURVE ( 'NONE', #5665, #4978, #1337, .T. ) ;
#7467 = CARTESIAN_POINT ( 'NONE',  ( 47.57529999999999859, 21.72200000000000131, 3.000000000000000000 ) ) ;
#7468 = EDGE_CURVE ( 'NONE', #6164, #12889, #3376, .T. ) ;
#7469 = CARTESIAN_POINT ( 'NONE',  ( 109.4879999999999995, 21.72200000000000131, 3.000000000000000000 ) ) ;
#7470 = LINE ( 'NONE', #11449, #2610 ) ;
#7471 = VECTOR ( 'NONE', #6224, 1000.000000000000000 ) ;
#7472 = EDGE_LOOP ( 'NONE', ( #3684, #2400, #6400, #7885 ) ) ;
#7473 = ORIENTED_EDGE ( 'NONE', *, *, #37, .F. ) ;
#7474 = DIRECTION ( 'NONE',  ( -1.000000000000000000, 0.000000000000000000, 0.000000000000000000 ) ) ;
#7475 = VERTEX_POINT ( 'NONE', #8462 ) ;
#7476 = FACE_BOUND ( 'NONE', #11190, .T. ) ;
#7477 = ADVANCED_FACE ( 'NONE', ( #10419 ), #12443, .T. ) ;
#7478 = DIRECTION ( 'NONE',  ( -0.000000000000000000, -0.000000000000000000, -1.000000000000000000 ) ) ;
#7479 = LINE ( 'NONE', #2712, #2377 ) ;
#7480 = DIRECTION ( 'NONE',  ( -0.000000000000000000, -0.000000000000000000, -1.000000000000000000 ) ) ;
#7482 = VERTEX_POINT ( 'NONE', #11395 ) ;
#7481 = ORIENTED_EDGE ( 'NONE', *, *, #9824, .T. ) ;
#7483 = ORIENTED_EDGE ( 'NONE', *, *, #7468, .F. ) ;
#7484 = LINE ( 'NONE', #1222, #6982 ) ;
#7485 = ORIENTED_EDGE ( 'NONE', *, *, #3945, .F. ) ;
#7486 = ORIENTED_EDGE ( 'NONE', *, *, #736, .T. ) ;
#7487 = CARTESIAN_POINT ( 'NONE',  ( 135.6819999999999879, 126.4969999999999999, 0.000000000000000000 ) ) ;
#7488 = DIRECTION ( 'NONE',  ( -1.000000000000000000, -1.456985596620940580E-15, 0.000000000000000000 ) ) ;
#7489 = LINE ( 'NONE', #10490, #7155 ) ;
#7490 = CARTESIAN_POINT ( 'NONE',  ( 197.3819299999999828, -2.065918000000003474, 0.000000000000000000 ) ) ;
#7491 = ADVANCED_FACE ( 'NONE', ( #9435 ), #5530, .T. ) ;
#7492 = LINE ( 'NONE', #6777, #3696 ) ;
#7493 = LINE ( 'NONE', #5287, #8472 ) ;
#7494 = ADVANCED_FACE ( 'NONE', ( #4422 ), #7293, .T. ) ;
#7495 = VERTEX_POINT ( 'NONE', #3441 ) ;
#7496 = LINE ( 'NONE', #10498, #4064 ) ;
#7497 = ORIENTED_EDGE ( 'NONE', *, *, #339, .F. ) ;
#7498 = ORIENTED_EDGE ( 'NONE', *, *, #1253, .F. ) ;
#7499 = ORIENTED_EDGE ( 'NONE', *, *, #4099, .T. ) ;
#7500 = CARTESIAN_POINT ( 'NONE',  ( 208.8829999999999529, -4.565917999999999921, 3.000000000000000000 ) ) ;
#7501 = LINE ( 'NONE', #8548, #4476 ) ;
#7502 = DIRECTION ( 'NONE',  ( 0.000000000000000000, 1.000000000000000000, -0.000000000000000000 ) ) ;
#7503 = EDGE_CURVE ( 'NONE', #6109, #8083, #10587, .T. ) ;
#7504 = CARTESIAN_POINT ( 'NONE',  ( 206.1330000000000098, 105.4340820000000178, 0.000000000000000000 ) ) ;
#7505 = DIRECTION ( 'NONE',  ( 0.000000000000000000, 0.000000000000000000, -1.000000000000000000 ) ) ;
#7506 = DIRECTION ( 'NONE',  ( 0.000000000000000000, 0.000000000000000000, 1.000000000000000000 ) ) ;
#7507 = EDGE_CURVE ( 'NONE', #8369, #5191, #4551, .T. ) ;
#7508 = DIRECTION ( 'NONE',  ( 1.821231995776175725E-16, -1.000000000000000000, 0.000000000000000000 ) ) ;
#7509 = DIRECTION ( 'NONE',  ( -0.000000000000000000, -0.000000000000000000, -1.000000000000000000 ) ) ;
#7510 = ORIENTED_EDGE ( 'NONE', *, *, #10049, .F. ) ;
#7511 = ORIENTED_EDGE ( 'NONE', *, *, #5122, .F. ) ;
#7512 = DIRECTION ( 'NONE',  ( -0.000000000000000000, -1.000000000000000000, -0.000000000000000000 ) ) ;
#7514 = ORIENTED_EDGE ( 'NONE', *, *, #12830, .T. ) ;
#7513 = CARTESIAN_POINT ( 'NONE',  ( 5.856929999999982428, 133.0209999999999866, 0.000000000000000000 ) ) ;
#7515 = EDGE_CURVE ( 'NONE', #4892, #2949, #360, .T. ) ;
#7516 = CARTESIAN_POINT ( 'NONE',  ( 165.3880000000000052, 55.12149999999999750, 3.000000000000000000 ) ) ;
#7517 = ORIENTED_EDGE ( 'NONE', *, *, #4310, .F. ) ;
#7518 = CARTESIAN_POINT ( 'NONE',  ( 202.3569999999999993, 45.82269999999999754, 3.000000000000000000 ) ) ;
#7519 = ADVANCED_FACE ( 'NONE', ( #11459 ), #5598, .T. ) ;
#7520 = DIRECTION ( 'NONE',  ( 1.000000000000000000, 0.000000000000000000, 0.000000000000000000 ) ) ;
#7521 = LINE ( 'NONE', #10655, #4859 ) ;
#7522 = CARTESIAN_POINT ( 'NONE',  ( 145.4930000000000234, 97.92189999999999372, 3.000000000000000000 ) ) ;
#7523 = EDGE_CURVE ( 'NONE', #1344, #2819, #2519, .T. ) ;
#7524 = LINE ( 'NONE', #2569, #1783 ) ;
#7525 = DIRECTION ( 'NONE',  ( 1.000000000000000000, 0.000000000000000000, 0.000000000000000000 ) ) ;
#7526 = VECTOR ( 'NONE', #3707, 1000.000000000000000 ) ;
#7527 = FACE_OUTER_BOUND ( 'NONE', #863, .T. ) ;
#7528 = VERTEX_POINT ( 'NONE', #1533 ) ;
#7529 = EDGE_LOOP ( 'NONE', ( #2463, #9443, #6302, #9679 ) ) ;
#7530 = ADVANCED_FACE ( 'NONE', ( #12507 ), #6312, .T. ) ;
#7531 = EDGE_CURVE ( 'NONE', #6245, #11053, #10352, .T. ) ;
#7532 = CARTESIAN_POINT ( 'NONE',  ( 137.2179999999999893, 93.22150000000000603, 0.000000000000000000 ) ) ;
#7533 = EDGE_LOOP ( 'NONE', ( #3399, #11460, #12919, #10190 ) ) ;
#7534 = FACE_BOUND ( 'NONE', #363, .T. ) ;
#7535 = VECTOR ( 'NONE', #6642, 1000.000000000000000 ) ;
#7536 = DIRECTION ( 'NONE',  ( 0.000000000000000000, 1.000000000000000000, 0.000000000000000000 ) ) ;
#7537 = CARTESIAN_POINT ( 'NONE',  ( 143.1119999999999948, 45.82269999999999754, 3.000000000000000000 ) ) ;
#7538 = LINE ( 'NONE', #5400, #11219 ) ;
#7539 = VECTOR ( 'NONE', #7563, 1000.000000000000000 ) ;
#7541 = EDGE_LOOP ( 'NONE', ( #10537, #7296, #4441, #9265 ) ) ;
#7540 = VERTEX_POINT ( 'NONE', #11847 ) ;
#7542 = EDGE_LOOP ( 'NONE', ( #744, #9173, #10664, #735 ) ) ;
#7543 = CARTESIAN_POINT ( 'NONE',  ( 136.5620000000000118, 58.35159999999999769, 3.000000000000000000 ) ) ;
#7544 = ORIENTED_EDGE ( 'NONE', *, *, #8387, .T. ) ;
#7545 = ORIENTED_EDGE ( 'NONE', *, *, #9437, .F. ) ;
#7546 = CARTESIAN_POINT ( 'NONE',  ( 50.82469999999999999, 21.17220000000000368, 0.000000000000000000 ) ) ;
#7547 = FACE_OUTER_BOUND ( 'NONE', #4986, .T. ) ;
#7548 = DIRECTION ( 'NONE',  ( -0.000000000000000000, -1.000000000000000000, -0.000000000000000000 ) ) ;
#7549 = DIRECTION ( 'NONE',  ( 0.000000000000000000, -1.000000000000000000, 0.000000000000000000 ) ) ;
#7550 = DIRECTION ( 'NONE',  ( 0.000000000000000000, -0.000000000000000000, 1.000000000000000000 ) ) ;
#7551 = AXIS2_PLACEMENT_3D ( 'NONE', #5834, #11029, #12132 ) ;
#7552 = CARTESIAN_POINT ( 'NONE',  ( 64.53220000000000312, 126.4969999999999999, 3.000000000000000000 ) ) ;
#7553 = EDGE_CURVE ( 'NONE', #5865, #7147, #1664, .T. ) ;
#7554 = ORIENTED_EDGE ( 'NONE', *, *, #11358, .F. ) ;
#7555 = DIRECTION ( 'NONE',  ( -0.000000000000000000, -0.000000000000000000, -1.000000000000000000 ) ) ;
#7556 = AXIS2_PLACEMENT_3D ( 'NONE', #10987, #7854, #3096 ) ;
#7557 = ORIENTED_EDGE ( 'NONE', *, *, #5256, .F. ) ;
#7558 = ORIENTED_EDGE ( 'NONE', *, *, #7024, .T. ) ;
#7559 = ORIENTED_EDGE ( 'NONE', *, *, #1503, .F. ) ;
#7560 = DIRECTION ( 'NONE',  ( 1.000000000000000000, 1.821231995776175725E-16, -0.000000000000000000 ) ) ;
#7561 = CARTESIAN_POINT ( 'NONE',  ( 85.67529999999999291, 21.72200000000000131, 0.000000000000000000 ) ) ;
#7562 = VECTOR ( 'NONE', #10687, 1000.000000000000000 ) ;
#7563 = DIRECTION ( 'NONE',  ( 0.000000000000000000, 1.000000000000000000, 0.000000000000000000 ) ) ;
#7564 = EDGE_CURVE ( 'NONE', #1074, #606, #9628, .T. ) ;
#7565 = CARTESIAN_POINT ( 'NONE',  ( 202.3569999999999993, 45.82269999999999754, 3.000000000000000000 ) ) ;
#7566 = LINE ( 'NONE', #3658, #5388 ) ;
#7567 = DIRECTION ( 'NONE',  ( 0.000000000000000000, 1.000000000000000000, 0.000000000000000000 ) ) ;
#7568 = LINE ( 'NONE', #12596, #758 ) ;
#7569 = VERTEX_POINT ( 'NONE', #9883 ) ;
#7570 = DIRECTION ( 'NONE',  ( 1.000000000000000000, -0.000000000000000000, -0.000000000000000000 ) ) ;
#7571 = VERTEX_POINT ( 'NONE', #12762 ) ;
#7572 = VECTOR ( 'NONE', #5332, 1000.000000000000000 ) ;
#7573 = ORIENTED_EDGE ( 'NONE', *, *, #10273, .T. ) ;
#7574 = CARTESIAN_POINT ( 'NONE',  ( 161.0180000000000007, 93.22150000000000603, 3.000000000000000000 ) ) ;
#7575 = EDGE_CURVE ( 'NONE', #5617, #12091, #5849, .T. ) ;
#7576 = DIRECTION ( 'NONE',  ( 0.000000000000000000, -0.000000000000000000, -1.000000000000000000 ) ) ;
#7577 = DIRECTION ( 'NONE',  ( -1.000000000000000000, 0.000000000000000000, 0.000000000000000000 ) ) ;
#7578 = ORIENTED_EDGE ( 'NONE', *, *, #11560, .F. ) ;
#7579 = DIRECTION ( 'NONE',  ( -1.000000000000000000, 0.000000000000000000, 0.000000000000000000 ) ) ;
#7580 = EDGE_CURVE ( 'NONE', #6381, #10569, #3827, .T. ) ;
#7581 = CARTESIAN_POINT ( 'NONE',  ( 202.3569999999999993, 78.87189999999999657, 0.000000000000000000 ) ) ;
#7582 = AXIS2_PLACEMENT_3D ( 'NONE', #10784, #11561, #11691 ) ;
#7583 = FACE_OUTER_BOUND ( 'NONE', #12736, .T. ) ;
#7584 = VECTOR ( 'NONE', #9451, 1000.000000000000000 ) ;
#7585 = CARTESIAN_POINT ( 'NONE',  ( 19.38193000000000765, 14.24100000000001742, -7.000000000000000000 ) ) ;
#7586 = LINE ( 'NONE', #7654, #4506 ) ;
#7587 = CARTESIAN_POINT ( 'NONE',  ( 163.6630000000000109, 59.27230000000000132, 3.000000000000000000 ) ) ;
#7588 = VECTOR ( 'NONE', #12336, 1000.000000000000000 ) ;
#7589 = CARTESIAN_POINT ( 'NONE',  ( 166.0440000000000111, 96.45159999999999911, 3.000000000000000000 ) ) ;
#7590 = ORIENTED_EDGE ( 'NONE', *, *, #6840, .F. ) ;
#7591 = VECTOR ( 'NONE', #771, 1000.000000000000000 ) ;
#7593 = EDGE_LOOP ( 'NONE', ( #4151, #2837, #12255, #9061 ) ) ;
#7592 = VERTEX_POINT ( 'NONE', #7865 ) ;
#7594 = DIRECTION ( 'NONE',  ( -1.000000000000000000, 0.000000000000000000, 0.000000000000000000 ) ) ;
#7595 = ORIENTED_EDGE ( 'NONE', *, *, #7013, .T. ) ;
#7596 = FACE_BOUND ( 'NONE', #12293, .T. ) ;
#7597 = EDGE_CURVE ( 'NONE', #7837, #1173, #2779, .T. ) ;
#7598 = VECTOR ( 'NONE', #11658, 1000.000000000000000 ) ;
#7599 = CARTESIAN_POINT ( 'NONE',  ( 145.4950000000000045, 126.4969999999999999, 3.000000000000000000 ) ) ;
#7600 = DIRECTION ( 'NONE',  ( 0.000000000000000000, -0.000000000000000000, -1.000000000000000000 ) ) ;
#7601 = LINE ( 'NONE', #1728, #8090 ) ;
#7602 = EDGE_CURVE ( 'NONE', #10378, #6396, #783, .T. ) ;
#7604 = ORIENTED_EDGE ( 'NONE', *, *, #10536, .T. ) ;
#7603 = ORIENTED_EDGE ( 'NONE', *, *, #7615, .T. ) ;
#7605 = ORIENTED_EDGE ( 'NONE', *, *, #5442, .T. ) ;
#7606 = CARTESIAN_POINT ( 'NONE',  ( 167.7680000000000007, 90.42260000000000275, 3.000000000000000000 ) ) ;
#7607 = EDGE_LOOP ( 'NONE', ( #4333, #8804, #10341, #12637 ) ) ;
#7608 = ORIENTED_EDGE ( 'NONE', *, *, #5162, .F. ) ;
#7609 = VECTOR ( 'NONE', #12514, 1000.000000000000000 ) ;
#7610 = CARTESIAN_POINT ( 'NONE',  ( 31.19470000000000098, 64.87269999999999470, 0.000000000000000000 ) ) ;
#7611 = DIRECTION ( 'NONE',  ( -1.000000000000000000, 0.000000000000000000, 0.000000000000000000 ) ) ;
#7612 = LINE ( 'NONE', #1739, #1936 ) ;
#7613 = VECTOR ( 'NONE', #10319, 1000.000000000000000 ) ;
#7614 = LINE ( 'NONE', #12517, #11302 ) ;
#7615 = EDGE_CURVE ( 'NONE', #10439, #6050, #809, .T. ) ;
#7616 = DIRECTION ( 'NONE',  ( 0.000000000000000000, -1.000000000000000000, 0.000000000000000000 ) ) ;
#7617 = EDGE_CURVE ( 'NONE', #4233, #9455, #7601, .T. ) ;
#7618 = EDGE_CURVE ( 'NONE', #12156, #1314, #8780, .T. ) ;
#7619 = VERTEX_POINT ( 'NONE', #3693 ) ;
#7620 = ORIENTED_EDGE ( 'NONE', *, *, #1636, .T. ) ;
#7621 = CARTESIAN_POINT ( 'NONE',  ( 142.8249999999999886, 26.77250000000000085, 3.000000000000000000 ) ) ;
#7622 = ORIENTED_EDGE ( 'NONE', *, *, #8724, .F. ) ;
#7623 = AXIS2_PLACEMENT_3D ( 'NONE', #4181, #2018, #6011 ) ;
#7624 = EDGE_LOOP ( 'NONE', ( #1379, #9974, #10936, #8852 ) ) ;
#7625 = ORIENTED_EDGE ( 'NONE', *, *, #7391, .F. ) ;
#7626 = LINE ( 'NONE', #768, #2727 ) ;
#7627 = FACE_OUTER_BOUND ( 'NONE', #2771, .T. ) ;
#7628 = DIRECTION ( 'NONE',  ( 1.000000000000000000, 0.000000000000000000, 0.000000000000000000 ) ) ;
#7629 = ADVANCED_FACE ( 'NONE', ( #4872 ), #7798, .T. ) ;
#7630 = EDGE_CURVE ( 'NONE', #6816, #4931, #10864, .T. ) ;
#7631 = DIRECTION ( 'NONE',  ( 1.000000000000000000, 0.000000000000000000, 0.000000000000000000 ) ) ;
#7632 = VECTOR ( 'NONE', #6043, 1000.000000000000000 ) ;
#7633 = AXIS2_PLACEMENT_3D ( 'NONE', #6634, #7795, #4804 ) ;
#7634 = CARTESIAN_POINT ( 'NONE',  ( 2.619650000000000478, 97.92189999999999372, 0.000000000000000000 ) ) ;
#7635 = FACE_OUTER_BOUND ( 'NONE', #9649, .T. ) ;
#7636 = FACE_OUTER_BOUND ( 'NONE', #9602, .T. ) ;
#7637 = FACE_OUTER_BOUND ( 'NONE', #6261, .T. ) ;
#7638 = VERTEX_POINT ( 'NONE', #11583 ) ;
#7639 = ORIENTED_EDGE ( 'NONE', *, *, #12202, .F. ) ;
#7640 = ORIENTED_EDGE ( 'NONE', *, *, #3878, .T. ) ;
#7641 = CARTESIAN_POINT ( 'NONE',  ( 207.3830000000000098, 105.4340820000000178, 3.000000000000000000 ) ) ;
#7642 = LINE ( 'NONE', #8690, #11034 ) ;
#7643 = VECTOR ( 'NONE', #1585, 1000.000000000000000 ) ;
#7644 = VECTOR ( 'NONE', #6440, 1000.000000000000000 ) ;
#7645 = DIRECTION ( 'NONE',  ( 0.000000000000000000, 1.000000000000000000, 0.000000000000000000 ) ) ;
#7646 = ORIENTED_EDGE ( 'NONE', *, *, #8609, .F. ) ;
#7647 = LINE ( 'NONE', #2697, #10661 ) ;
#7648 = CARTESIAN_POINT ( 'NONE',  ( 106.1319299999999828, -2.065918000000003474, 0.000000000000000000 ) ) ;
#7649 = VECTOR ( 'NONE', #4689, 1000.000000000000000 ) ;
#7650 = DIRECTION ( 'NONE',  ( 0.000000000000000000, 0.000000000000000000, 1.000000000000000000 ) ) ;
#7651 = VECTOR ( 'NONE', #3184, 1000.000000000000000 ) ;
#7652 = DIRECTION ( 'NONE',  ( -0.000000000000000000, -0.000000000000000000, -1.000000000000000000 ) ) ;
#7653 = ADVANCED_FACE ( 'NONE', ( #4806 ), #9817, .T. ) ;
#7654 = CARTESIAN_POINT ( 'NONE',  ( 142.2439999999999998, 84.15269999999999584, 3.000000000000000000 ) ) ;
#7655 = DIRECTION ( 'NONE',  ( -0.000000000000000000, -0.000000000000000000, -1.000000000000000000 ) ) ;
#7656 = AXIS2_PLACEMENT_3D ( 'NONE', #7397, #4533, #268 ) ;
#7657 = LINE ( 'NONE', #8769, #4914 ) ;
#7658 = ORIENTED_EDGE ( 'NONE', *, *, #9275, .T. ) ;
#7659 = EDGE_CURVE ( 'NONE', #11703, #3536, #1916, .T. ) ;
#7661 = ORIENTED_EDGE ( 'NONE', *, *, #10161, .T. ) ;
#7660 = ORIENTED_EDGE ( 'NONE', *, *, #9819, .F. ) ;
#7662 = VECTOR ( 'NONE', #7846, 1000.000000000000000 ) ;
#7663 = LINE ( 'NONE', #1721, #9742 ) ;
#7664 = VERTEX_POINT ( 'NONE', #938 ) ;
#7665 = FACE_BOUND ( 'NONE', #12691, .T. ) ;
#7666 = VECTOR ( 'NONE', #6504, 1000.000000000000000 ) ;
#7667 = CYLINDRICAL_SURFACE ( 'NONE', #6198, 1.250000000000001110 ) ;
#7668 = DIRECTION ( 'NONE',  ( -0.000000000000000000, -1.000000000000000000, -0.000000000000000000 ) ) ;
#7669 = CARTESIAN_POINT ( 'NONE',  ( 59.76970000000000027, 83.92270000000000607, 3.000000000000000000 ) ) ;
#7670 = VECTOR ( 'NONE', #2811, 1000.000000000000000 ) ;
#7671 = CARTESIAN_POINT ( 'NONE',  ( 54.12530000000000285, 21.17220000000000368, 0.000000000000000000 ) ) ;
#7672 = ADVANCED_FACE ( 'NONE', ( #11713 ), #12566, .T. ) ;
#7674 = ORIENTED_EDGE ( 'NONE', *, *, #1178, .F. ) ;
#7673 = ORIENTED_EDGE ( 'NONE', *, *, #5404, .F. ) ;
#7675 = ADVANCED_FACE ( 'NONE', ( #6636 ), #2650, .T. ) ;
#7676 = EDGE_LOOP ( 'NONE', ( #1719, #11898, #2851, #4522 ) ) ;
#7677 = CARTESIAN_POINT ( 'NONE',  ( 26.43220000000000169, 40.77190000000000225, 3.000000000000000000 ) ) ;
#7678 = ORIENTED_EDGE ( 'NONE', *, *, #9413, .T. ) ;
#7679 = VERTEX_POINT ( 'NONE', #8716 ) ;
#7680 = CARTESIAN_POINT ( 'NONE',  ( 107.1070000000000135, 45.82269999999999754, 3.000000000000000000 ) ) ;
#7681 = VECTOR ( 'NONE', #3201, 1000.000000000000000 ) ;
#7682 = ADVANCED_FACE ( 'NONE', ( #12698 ), #17, .T. ) ;
#7683 = CARTESIAN_POINT ( 'NONE',  ( 139.8630000000000280, 59.27230000000000132, 3.000000000000000000 ) ) ;
#7684 = VECTOR ( 'NONE', #5156, 1000.000000000000000 ) ;
#7685 = DIRECTION ( 'NONE',  ( -0.000000000000000000, -0.000000000000000000, -1.000000000000000000 ) ) ;
#7686 = CARTESIAN_POINT ( 'NONE',  ( 69.00650000000000261, 59.82189999999999941, 0.000000000000000000 ) ) ;
#7687 = EDGE_CURVE ( 'NONE', #4288, #10742, #3234, .T. ) ;
#7688 = CARTESIAN_POINT ( 'NONE',  ( 64.53220000000000312, 112.4980000000000047, 3.000000000000000000 ) ) ;
#7689 = ORIENTED_EDGE ( 'NONE', *, *, #11207, .T. ) ;
#7690 = VERTEX_POINT ( 'NONE', #5974 ) ;
#7691 = DIRECTION ( 'NONE',  ( 0.000000000000000000, -0.000000000000000000, -1.000000000000000000 ) ) ;
#7692 = ORIENTED_EDGE ( 'NONE', *, *, #9413, .F. ) ;
#7693 = ORIENTED_EDGE ( 'NONE', *, *, #10312, .F. ) ;
#7694 = ORIENTED_EDGE ( 'NONE', *, *, #3320, .F. ) ;
#7695 = CARTESIAN_POINT ( 'NONE',  ( 202.3569999999999993, 83.92270000000000607, 3.000000000000000000 ) ) ;
#7696 = ADVANCED_FACE ( 'NONE', ( #1005 ), #10016, .T. ) ;
#7697 = CARTESIAN_POINT ( 'NONE',  ( 159.4939999999999998, 97.92189999999999372, 3.000000000000000000 ) ) ;
#7698 = ADVANCED_FACE ( 'NONE', ( #9169 ), #4019, .T. ) ;
#7699 = DIRECTION ( 'NONE',  ( -0.000000000000000000, -0.000000000000000000, -1.000000000000000000 ) ) ;
#7700 = CARTESIAN_POINT ( 'NONE',  ( 145.4950000000000045, 2.960030000000000161, 3.000000000000000000 ) ) ;
#7701 = DIRECTION ( 'NONE',  ( 1.000000000000000000, 0.000000000000000000, -0.000000000000000000 ) ) ;
#7702 = CARTESIAN_POINT ( 'NONE',  ( 168.5929999999999893, 93.22150000000000603, 0.000000000000000000 ) ) ;
#7703 = CARTESIAN_POINT ( 'NONE',  ( 25.30079999999999885, 17.02149999999999963, 3.000000000000000000 ) ) ;
#7704 = VERTEX_POINT ( 'NONE', #2969 ) ;
#7705 = DIRECTION ( 'NONE',  ( 0.000000000000000000, 1.000000000000000000, 0.000000000000000000 ) ) ;
#7706 = EDGE_LOOP ( 'NONE', ( #4383, #292, #11708, #5170 ) ) ;
#7707 = ORIENTED_EDGE ( 'NONE', *, *, #11348, .T. ) ;
#7708 = EDGE_CURVE ( 'NONE', #664, #12788, #207, .T. ) ;
#7709 = ORIENTED_EDGE ( 'NONE', *, *, #1934, .F. ) ;
#7710 = DIRECTION ( 'NONE',  ( -1.000000000000000000, -0.000000000000000000, -0.000000000000000000 ) ) ;
#7711 = LINE ( 'NONE', #12737, #4191 ) ;
#7712 = DIRECTION ( 'NONE',  ( 1.000000000000000000, -0.000000000000000000, -0.000000000000000000 ) ) ;
#7713 = VERTEX_POINT ( 'NONE', #7211 ) ;
#7714 = CARTESIAN_POINT ( 'NONE',  ( 50.24470000000000169, 64.87269999999999470, 3.000000000000000000 ) ) ;
#7715 = DIRECTION ( 'NONE',  ( -1.000000000000000000, 0.000000000000000000, 0.000000000000000000 ) ) ;
#7716 = CARTESIAN_POINT ( 'NONE',  ( 89.46346499999998514, 102.9218999999999937, 0.000000000000000000 ) ) ;
#7717 = LINE ( 'NONE', #12612, #4975 ) ;
#7718 = LINE ( 'NONE', #11698, #3251 ) ;
#7719 = LINE ( 'NONE', #3749, #7253 ) ;
#7720 = PLANE ( 'NONE',  #11171 ) ;
#7721 = ORIENTED_EDGE ( 'NONE', *, *, #11298, .F. ) ;
#7723 = ORIENTED_EDGE ( 'NONE', *, *, #1073, .F. ) ;
#7722 = ORIENTED_EDGE ( 'NONE', *, *, #178, .T. ) ;
#7724 = DIRECTION ( 'NONE',  ( 0.000000000000000000, 0.000000000000000000, 1.000000000000000000 ) ) ;
#7725 = ORIENTED_EDGE ( 'NONE', *, *, #12814, .F. ) ;
#7726 = CARTESIAN_POINT ( 'NONE',  ( 164.5449999999999875, 16.95949999999999847, 3.000000000000000000 ) ) ;
#7727 = PLANE ( 'NONE',  #8481 ) ;
#7728 = FACE_OUTER_BOUND ( 'NONE', #28, .T. ) ;
#7729 = ADVANCED_FACE ( 'NONE', ( #7987 ), #7014, .T. ) ;
#7730 = DIRECTION ( 'NONE',  ( 1.000000000000000000, 0.000000000000000000, 0.000000000000000000 ) ) ;
#7731 = VECTOR ( 'NONE', #12774, 1000.000000000000000 ) ;
#7732 = PLANE ( 'NONE',  #2435 ) ;
#7734 = ORIENTED_EDGE ( 'NONE', *, *, #3066, .F. ) ;
#7733 = EDGE_LOOP ( 'NONE', ( #78, #11356, #7709, #2072 ) ) ;
#7735 = ORIENTED_EDGE ( 'NONE', *, *, #3977, .F. ) ;
#7736 = DIRECTION ( 'NONE',  ( -0.000000000000000000, -1.000000000000000000, -0.000000000000000000 ) ) ;
#7737 = ORIENTED_EDGE ( 'NONE', *, *, #7816, .T. ) ;
#7738 = ORIENTED_EDGE ( 'NONE', *, *, #12818, .F. ) ;
#7739 = VECTOR ( 'NONE', #1046, 1000.000000000000000 ) ;
#7740 = ADVANCED_FACE ( 'NONE', ( #6947 ), #2052, .T. ) ;
#7741 = DIRECTION ( 'NONE',  ( 1.000000000000000000, 1.456985596620940580E-15, 0.000000000000000000 ) ) ;
#7742 = DIRECTION ( 'NONE',  ( -0.000000000000000000, 1.000000000000000000, -0.000000000000000000 ) ) ;
#7743 = CARTESIAN_POINT ( 'NONE',  ( 167.7680000000000007, 93.22150000000000603, 3.000000000000000000 ) ) ;
#7744 = VECTOR ( 'NONE', #9786, 1000.000000000000000 ) ;
#7745 = CARTESIAN_POINT ( 'NONE',  ( 26.43220000000000169, 126.4969999999999999, 3.000000000000000000 ) ) ;
#7746 = DIRECTION ( 'NONE',  ( 0.000000000000000000, 0.000000000000000000, 1.000000000000000000 ) ) ;
#7747 = VECTOR ( 'NONE', #9603, 1000.000000000000000 ) ;
#7748 = VERTEX_POINT ( 'NONE', #4210 ) ;
#7749 = ORIENTED_EDGE ( 'NONE', *, *, #1453, .F. ) ;
#7750 = CARTESIAN_POINT ( 'NONE',  ( 102.6320000000000050, 112.4980000000000047, 3.000000000000000000 ) ) ;
#7751 = ORIENTED_EDGE ( 'NONE', *, *, #10574, .T. ) ;
#7752 = VECTOR ( 'NONE', #7549, 1000.000000000000000 ) ;
#7753 = VERTEX_POINT ( 'NONE', #4081 ) ;
#7754 = EDGE_LOOP ( 'NONE', ( #6507, #9811, #9297, #3238 ) ) ;
#7755 = VERTEX_POINT ( 'NONE', #8182 ) ;
#7756 = DIRECTION ( 'NONE',  ( -0.000000000000000000, -0.000000000000000000, -1.000000000000000000 ) ) ;
#7757 = DIRECTION ( 'NONE',  ( 1.000000000000000000, -0.000000000000000000, -0.000000000000000000 ) ) ;
#7758 = EDGE_CURVE ( 'NONE', #12126, #8112, #1130, .T. ) ;
#7759 = DIRECTION ( 'NONE',  ( -0.000000000000000000, 1.000000000000000000, -0.000000000000000000 ) ) ;
#7760 = CARTESIAN_POINT ( 'NONE',  ( 208.8830000000000098, 134.0210000000000150, 3.000000000000000000 ) ) ;
#7761 = VECTOR ( 'NONE', #10069, 1000.000000000000000 ) ;
#7762 = ADVANCED_FACE ( 'NONE', ( #1062 ), #10211, .T. ) ;
#7763 = CARTESIAN_POINT ( 'NONE',  ( 102.6320000000000050, 40.77190000000000225, 3.000000000000000000 ) ) ;
#7764 = CARTESIAN_POINT ( 'NONE',  ( 134.8369999999999891, 58.35159999999999769, 3.000000000000000000 ) ) ;
#7765 = ORIENTED_EDGE ( 'NONE', *, *, #5627, .F. ) ;
#7766 = LINE ( 'NONE', #9854, #2184 ) ;
#7767 = VERTEX_POINT ( 'NONE', #5063 ) ;
#7768 = ORIENTED_EDGE ( 'NONE', *, *, #10317, .T. ) ;
#7769 = ORIENTED_EDGE ( 'NONE', *, *, #12281, .F. ) ;
#7770 = DIRECTION ( 'NONE',  ( -1.000000000000000000, -0.000000000000000000, -0.000000000000000000 ) ) ;
#7771 = AXIS2_PLACEMENT_3D ( 'NONE', #158, #4028, #6958 ) ;
#7772 = DIRECTION ( 'NONE',  ( 0.000000000000000000, -1.000000000000000000, 0.000000000000000000 ) ) ;
#7773 = VECTOR ( 'NONE', #7109, 1000.000000000000000 ) ;
#7774 = CARTESIAN_POINT ( 'NONE',  ( 166.0440000000000111, 83.17159999999999798, 0.000000000000000000 ) ) ;
#7775 = ORIENTED_EDGE ( 'NONE', *, *, #4437, .F. ) ;
#7776 = LINE ( 'NONE', #6677, #18 ) ;
#7777 = CARTESIAN_POINT ( 'NONE',  ( 0.09392999999999207539, 81.89100000000000534, 3.000000000000000000 ) ) ;
#7778 = DIRECTION ( 'NONE',  ( -1.000000000000000000, 0.000000000000000000, 0.000000000000000000 ) ) ;
#7779 = LINE ( 'NONE', #11768, #2881 ) ;
#7780 = EDGE_CURVE ( 'NONE', #4747, #10175, #11194, .T. ) ;
#7781 = VECTOR ( 'NONE', #11798, 1000.000000000000000 ) ;
#7782 = LINE ( 'NONE', #1902, #6999 ) ;
#7783 = DIRECTION ( 'NONE',  ( 1.000000000000000000, -0.000000000000000000, -0.000000000000000000 ) ) ;
#7784 = EDGE_CURVE ( 'NONE', #5341, #5536, #11058, .T. ) ;
#7785 = LINE ( 'NONE', #2834, #305 ) ;
#7786 = EDGE_LOOP ( 'NONE', ( #4201, #6912, #9924, #12080 ) ) ;
#7788 = VERTEX_POINT ( 'NONE', #6103 ) ;
#7787 = ORIENTED_EDGE ( 'NONE', *, *, #3559, .F. ) ;
#7789 = VECTOR ( 'NONE', #5293, 1000.000000000000000 ) ;
#7790 = CARTESIAN_POINT ( 'NONE',  ( 141.5879999999999939, 50.52170000000000272, 3.000000000000000000 ) ) ;
#7791 = ORIENTED_EDGE ( 'NONE', *, *, #989, .F. ) ;
#7792 = CIRCLE ( 'NONE', #2167, 0.5000000000000004441 ) ;
#7793 = DIRECTION ( 'NONE',  ( 0.000000000000000000, 0.000000000000000000, -1.000000000000000000 ) ) ;
#7794 = VECTOR ( 'NONE', #8648, 1000.000000000000000 ) ;
#7795 = DIRECTION ( 'NONE',  ( -0.000000000000000000, -0.000000000000000000, 1.000000000000000000 ) ) ;
#7796 = CARTESIAN_POINT ( 'NONE',  ( 83.58220000000000027, 40.77190000000000225, 3.000000000000000000 ) ) ;
#7797 = ADVANCED_FACE ( 'NONE', ( #149 ), #5004, .T. ) ;
#7798 = PLANE ( 'NONE',  #12672 ) ;
#7799 = DIRECTION ( 'NONE',  ( 0.000000000000000000, 1.000000000000000000, -0.000000000000000000 ) ) ;
#7800 = DIRECTION ( 'NONE',  ( 0.000000000000000000, -1.000000000000000000, 0.000000000000000000 ) ) ;
#7801 = VECTOR ( 'NONE', #5622, 1000.000000000000000 ) ;
#7803 = ORIENTED_EDGE ( 'NONE', *, *, #1004, .F. ) ;
#7802 = ORIENTED_EDGE ( 'NONE', *, *, #2324, .F. ) ;
#7804 = ORIENTED_EDGE ( 'NONE', *, *, #3178, .T. ) ;
#7805 = CARTESIAN_POINT ( 'NONE',  ( 188.3569999999999993, 83.92270000000000607, 3.000000000000000000 ) ) ;
#7806 = VERTEX_POINT ( 'NONE', #8119 ) ;
#7807 = ADVANCED_FACE ( 'NONE', ( #11127 ), #3165, .T. ) ;
#7808 = AXIS2_PLACEMENT_3D ( 'NONE', #2538, #4442, #4382 ) ;
#7809 = ORIENTED_EDGE ( 'NONE', *, *, #6583, .F. ) ;
#7810 = CARTESIAN_POINT ( 'NONE',  ( 188.3569999999999993, 97.92189999999999372, 3.000000000000000000 ) ) ;
#7811 = FACE_OUTER_BOUND ( 'NONE', #1298, .T. ) ;
#7812 = DIRECTION ( 'NONE',  ( -0.000000000000000000, -1.000000000000000000, -0.000000000000000000 ) ) ;
#7813 = CARTESIAN_POINT ( 'NONE',  ( 35.66899999999999693, 83.92270000000000607, 3.000000000000000000 ) ) ;
#7814 = CARTESIAN_POINT ( 'NONE',  ( 137.2179999999999893, 84.15269999999999584, 3.000000000000000000 ) ) ;
#7815 = VECTOR ( 'NONE', #7736, 1000.000000000000000 ) ;
#7816 = EDGE_CURVE ( 'NONE', #186, #5290, #5195, .T. ) ;
#7817 = ORIENTED_EDGE ( 'NONE', *, *, #12896, .T. ) ;
#7818 = ORIENTED_EDGE ( 'NONE', *, *, #12849, .F. ) ;
#7819 = CARTESIAN_POINT ( 'NONE',  ( 188.3569999999999993, 45.82269999999999754, 3.000000000000000000 ) ) ;
#7820 = ORIENTED_EDGE ( 'NONE', *, *, #11745, .T. ) ;
#7821 = ORIENTED_EDGE ( 'NONE', *, *, #11057, .F. ) ;
#7822 = EDGE_CURVE ( 'NONE', #2089, #8854, #9293, .T. ) ;
#7823 = ORIENTED_EDGE ( 'NONE', *, *, #5782, .T. ) ;
#7824 = LINE ( 'NONE', #2872, #9771 ) ;
#7825 = LINE ( 'NONE', #12000, #3855 ) ;
#7826 = AXIS2_PLACEMENT_3D ( 'NONE', #1588, #1846, #8902 ) ;
#7827 = DIRECTION ( 'NONE',  ( 1.000000000000000000, 0.000000000000000000, 0.000000000000000000 ) ) ;
#7828 = LINE ( 'NONE', #54, #1417 ) ;
#7829 = VECTOR ( 'NONE', #5050, 1000.000000000000000 ) ;
#7830 = FACE_OUTER_BOUND ( 'NONE', #411, .T. ) ;
#7831 = EDGE_CURVE ( 'NONE', #10057, #385, #3361, .T. ) ;
#7832 = ORIENTED_EDGE ( 'NONE', *, *, #12897, .T. ) ;
#7833 = CARTESIAN_POINT ( 'NONE',  ( 134.0130000000000337, 55.12149999999999750, 0.000000000000000000 ) ) ;
#7834 = ORIENTED_EDGE ( 'NONE', *, *, #990, .F. ) ;
#7835 = EDGE_CURVE ( 'NONE', #2707, #398, #7337, .T. ) ;
#7836 = ORIENTED_EDGE ( 'NONE', *, *, #2456, .F. ) ;
#7837 = VERTEX_POINT ( 'NONE', #3303 ) ;
#7838 = LINE ( 'NONE', #4784, #227 ) ;
#7839 = DIRECTION ( 'NONE',  ( -1.000000000000000000, -0.000000000000000000, -0.000000000000000000 ) ) ;
#7840 = DIRECTION ( 'NONE',  ( 0.000000000000000000, -1.000000000000000000, 0.000000000000000000 ) ) ;
#7841 = ORIENTED_EDGE ( 'NONE', *, *, #2040, .F. ) ;
#7842 = ADVANCED_FACE ( 'NONE', ( #2507 ), #4345, .T. ) ;
#7843 = AXIS2_PLACEMENT_3D ( 'NONE', #7897, #9076, #11096 ) ;
#7844 = CARTESIAN_POINT ( 'NONE',  ( 21.66969999999999885, 97.92189999999999372, 3.000000000000000000 ) ) ;
#7845 = CARTESIAN_POINT ( 'NONE',  ( 7.382159999999999833, 126.4969999999999999, 0.000000000000000000 ) ) ;
#7846 = DIRECTION ( 'NONE',  ( -0.000000000000000000, -1.000000000000000000, -0.000000000000000000 ) ) ;
#7847 = EDGE_CURVE ( 'NONE', #8486, #1813, #9360, .T. ) ;
#7848 = LINE ( 'NONE', #12885, #12424 ) ;
#7849 = CARTESIAN_POINT ( 'NONE',  ( 59.76970000000000027, 97.92189999999999372, 3.000000000000000000 ) ) ;
#7850 = CARTESIAN_POINT ( 'NONE',  ( 188.3569999999999993, 26.77250000000000085, 0.000000000000000000 ) ) ;
#7851 = VECTOR ( 'NONE', #12886, 1000.000000000000000 ) ;
#7852 = ORIENTED_EDGE ( 'NONE', *, *, #6052, .F. ) ;
#7853 = CIRCLE ( 'NONE', #11197, 0.5000000000000004441 ) ;
#7855 = VERTEX_POINT ( 'NONE', #2378 ) ;
#7854 = DIRECTION ( 'NONE',  ( 0.000000000000000000, 1.000000000000000000, 0.000000000000000000 ) ) ;
#7856 = FACE_BOUND ( 'NONE', #1070, .T. ) ;
#7857 = VERTEX_POINT ( 'NONE', #2443 ) ;
#7858 = CARTESIAN_POINT ( 'NONE',  ( 78.53149999999999409, 126.4969999999999999, 3.000000000000000000 ) ) ;
#7859 = VECTOR ( 'NONE', #4165, 1000.000000000000000 ) ;
#7860 = ADVANCED_FACE ( 'NONE', ( #6362 ), #5316, .T. ) ;
#7861 = ADVANCED_FACE ( 'NONE', ( #1455 ), #1388, .T. ) ;
#7862 = DIRECTION ( 'NONE',  ( 0.000000000000000000, 1.000000000000000000, 0.000000000000000000 ) ) ;
#7863 = LINE ( 'NONE', #11846, #3624 ) ;
#7864 = VECTOR ( 'NONE', #12492, 1000.000000000000000 ) ;
#7865 = CARTESIAN_POINT ( 'NONE',  ( 162.7429999999999950, 97.37229999999999563, 0.000000000000000000 ) ) ;
#7866 = FACE_OUTER_BOUND ( 'NONE', #9863, .T. ) ;
#7867 = CARTESIAN_POINT ( 'NONE',  ( 141.5879999999999939, 58.35159999999999769, 0.000000000000000000 ) ) ;
#7868 = CIRCLE ( 'NONE', #11408, 1.250000000000001110 ) ;
#7870 = EDGE_LOOP ( 'NONE', ( #441, #10452, #458, #3356 ) ) ;
#7869 = ORIENTED_EDGE ( 'NONE', *, *, #6038, .T. ) ;
#7871 = AXIS2_PLACEMENT_3D ( 'NONE', #5650, #7724, #9621 ) ;
#7872 = VERTEX_POINT ( 'NONE', #5446 ) ;
#7873 = CARTESIAN_POINT ( 'NONE',  ( 64.53220000000000312, 126.4969999999999999, 3.000000000000000000 ) ) ;
#7874 = ORIENTED_EDGE ( 'NONE', *, *, #2901, .F. ) ;
#7875 = EDGE_CURVE ( 'NONE', #9285, #10749, #12299, .T. ) ;
#7876 = VECTOR ( 'NONE', #5685, 1000.000000000000000 ) ;
#7877 = ORIENTED_EDGE ( 'NONE', *, *, #6993, .F. ) ;
#7878 = LINE ( 'NONE', #10876, #10534 ) ;
#7879 = CARTESIAN_POINT ( 'NONE',  ( 142.2439999999999998, 97.37229999999999563, 3.000000000000000000 ) ) ;
#7880 = CARTESIAN_POINT ( 'NONE',  ( 188.3569999999999993, 64.87269999999999470, 3.000000000000000000 ) ) ;
#7881 = AXIS2_PLACEMENT_3D ( 'NONE', #8567, #9743, #3810 ) ;
#7882 = CARTESIAN_POINT ( 'NONE',  ( 26.14410000000000167, 78.87189999999999657, 3.000000000000000000 ) ) ;
#7883 = CARTESIAN_POINT ( 'NONE',  ( 116.6320000000000192, 112.4980000000000047, 3.000000000000000000 ) ) ;
#7884 = VERTEX_POINT ( 'NONE', #4279 ) ;
#7885 = ORIENTED_EDGE ( 'NONE', *, *, #12771, .T. ) ;
#7886 = DIRECTION ( 'NONE',  ( 7.284927983104702902E-16, 1.000000000000000000, -0.000000000000000000 ) ) ;
#7887 = VECTOR ( 'NONE', #5944, 1000.000000000000000 ) ;
#7888 = ORIENTED_EDGE ( 'NONE', *, *, #2825, .T. ) ;
#7889 = EDGE_LOOP ( 'NONE', ( #3420, #3525, #9537, #3785 ) ) ;
#7890 = ORIENTED_EDGE ( 'NONE', *, *, #10389, .F. ) ;
#7891 = PLANE ( 'NONE',  #5445 ) ;
#7892 = DIRECTION ( 'NONE',  ( -0.000000000000000000, -0.000000000000000000, -1.000000000000000000 ) ) ;
#7893 = EDGE_CURVE ( 'NONE', #6543, #12224, #9549, .T. ) ;
#7894 = LINE ( 'NONE', #12069, #7773 ) ;
#7895 = EDGE_CURVE ( 'NONE', #11657, #3311, #4471, .T. ) ;
#7896 = CARTESIAN_POINT ( 'NONE',  ( 139.8630000000000280, 58.35159999999999769, 0.000000000000000000 ) ) ;
#7897 = CARTESIAN_POINT ( 'NONE',  ( 164.5449999999999875, 126.4969999999999999, 3.000000000000000000 ) ) ;
#7898 = VERTEX_POINT ( 'NONE', #3425 ) ;
#7899 = CARTESIAN_POINT ( 'NONE',  ( 135.6819999999999879, 126.4969999999999999, 3.000000000000000000 ) ) ;
#7900 = ORIENTED_EDGE ( 'NONE', *, *, #11890, .T. ) ;
#7901 = ORIENTED_EDGE ( 'NONE', *, *, #11039, .F. ) ;
#7902 = EDGE_LOOP ( 'NONE', ( #8668, #2244, #10011, #6034 ) ) ;
#7903 = DIRECTION ( 'NONE',  ( -0.000000000000000000, 1.000000000000000000, -0.000000000000000000 ) ) ;
#7904 = MANIFOLD_SOLID_BREP ( '\X2\52079664\X0\-\X2\62c94f38\X0\3', #1092 ) ;
#7905 = FACE_OUTER_BOUND ( 'NONE', #7073, .T. ) ;
#7906 = PLANE ( 'NONE',  #9671 ) ;
#7907 = ORIENTED_EDGE ( 'NONE', *, *, #9375, .F. ) ;
#7908 = EDGE_CURVE ( 'NONE', #6907, #7187, #12495, .T. ) ;
#7909 = DIRECTION ( 'NONE',  ( 1.000000000000000000, 0.000000000000000000, 0.000000000000000000 ) ) ;
#7910 = DIRECTION ( 'NONE',  ( -0.000000000000000000, -1.000000000000000000, -0.000000000000000000 ) ) ;
#7911 = EDGE_CURVE ( 'NONE', #1559, #11670, #3611, .T. ) ;
#7912 = ADVANCED_FACE ( 'NONE', ( #601 ), #9553, .F. ) ;
#7913 = DIRECTION ( 'NONE',  ( 0.000000000000000000, 0.000000000000000000, 1.000000000000000000 ) ) ;
#7914 = DIRECTION ( 'NONE',  ( 1.000000000000000000, -0.000000000000000000, -0.000000000000000000 ) ) ;
#7915 = CARTESIAN_POINT ( 'NONE',  ( 126.1569999999999965, 45.82269999999999754, 3.000000000000000000 ) ) ;
#7916 = CARTESIAN_POINT ( 'NONE',  ( 162.7429999999999950, 96.45159999999999911, 0.000000000000000000 ) ) ;
#7917 = ADVANCED_FACE ( 'NONE', ( #8700 ), #8830, .T. ) ;
#7918 = ORIENTED_EDGE ( 'NONE', *, *, #12238, .F. ) ;
#7920 = ORIENTED_EDGE ( 'NONE', *, *, #12551, .T. ) ;
#7919 = FACE_OUTER_BOUND ( 'NONE', #6513, .T. ) ;
#7921 = DIRECTION ( 'NONE',  ( -1.000000000000000000, 0.000000000000000000, -0.000000000000000000 ) ) ;
#7922 = VERTEX_POINT ( 'NONE', #12813 ) ;
#7923 = EDGE_CURVE ( 'NONE', #8469, #6377, #794, .T. ) ;
#7924 = FACE_BOUND ( 'NONE', #5215, .T. ) ;
#7925 = DIRECTION ( 'NONE',  ( 1.000000000000000000, 0.000000000000000000, 0.000000000000000000 ) ) ;
#7926 = EDGE_CURVE ( 'NONE', #3798, #3079, #1712, .T. ) ;
#7927 = CARTESIAN_POINT ( 'NONE',  ( 64.24399999999999977, 78.87189999999999657, 0.000000000000000000 ) ) ;
#7928 = CARTESIAN_POINT ( 'NONE',  ( 135.6819999999999879, 112.4980000000000047, 3.000000000000000000 ) ) ;
#7929 = LINE ( 'NONE', #5850, #6393 ) ;
#7930 = DIRECTION ( 'NONE',  ( -0.000000000000000000, -0.000000000000000000, -1.000000000000000000 ) ) ;
#7931 = EDGE_CURVE ( 'NONE', #9285, #667, #5581, .T. ) ;
#7933 = ORIENTED_EDGE ( 'NONE', *, *, #4741, .F. ) ;
#7932 = ORIENTED_EDGE ( 'NONE', *, *, #1371, .T. ) ;
#7934 = ADVANCED_FACE ( 'NONE', ( #6618 ), #854, .T. ) ;
#7935 = VERTEX_POINT ( 'NONE', #6745 ) ;
#7936 = DIRECTION ( 'NONE',  ( 0.000000000000000000, 1.000000000000000000, -0.000000000000000000 ) ) ;
#7937 = ORIENTED_EDGE ( 'NONE', *, *, #3217, .F. ) ;
#7938 = LINE ( 'NONE', #5012, #3404 ) ;
#7939 = ORIENTED_EDGE ( 'NONE', *, *, #1782, .F. ) ;
#7940 = LINE ( 'NONE', #11724, #10779 ) ;
#7941 = CARTESIAN_POINT ( 'NONE',  ( 30.90660000000000451, 45.82269999999999754, 3.000000000000000000 ) ) ;
#7942 = CARTESIAN_POINT ( 'NONE',  ( 16.90719999999999956, 45.82269999999999754, 3.000000000000000000 ) ) ;
#7943 = CARTESIAN_POINT ( 'NONE',  ( 168.5929999999999893, 93.22150000000000603, 3.000000000000000000 ) ) ;
#7944 = LINE ( 'NONE', #4512, #12035 ) ;
#7945 = CARTESIAN_POINT ( 'NONE',  ( 85.67529999999999291, 21.72200000000000131, 3.000000000000000000 ) ) ;
#7946 = EDGE_LOOP ( 'NONE', ( #7254, #6640, #1191, #3141 ) ) ;
#7947 = VERTEX_POINT ( 'NONE', #4855 ) ;
#7948 = VECTOR ( 'NONE', #9254, 1000.000000000000000 ) ;
#7949 = CARTESIAN_POINT ( 'NONE',  ( 14.88192999999999877, 24.24100000000002453, 3.000000000000000000 ) ) ;
#7950 = EDGE_LOOP ( 'NONE', ( #7765, #5073, #5482, #9892 ) ) ;
#7951 = ORIENTED_EDGE ( 'NONE', *, *, #6759, .F. ) ;
#7952 = ORIENTED_EDGE ( 'NONE', *, *, #1024, .F. ) ;
#7953 = LINE ( 'NONE', #6787, #9396 ) ;
#7954 = LINE ( 'NONE', #2010, #11071 ) ;
#7955 = DIRECTION ( 'NONE',  ( 1.000000000000000000, -0.000000000000000000, -0.000000000000000000 ) ) ;
#7956 = EDGE_CURVE ( 'NONE', #7569, #1460, #3879, .T. ) ;
#7957 = DIRECTION ( 'NONE',  ( -0.000000000000000000, 1.000000000000000000, -0.000000000000000000 ) ) ;
#7958 = VECTOR ( 'NONE', #376, 1000.000000000000000 ) ;
#7959 = PLANE ( 'NONE',  #7843 ) ;
#7960 = ORIENTED_EDGE ( 'NONE', *, *, #3416, .T. ) ;
#7961 = CARTESIAN_POINT ( 'NONE',  ( 136.5620000000000118, 46.05270000000000152, 3.000000000000000000 ) ) ;
#7962 = VERTEX_POINT ( 'NONE', #11831 ) ;
#7963 = VERTEX_POINT ( 'NONE', #10597 ) ;
#7964 = ORIENTED_EDGE ( 'NONE', *, *, #63, .T. ) ;
#7965 = CARTESIAN_POINT ( 'NONE',  ( 26.14410000000000167, 78.87189999999999657, 0.000000000000000000 ) ) ;
#7966 = EDGE_CURVE ( 'NONE', #7571, #9319, #5180, .T. ) ;
#7967 = DIRECTION ( 'NONE',  ( -0.000000000000000000, -0.000000000000000000, -1.000000000000000000 ) ) ;
#7968 = VERTEX_POINT ( 'NONE', #1773 ) ;
#7969 = LINE ( 'NONE', #10977, #859 ) ;
#7970 = CIRCLE ( 'NONE', #2351, 0.5000000000000004441 ) ;
#7971 = LINE ( 'NONE', #12084, #8066 ) ;
#7972 = CARTESIAN_POINT ( 'NONE',  ( 18.63192999999999699, -2.065918000000003474, 3.000000000000000000 ) ) ;
#7973 = CARTESIAN_POINT ( 'NONE',  ( 199.9749999999999943, 112.4980000000000047, 0.000000000000000000 ) ) ;
#7974 = PLANE ( 'NONE',  #8479 ) ;
#7975 = EDGE_CURVE ( 'NONE', #12091, #10886, #12550, .T. ) ;
#7976 = DIRECTION ( 'NONE',  ( -0.000000000000000000, 0.000000000000000000, -1.000000000000000000 ) ) ;
#7977 = VECTOR ( 'NONE', #7365, 1000.000000000000000 ) ;
#7978 = ORIENTED_EDGE ( 'NONE', *, *, #9962, .T. ) ;
#7980 = ORIENTED_EDGE ( 'NONE', *, *, #3198, .T. ) ;
#7979 = PLANE ( 'NONE',  #9639 ) ;
#7981 = EDGE_CURVE ( 'NONE', #1102, #10019, #2897, .T. ) ;
#7982 = DIRECTION ( 'NONE',  ( -1.000000000000000000, -0.000000000000000000, -0.000000000000000000 ) ) ;
#7983 = ORIENTED_EDGE ( 'NONE', *, *, #11741, .F. ) ;
#7984 = CARTESIAN_POINT ( 'NONE',  ( 69.00650000000000261, 45.82269999999999754, 0.000000000000000000 ) ) ;
#7985 = CIRCLE ( 'NONE', #7771, 0.5000000000000004441 ) ;
#7986 = DIRECTION ( 'NONE',  ( -0.000000000000000000, -0.000000000000000000, -1.000000000000000000 ) ) ;
#7987 = FACE_OUTER_BOUND ( 'NONE', #3540, .T. ) ;
#7988 = CARTESIAN_POINT ( 'NONE',  ( 9.618929999999993541, 62.84100000000002240, 3.000000000000000000 ) ) ;
#7989 = LINE ( 'NONE', #10018, #522 ) ;
#7990 = VERTEX_POINT ( 'NONE', #6875 ) ;
#7991 = ORIENTED_EDGE ( 'NONE', *, *, #11577, .F. ) ;
#7992 = DIRECTION ( 'NONE',  ( -1.000000000000000000, 0.000000000000000000, 0.000000000000000000 ) ) ;
#7993 = VERTEX_POINT ( 'NONE', #4792 ) ;
#7994 = EDGE_CURVE ( 'NONE', #2275, #5039, #7717, .T. ) ;
#7995 = VECTOR ( 'NONE', #3893, 1000.000000000000000 ) ;
#7996 = DIRECTION ( 'NONE',  ( -0.000000000000000000, -0.000000000000000000, -1.000000000000000000 ) ) ;
#7997 = VERTEX_POINT ( 'NONE', #4657 ) ;
#7998 = DIRECTION ( 'NONE',  ( 0.000000000000000000, -1.000000000000000000, 0.000000000000000000 ) ) ;
#7999 = DIRECTION ( 'NONE',  ( -0.000000000000000000, -0.000000000000000000, -1.000000000000000000 ) ) ;
#8000 = CARTESIAN_POINT ( 'NONE',  ( 55.85040000000000049, 17.02149999999999963, 0.000000000000000000 ) ) ;
#8001 = EDGE_CURVE ( 'NONE', #1763, #3733, #8633, .T. ) ;
#8002 = FACE_OUTER_BOUND ( 'NONE', #10969, .T. ) ;
#8003 = CARTESIAN_POINT ( 'NONE',  ( 54.12530000000000285, 20.25169999999999959, 0.000000000000000000 ) ) ;
#8004 = VECTOR ( 'NONE', #4272, 1000.000000000000000 ) ;
#8005 = DIRECTION ( 'NONE',  ( -0.000000000000000000, -0.000000000000000000, -1.000000000000000000 ) ) ;
#8007 = ORIENTED_EDGE ( 'NONE', *, *, #4923, .F. ) ;
#8006 = DIRECTION ( 'NONE',  ( 0.000000000000000000, -1.000000000000000000, 0.000000000000000000 ) ) ;
#8008 = AXIS2_PLACEMENT_3D ( 'NONE', #6078, #57, #9921 ) ;
#8009 = EDGE_LOOP ( 'NONE', ( #4625, #39, #1638, #1881 ) ) ;
#8010 = CARTESIAN_POINT ( 'NONE',  ( 107.3950000000000102, 78.87189999999999657, 3.000000000000000000 ) ) ;
#8011 = ORIENTED_EDGE ( 'NONE', *, *, #4157, .F. ) ;
#8012 = VERTEX_POINT ( 'NONE', #10656 ) ;
#8013 = VERTEX_POINT ( 'NONE', #9673 ) ;
#8014 = CARTESIAN_POINT ( 'NONE',  ( 207.3830000000000098, 35.43408199999999653, 0.000000000000000000 ) ) ;
#8015 = CARTESIAN_POINT ( 'NONE',  ( 159.4939999999999998, 83.92270000000000607, 0.000000000000000000 ) ) ;
#8016 = ADVANCED_FACE ( 'NONE', ( #724 ), #4724, .T. ) ;
#8017 = DIRECTION ( 'NONE',  ( 0.000000000000000000, 1.000000000000000000, 0.000000000000000000 ) ) ;
#8018 = CARTESIAN_POINT ( 'NONE',  ( 141.5879999999999939, 55.12149999999999750, 3.000000000000000000 ) ) ;
#8019 = EDGE_CURVE ( 'NONE', #6527, #8837, #7779, .T. ) ;
#8020 = EDGE_CURVE ( 'NONE', #2263, #6855, #1900, .T. ) ;
#8021 = VECTOR ( 'NONE', #3057, 1000.000000000000000 ) ;
#8022 = CARTESIAN_POINT ( 'NONE',  ( 26.43220000000000169, 126.4969999999999999, 0.000000000000000000 ) ) ;
#8023 = DIRECTION ( 'NONE',  ( 0.000000000000000000, 0.000000000000000000, -1.000000000000000000 ) ) ;
#8024 = DIRECTION ( 'NONE',  ( -0.000000000000000000, 1.000000000000000000, -0.000000000000000000 ) ) ;
#8025 = EDGE_LOOP ( 'NONE', ( #7483, #895, #9222, #12108 ) ) ;
#8026 = DIRECTION ( 'NONE',  ( -0.000000000000000000, -0.000000000000000000, 1.000000000000000000 ) ) ;
#8027 = ORIENTED_EDGE ( 'NONE', *, *, #1049, .F. ) ;
#8028 = EDGE_LOOP ( 'NONE', ( #5759, #6822, #4981, #6818 ) ) ;
#8029 = ORIENTED_EDGE ( 'NONE', *, *, #3512, .F. ) ;
#8030 = VECTOR ( 'NONE', #12367, 1000.000000000000000 ) ;
#8031 = PLANE ( 'NONE',  #3213 ) ;
#8032 = ADVANCED_FACE ( 'NONE', ( #8899 ), #12883, .T. ) ;
#8033 = ADVANCED_FACE ( 'NONE', ( #6933 ), #991, .T. ) ;
#8034 = CARTESIAN_POINT ( 'NONE',  ( 59.76970000000000027, 97.92189999999999372, 3.000000000000000000 ) ) ;
#8035 = DIRECTION ( 'NONE',  ( 0.000000000000000000, -1.000000000000000000, 0.000000000000000000 ) ) ;
#8036 = DIRECTION ( 'NONE',  ( -1.000000000000000000, 0.000000000000000000, 0.000000000000000000 ) ) ;
#8037 = AXIS2_PLACEMENT_3D ( 'NONE', #587, #12796, #11814 ) ;
#8038 = DIRECTION ( 'NONE',  ( 0.000000000000000000, -1.000000000000000000, 0.000000000000000000 ) ) ;
#8039 = CARTESIAN_POINT ( 'NONE',  ( 33.57589999999999719, 12.42159999999999975, 3.000000000000000000 ) ) ;
#8040 = FACE_OUTER_BOUND ( 'NONE', #7312, .T. ) ;
#8041 = EDGE_CURVE ( 'NONE', #11912, #2057, #4552, .T. ) ;
#8042 = CARTESIAN_POINT ( 'NONE',  ( 142.2439999999999998, 97.37229999999999563, 3.000000000000000000 ) ) ;
#8043 = EDGE_LOOP ( 'NONE', ( #4352, #5025 ) ) ;
#8045 = ORIENTED_EDGE ( 'NONE', *, *, #7931, .T. ) ;
#8044 = LINE ( 'NONE', #11050, #9022 ) ;
#8046 = AXIS2_PLACEMENT_3D ( 'NONE', #3660, #12595, #4639 ) ;
#8047 = FACE_BOUND ( 'NONE', #11667, .T. ) ;
#8048 = ORIENTED_EDGE ( 'NONE', *, *, #11750, .T. ) ;
#8049 = ADVANCED_FACE ( 'NONE', ( #1115 ), #10002, .T. ) ;
#8050 = DIRECTION ( 'NONE',  ( 0.000000000000000000, 0.000000000000000000, 1.000000000000000000 ) ) ;
#8051 = LINE ( 'NONE', #11905, #7377 ) ;
#8052 = DIRECTION ( 'NONE',  ( -0.000000000000000000, -0.000000000000000000, -1.000000000000000000 ) ) ;
#8053 = VECTOR ( 'NONE', #84, 1000.000000000000000 ) ;
#8054 = LINE ( 'NONE', #5064, #7431 ) ;
#8055 = VECTOR ( 'NONE', #3030, 1000.000000000000000 ) ;
#8056 = EDGE_CURVE ( 'NONE', #4898, #9632, #1967, .T. ) ;
#8057 = PLANE ( 'NONE',  #10948 ) ;
#8058 = ORIENTED_EDGE ( 'NONE', *, *, #7597, .T. ) ;
#8059 = ORIENTED_EDGE ( 'NONE', *, *, #5232, .F. ) ;
#8060 = LINE ( 'NONE', #1011, #2956 ) ;
#8061 = ORIENTED_EDGE ( 'NONE', *, *, #1049, .T. ) ;
#8062 = VECTOR ( 'NONE', #9973, 1000.000000000000000 ) ;
#8063 = PLANE ( 'NONE',  #9037 ) ;
#8064 = EDGE_LOOP ( 'NONE', ( #11521, #750, #1926, #6352 ) ) ;
#8065 = PLANE ( 'NONE',  #9113 ) ;
#8066 = VECTOR ( 'NONE', #3086, 1000.000000000000000 ) ;
#8067 = FACE_OUTER_BOUND ( 'NONE', #10055, .T. ) ;
#8068 = DIRECTION ( 'NONE',  ( 0.000000000000000000, 0.000000000000000000, -1.000000000000000000 ) ) ;
#8069 = DIRECTION ( 'NONE',  ( 9.472626901011909774E-16, -1.000000000000000000, 0.000000000000000000 ) ) ;
#8070 = DIRECTION ( 'NONE',  ( -0.000000000000000000, -0.000000000000000000, -1.000000000000000000 ) ) ;
#8071 = AXIS2_PLACEMENT_3D ( 'NONE', #10532, #7525, #7294 ) ;
#8072 = EDGE_CURVE ( 'NONE', #12538, #4137, #9866, .T. ) ;
#8073 = AXIS2_PLACEMENT_3D ( 'NONE', #1634, #9473, #521 ) ;
#8074 = LINE ( 'NONE', #1935, #5588 ) ;
#8076 = ORIENTED_EDGE ( 'NONE', *, *, #11242, .T. ) ;
#8075 = CARTESIAN_POINT ( 'NONE',  ( 166.0440000000000111, 96.45159999999999911, 0.000000000000000000 ) ) ;
#8077 = AXIS2_PLACEMENT_3D ( 'NONE', #8134, #2131, #3250 ) ;
#8078 = ORIENTED_EDGE ( 'NONE', *, *, #3710, .T. ) ;
#8079 = LINE ( 'NONE', #7166, #7400 ) ;
#8080 = EDGE_LOOP ( 'NONE', ( #9268, #4385, #10517, #9563 ) ) ;
#8081 = ADVANCED_FACE ( 'NONE', ( #9089 ), #3, .T. ) ;
#8082 = ORIENTED_EDGE ( 'NONE', *, *, #2892, .T. ) ;
#8083 = VERTEX_POINT ( 'NONE', #9932 ) ;
#8084 = CARTESIAN_POINT ( 'NONE',  ( 162.7429999999999950, 97.37229999999999563, 3.000000000000000000 ) ) ;
#8085 = VECTOR ( 'NONE', #7399, 1000.000000000000000 ) ;
#8086 = CARTESIAN_POINT ( 'NONE',  ( 47.57529999999999859, 21.72200000000000131, 0.000000000000000000 ) ) ;
#8087 = EDGE_CURVE ( 'NONE', #7704, #4995, #5895, .T. ) ;
#8088 = LINE ( 'NONE', #10109, #6115 ) ;
#8089 = CARTESIAN_POINT ( 'NONE',  ( 139.8630000000000280, 58.35159999999999769, 0.000000000000000000 ) ) ;
#8090 = VECTOR ( 'NONE', #2912, 1000.000000000000000 ) ;
#8091 = CARTESIAN_POINT ( 'NONE',  ( 178.5440000000000111, 16.95949999999999847, 0.000000000000000000 ) ) ;
#8092 = CYLINDRICAL_SURFACE ( 'NONE', #9559, 0.9999999999999991118 ) ;
#8093 = VECTOR ( 'NONE', #1370, 1000.000000000000000 ) ;
#8094 = CARTESIAN_POINT ( 'NONE',  ( 96.60692999999997710, 131.5209999999999866, 3.000000000000000000 ) ) ;
#8095 = VERTEX_POINT ( 'NONE', #7972 ) ;
#8096 = DIRECTION ( 'NONE',  ( 0.000000000000000000, 0.000000000000000000, -1.000000000000000000 ) ) ;
#8097 = ORIENTED_EDGE ( 'NONE', *, *, #1200, .F. ) ;
#8098 = ORIENTED_EDGE ( 'NONE', *, *, #834, .T. ) ;
#8099 = ORIENTED_EDGE ( 'NONE', *, *, #4871, .T. ) ;
#8100 = CARTESIAN_POINT ( 'NONE',  ( 0.000000000000000000, 0.000000000000000000, 0.000000000000000000 ) ) ;
#8101 = ADVANCED_FACE ( 'NONE', ( #2166 ), #4067, .T. ) ;
#8102 = FACE_OUTER_BOUND ( 'NONE', #9991, .T. ) ;
#8103 = DIRECTION ( 'NONE',  ( 0.000000000000000000, 1.000000000000000000, 0.000000000000000000 ) ) ;
#8104 = DIRECTION ( 'NONE',  ( 1.000000000000000000, 0.000000000000000000, 0.000000000000000000 ) ) ;
#8105 = AXIS2_PLACEMENT_3D ( 'NONE', #8342, #5279, #7240 ) ;
#8106 = LINE ( 'NONE', #1, #5787 ) ;
#8107 = CARTESIAN_POINT ( 'NONE',  ( 23.40692999999999913, 24.74100000000002098, 0.000000000000000000 ) ) ;
#8108 = CARTESIAN_POINT ( 'NONE',  ( 97.58150000000000546, 112.4980000000000047, 0.000000000000000000 ) ) ;
#8109 = CARTESIAN_POINT ( 'NONE',  ( 26.43220000000000169, 26.77250000000000085, 3.000000000000000000 ) ) ;
#8110 = EDGE_CURVE ( 'NONE', #10617, #9221, #10128, .T. ) ;
#8111 = CYLINDRICAL_SURFACE ( 'NONE', #12212, 0.5000000000000004441 ) ;
#8112 = VERTEX_POINT ( 'NONE', #12150 ) ;
#8114 = ORIENTED_EDGE ( 'NONE', *, *, #10673, .F. ) ;
#8113 = DIRECTION ( 'NONE',  ( 0.000000000000000000, 0.000000000000000000, 1.000000000000000000 ) ) ;
#8115 = DIRECTION ( 'NONE',  ( 1.000000000000000000, 0.000000000000000000, 0.000000000000000000 ) ) ;
#8116 = ORIENTED_EDGE ( 'NONE', *, *, #9950, .F. ) ;
#8117 = DIRECTION ( 'NONE',  ( 0.000000000000000000, 1.000000000000000000, 0.000000000000000000 ) ) ;
#8118 = CARTESIAN_POINT ( 'NONE',  ( 134.8369999999999891, 58.35159999999999769, 0.000000000000000000 ) ) ;
#8119 = CARTESIAN_POINT ( 'NONE',  ( 93.10720000000000596, 45.82269999999999754, 0.000000000000000000 ) ) ;
#8120 = PLANE ( 'NONE',  #6815 ) ;
#8121 = EDGE_CURVE ( 'NONE', #1863, #8939, #4004, .T. ) ;
#8122 = CARTESIAN_POINT ( 'NONE',  ( 159.4939999999999998, 112.4980000000000047, 3.000000000000000000 ) ) ;
#8123 = ORIENTED_EDGE ( 'NONE', *, *, #8862, .F. ) ;
#8124 = ORIENTED_EDGE ( 'NONE', *, *, #6204, .T. ) ;
#8125 = DIRECTION ( 'NONE',  ( -1.000000000000000000, 0.000000000000000000, 0.000000000000000000 ) ) ;
#8126 = ORIENTED_EDGE ( 'NONE', *, *, #6795, .T. ) ;
#8127 = PLANE ( 'NONE',  #1734 ) ;
#8128 = EDGE_LOOP ( 'NONE', ( #6032, #5602, #6179, #1958 ) ) ;
#8129 = PLANE ( 'NONE',  #1396 ) ;
#8130 = EDGE_CURVE ( 'NONE', #10900, #108, #11045, .T. ) ;
#8131 = DIRECTION ( 'NONE',  ( -0.000000000000000000, -0.000000000000000000, -1.000000000000000000 ) ) ;
#8132 = DIRECTION ( 'NONE',  ( -0.000000000000000000, 1.000000000000000000, -0.000000000000000000 ) ) ;
#8133 = DIRECTION ( 'NONE',  ( -0.000000000000000000, -0.000000000000000000, -1.000000000000000000 ) ) ;
#8134 = CARTESIAN_POINT ( 'NONE',  ( 207.3830000000000098, 105.4340820000000178, 3.000000000000000000 ) ) ;
#8135 = DIRECTION ( 'NONE',  ( -1.000000000000000000, 0.000000000000000000, 0.000000000000000000 ) ) ;
#8137 = ORIENTED_EDGE ( 'NONE', *, *, #8822, .T. ) ;
#8136 = LINE ( 'NONE', #225, #11203 ) ;
#8138 = ORIENTED_EDGE ( 'NONE', *, *, #6722, .F. ) ;
#8139 = EDGE_CURVE ( 'NONE', #816, #6866, #7000, .T. ) ;
#8140 = CARTESIAN_POINT ( 'NONE',  ( 14.38192999999999522, 43.29100000000002524, 0.000000000000000000 ) ) ;
#8141 = ORIENTED_EDGE ( 'NONE', *, *, #561, .T. ) ;
#8142 = VECTOR ( 'NONE', #10326, 1000.000000000000000 ) ;
#8143 = ORIENTED_EDGE ( 'NONE', *, *, #8822, .F. ) ;
#8144 = ORIENTED_EDGE ( 'NONE', *, *, #10660, .T. ) ;
#8145 = CARTESIAN_POINT ( 'NONE',  ( 54.71900000000000119, 97.92189999999999372, 3.000000000000000000 ) ) ;
#8146 = EDGE_CURVE ( 'NONE', #9067, #2321, #9155, .T. ) ;
#8147 = FACE_OUTER_BOUND ( 'NONE', #11276, .T. ) ;
#8148 = FACE_OUTER_BOUND ( 'NONE', #7889, .T. ) ;
#8149 = AXIS2_PLACEMENT_3D ( 'NONE', #11609, #511, #635 ) ;
#8150 = DIRECTION ( 'NONE',  ( 0.000000000000000000, -0.000000000000000000, 1.000000000000000000 ) ) ;
#8151 = DIRECTION ( 'NONE',  ( -0.000000000000000000, 1.000000000000000000, -0.000000000000000000 ) ) ;
#8152 = LINE ( 'NONE', #5286, #11020 ) ;
#8153 = AXIS2_PLACEMENT_3D ( 'NONE', #12266, #5345, #9137 ) ;
#8154 = LINE ( 'NONE', #5881, #9097 ) ;
#8155 = ORIENTED_EDGE ( 'NONE', *, *, #9103, .F. ) ;
#8156 = LINE ( 'NONE', #10054, #12181 ) ;
#8157 = ORIENTED_EDGE ( 'NONE', *, *, #9674, .T. ) ;
#8158 = ORIENTED_EDGE ( 'NONE', *, *, #9835, .T. ) ;
#8159 = ORIENTED_EDGE ( 'NONE', *, *, #551, .F. ) ;
#8160 = CARTESIAN_POINT ( 'NONE',  ( 16.61919999999999931, 97.92189999999999372, 3.000000000000000000 ) ) ;
#8161 = EDGE_CURVE ( 'NONE', #4217, #7690, #67, .T. ) ;
#8162 = CARTESIAN_POINT ( 'NONE',  ( 50.82469999999999999, 20.25169999999999959, 3.000000000000000000 ) ) ;
#8163 = VECTOR ( 'NONE', #9153, 1000.000000000000000 ) ;
#8164 = LINE ( 'NONE', #12147, #9444 ) ;
#8165 = LINE ( 'NONE', #6343, #2457 ) ;
#8166 = EDGE_CURVE ( 'NONE', #9249, #3969, #10186, .T. ) ;
#8167 = VECTOR ( 'NONE', #1753, 1000.000000000000000 ) ;
#8168 = DIRECTION ( 'NONE',  ( -1.000000000000000000, 0.000000000000000000, 0.000000000000000000 ) ) ;
#8169 = DIRECTION ( 'NONE',  ( -0.000000000000000000, -0.000000000000000000, -1.000000000000000000 ) ) ;
#8170 = DIRECTION ( 'NONE',  ( 1.000000000000000000, -0.000000000000000000, -0.000000000000000000 ) ) ;
#8171 = DIRECTION ( 'NONE',  ( -0.000000000000000000, -1.000000000000000000, -0.000000000000000000 ) ) ;
#8172 = ORIENTED_EDGE ( 'NONE', *, *, #3310, .T. ) ;
#8173 = ORIENTED_EDGE ( 'NONE', *, *, #7926, .T. ) ;
#8175 = VERTEX_POINT ( 'NONE', #8429 ) ;
#8174 = DIRECTION ( 'NONE',  ( -1.000000000000000000, -0.000000000000000000, -0.000000000000000000 ) ) ;
#8176 = PLANE ( 'NONE',  #11410 ) ;
#8177 = ORIENTED_EDGE ( 'NONE', *, *, #10519, .F. ) ;
#8178 = ADVANCED_FACE ( 'NONE', ( #6470 ), #9469, .T. ) ;
#8179 = CARTESIAN_POINT ( 'NONE',  ( 116.9180000000000064, 97.92189999999999372, 3.000000000000000000 ) ) ;
#8180 = CARTESIAN_POINT ( 'NONE',  ( 138.9430000000000121, 97.37229999999999563, 0.000000000000000000 ) ) ;
#8181 = EDGE_CURVE ( 'NONE', #3969, #44, #393, .T. ) ;
#8182 = CARTESIAN_POINT ( 'NONE',  ( 136.5620000000000118, 45.07159999999999656, 0.000000000000000000 ) ) ;
#8183 = ADVANCED_FACE ( 'NONE', ( #9215 ), #11244, .F. ) ;
#8184 = AXIS2_PLACEMENT_3D ( 'NONE', #7050, #10048, #12681 ) ;
#8185 = CARTESIAN_POINT ( 'NONE',  ( 145.4930000000000234, 83.92270000000000607, 3.000000000000000000 ) ) ;
#8186 = VECTOR ( 'NONE', #10135, 1000.000000000000000 ) ;
#8187 = CARTESIAN_POINT ( 'NONE',  ( 157.1129999999999995, 55.12149999999999750, 3.000000000000000000 ) ) ;
#8188 = EDGE_LOOP ( 'NONE', ( #6161, #6304, #10525, #1760 ) ) ;
#8189 = ORIENTED_EDGE ( 'NONE', *, *, #496, .T. ) ;
#8190 = ORIENTED_EDGE ( 'NONE', *, *, #8948, .T. ) ;
#8191 = PLANE ( 'NONE',  #10691 ) ;
#8192 = ORIENTED_EDGE ( 'NONE', *, *, #12146, .F. ) ;
#8193 = DIRECTION ( 'NONE',  ( -0.000000000000000000, -0.000000000000000000, -1.000000000000000000 ) ) ;
#8194 = VECTOR ( 'NONE', #5861, 1000.000000000000000 ) ;
#8195 = EDGE_CURVE ( 'NONE', #11916, #5153, #10198, .T. ) ;
#8196 = LINE ( 'NONE', #6184, #6290 ) ;
#8197 = LINE ( 'NONE', #1078, #10146 ) ;
#8198 = DIRECTION ( 'NONE',  ( -0.000000000000000000, -0.000000000000000000, -1.000000000000000000 ) ) ;
#8199 = DIRECTION ( 'NONE',  ( -0.000000000000000000, -1.000000000000000000, -0.000000000000000000 ) ) ;
#8200 = CARTESIAN_POINT ( 'NONE',  ( 30.32509999999999906, 21.17220000000000368, 3.000000000000000000 ) ) ;
#8201 = VECTOR ( 'NONE', #11518, 1000.000000000000000 ) ;
#8203 = ORIENTED_EDGE ( 'NONE', *, *, #6204, .F. ) ;
#8202 = CARTESIAN_POINT ( 'NONE',  ( 136.3940000000000055, 90.42260000000000275, 0.000000000000000000 ) ) ;
#8204 = EDGE_CURVE ( 'NONE', #9693, #262, #3471, .T. ) ;
#8205 = ORIENTED_EDGE ( 'NONE', *, *, #9624, .F. ) ;
#8206 = CARTESIAN_POINT ( 'NONE',  ( 15.38193000000002542, -3.565918000000004806, 0.000000000000000000 ) ) ;
#8207 = EDGE_LOOP ( 'NONE', ( #8391, #4475, #10745, #12372 ) ) ;
#8208 = VERTEX_POINT ( 'NONE', #2299 ) ;
#8209 = VERTEX_POINT ( 'NONE', #256 ) ;
#8210 = CARTESIAN_POINT ( 'NONE',  ( 116.9180000000000064, 83.92270000000000607, 3.000000000000000000 ) ) ;
#8211 = CARTESIAN_POINT ( 'NONE',  ( 197.5939999999999941, 16.95949999999999847, 3.000000000000000000 ) ) ;
#8212 = VECTOR ( 'NONE', #5955, 1000.000000000000000 ) ;
#8213 = LINE ( 'NONE', #11937, #1108 ) ;
#8214 = CIRCLE ( 'NONE', #5900, 0.5000000000000004441 ) ;
#8215 = LINE ( 'NONE', #2344, #2149 ) ;
#8216 = ADVANCED_FACE ( 'NONE', ( #1438 ), #1246, .T. ) ;
#8217 = CARTESIAN_POINT ( 'NONE',  ( 35.66899999999999693, 83.92270000000000607, 3.000000000000000000 ) ) ;
#8218 = DIRECTION ( 'NONE',  ( -0.000000000000000000, 0.000000000000000000, -1.000000000000000000 ) ) ;
#8219 = VECTOR ( 'NONE', #11235, 1000.000000000000000 ) ;
#8220 = DIRECTION ( 'NONE',  ( -0.000000000000000000, -0.000000000000000000, -1.000000000000000000 ) ) ;
#8221 = EDGE_CURVE ( 'NONE', #6332, #7753, #4514, .T. ) ;
#8222 = VERTEX_POINT ( 'NONE', #6406 ) ;
#8223 = CARTESIAN_POINT ( 'NONE',  ( 21.38169999999999860, 112.4980000000000047, 0.000000000000000000 ) ) ;
#8224 = VECTOR ( 'NONE', #11088, 1000.000000000000000 ) ;
#8225 = EDGE_LOOP ( 'NONE', ( #2603, #3556, #7355, #765 ) ) ;
#8226 = VERTEX_POINT ( 'NONE', #12477 ) ;
#8227 = ORIENTED_EDGE ( 'NONE', *, *, #6307, .T. ) ;
#8228 = CARTESIAN_POINT ( 'NONE',  ( 107.1070000000000135, 59.82189999999999941, 0.000000000000000000 ) ) ;
#8229 = FACE_OUTER_BOUND ( 'NONE', #6578, .T. ) ;
#8230 = VECTOR ( 'NONE', #11221, 1000.000000000000000 ) ;
#8231 = DIRECTION ( 'NONE',  ( -0.000000000000000000, -1.000000000000000000, -0.000000000000000000 ) ) ;
#8232 = CARTESIAN_POINT ( 'NONE',  ( 99.10692999999997710, 131.5209999999999866, 0.000000000000000000 ) ) ;
#8233 = ADVANCED_FACE ( 'NONE', ( #11364 ), #7196, .T. ) ;
#8234 = DIRECTION ( 'NONE',  ( 1.000000000000000000, -0.000000000000000000, -0.000000000000000000 ) ) ;
#8235 = DIRECTION ( 'NONE',  ( 0.000000000000000000, 0.000000000000000000, 1.000000000000000000 ) ) ;
#8236 = CARTESIAN_POINT ( 'NONE',  ( 6.606929999999981540, 131.5209999999999866, 3.000000000000000000 ) ) ;
#8237 = EDGE_CURVE ( 'NONE', #7638, #7230, #9400, .T. ) ;
#8238 = AXIS2_PLACEMENT_3D ( 'NONE', #11383, #6430, #4600 ) ;
#8239 = CARTESIAN_POINT ( 'NONE',  ( 5.856929999999982428, 133.0209999999999866, 0.000000000000000000 ) ) ;
#8240 = ORIENTED_EDGE ( 'NONE', *, *, #12306, .F. ) ;
#8241 = ORIENTED_EDGE ( 'NONE', *, *, #5700, .T. ) ;
#8242 = VECTOR ( 'NONE', #8406, 1000.000000000000000 ) ;
#8244 = ORIENTED_EDGE ( 'NONE', *, *, #4906, .T. ) ;
#8243 = LINE ( 'NONE', #4462, #2769 ) ;
#8245 = ADVANCED_FACE ( 'NONE', ( #9345 ), #452, .T. ) ;
#8246 = DIRECTION ( 'NONE',  ( -0.000000000000000000, -0.000000000000000000, 1.000000000000000000 ) ) ;
#8247 = ORIENTED_EDGE ( 'NONE', *, *, #9882, .F. ) ;
#8248 = VECTOR ( 'NONE', #7066, 1000.000000000000000 ) ;
#8249 = VECTOR ( 'NONE', #5567, 1000.000000000000000 ) ;
#8250 = EDGE_CURVE ( 'NONE', #11930, #4024, #2426, .T. ) ;
#8251 = DIRECTION ( 'NONE',  ( 1.000000000000000000, 2.276539994720219842E-16, -0.000000000000000000 ) ) ;
#8252 = FACE_OUTER_BOUND ( 'NONE', #11879, .T. ) ;
#8253 = SURFACE_STYLE_FILL_AREA ( #10467 ) ;
#8254 = DIRECTION ( 'NONE',  ( 0.000000000000000000, -1.000000000000000000, 0.000000000000000000 ) ) ;
#8255 = DIRECTION ( 'NONE',  ( -0.000000000000000000, -0.000000000000000000, -1.000000000000000000 ) ) ;
#8256 = VECTOR ( 'NONE', #12462, 1000.000000000000000 ) ;
#8257 = VERTEX_POINT ( 'NONE', #4327 ) ;
#8258 = ORIENTED_EDGE ( 'NONE', *, *, #4415, .T. ) ;
#8259 = ORIENTED_EDGE ( 'NONE', *, *, #581, .T. ) ;
#8260 = EDGE_CURVE ( 'NONE', #10831, #7285, #8303, .T. ) ;
#8262 = EDGE_CURVE ( 'NONE', #5853, #7086, #7447, .T. ) ;
#8261 = DIRECTION ( 'NONE',  ( -0.000000000000000000, 1.000000000000000000, -0.000000000000000000 ) ) ;
#8263 = ORIENTED_EDGE ( 'NONE', *, *, #5315, .F. ) ;
#8264 = LINE ( 'NONE', #10608, #7033 ) ;
#8265 = PLANE ( 'NONE',  #973 ) ;
#8266 = AXIS2_PLACEMENT_3D ( 'NONE', #10914, #9217, #11181 ) ;
#8267 = DIRECTION ( 'NONE',  ( -0.000000000000000000, -0.000000000000000000, -1.000000000000000000 ) ) ;
#8268 = LINE ( 'NONE', #5210, #8504 ) ;
#8269 = FACE_OUTER_BOUND ( 'NONE', #8452, .T. ) ;
#8271 = ORIENTED_EDGE ( 'NONE', *, *, #10444, .F. ) ;
#8270 = EDGE_LOOP ( 'NONE', ( #8465, #8871, #8761, #8326 ) ) ;
#8272 = ADVANCED_FACE ( 'NONE', ( #4390 ), #8363, .T. ) ;
#8273 = ORIENTED_EDGE ( 'NONE', *, *, #10786, .T. ) ;
#8274 = LINE ( 'NONE', #10424, #2601 ) ;
#8275 = ORIENTED_EDGE ( 'NONE', *, *, #7503, .T. ) ;
#8276 = VECTOR ( 'NONE', #8319, 1000.000000000000000 ) ;
#8277 = ORIENTED_EDGE ( 'NONE', *, *, #2842, .T. ) ;
#8278 = VECTOR ( 'NONE', #5397, 1000.000000000000000 ) ;
#8279 = EDGE_LOOP ( 'NONE', ( #10713, #1942, #4229, #11821 ) ) ;
#8280 = CARTESIAN_POINT ( 'NONE',  ( 69.00650000000000261, 45.82269999999999754, 3.000000000000000000 ) ) ;
#8281 = CARTESIAN_POINT ( 'NONE',  ( 88.34470000000000312, 64.87269999999999470, 0.000000000000000000 ) ) ;
#8282 = CARTESIAN_POINT ( 'NONE',  ( 188.3569999999999993, 64.87269999999999470, 3.000000000000000000 ) ) ;
#8283 = CARTESIAN_POINT ( 'NONE',  ( 209.8830000000000098, 134.0210000000000150, 0.000000000000000000 ) ) ;
#8284 = VECTOR ( 'NONE', #5498, 1000.000000000000000 ) ;
#8285 = EDGE_CURVE ( 'NONE', #8953, #10841, #11428, .T. ) ;
#8286 = DIRECTION ( 'NONE',  ( -0.000000000000000000, -0.000000000000000000, -1.000000000000000000 ) ) ;
#8287 = VECTOR ( 'NONE', #792, 1000.000000000000000 ) ;
#8288 = DIRECTION ( 'NONE',  ( 1.000000000000000000, -0.000000000000000000, -0.000000000000000000 ) ) ;
#8289 = CARTESIAN_POINT ( 'NONE',  ( 0.5939299999999920754, 109.9710000000000036, 0.000000000000000000 ) ) ;
#8290 = ORIENTED_EDGE ( 'NONE', *, *, #2804, .F. ) ;
#8291 = CARTESIAN_POINT ( 'NONE',  ( 159.4939999999999998, 83.92270000000000607, 3.000000000000000000 ) ) ;
#8292 = AXIS2_PLACEMENT_3D ( 'NONE', #11147, #2132, #603 ) ;
#8293 = ORIENTED_EDGE ( 'NONE', *, *, #7931, .F. ) ;
#8294 = ORIENTED_EDGE ( 'NONE', *, *, #311, .T. ) ;
#8295 = VERTEX_POINT ( 'NONE', #5752 ) ;
#8296 = CARTESIAN_POINT ( 'NONE',  ( 30.32509999999999906, 21.17220000000000368, 0.000000000000000000 ) ) ;
#8297 = AXIS2_PLACEMENT_3D ( 'NONE', #614, #8584, #4485 ) ;
#8298 = CARTESIAN_POINT ( 'NONE',  ( 27.02609999999999957, 7.952670000000000350, 0.000000000000000000 ) ) ;
#8299 = LINE ( 'NONE', #12283, #1694 ) ;
#8300 = EDGE_CURVE ( 'NONE', #4430, #2030, #10578, .T. ) ;
#8301 = LINE ( 'NONE', #6468, #4750 ) ;
#8302 = VECTOR ( 'NONE', #406, 1000.000000000000000 ) ;
#8303 = LINE ( 'NONE', #3348, #790 ) ;
#8304 = CARTESIAN_POINT ( 'NONE',  ( 35.66899999999999693, 97.92189999999999372, 0.000000000000000000 ) ) ;
#8305 = CARTESIAN_POINT ( 'NONE',  ( 64.53220000000000312, 26.77250000000000085, 3.000000000000000000 ) ) ;
#8306 = LINE ( 'NONE', #11491, #10304 ) ;
#8307 = ORIENTED_EDGE ( 'NONE', *, *, #6840, .T. ) ;
#8308 = ORIENTED_EDGE ( 'NONE', *, *, #8811, .T. ) ;
#8309 = ADVANCED_FACE ( 'NONE', ( #10704 ), #12594, .T. ) ;
#8311 = ORIENTED_EDGE ( 'NONE', *, *, #5557, .F. ) ;
#8310 = DIRECTION ( 'NONE',  ( -0.000000000000000000, -0.000000000000000000, 1.000000000000000000 ) ) ;
#8312 = VECTOR ( 'NONE', #8288, 1000.000000000000000 ) ;
#8313 = DIRECTION ( 'NONE',  ( 0.000000000000000000, 0.000000000000000000, 1.000000000000000000 ) ) ;
#8314 = EDGE_LOOP ( 'NONE', ( #5968, #10217, #4559, #12351 ) ) ;
#8315 = ADVANCED_FACE ( 'NONE', ( #4638 ), #3792, .T. ) ;
#8316 = CARTESIAN_POINT ( 'NONE',  ( 56.67589999999999861, 14.22269999999999968, 3.000000000000000000 ) ) ;
#8317 = CARTESIAN_POINT ( 'NONE',  ( 35.66899999999999693, 97.92189999999999372, 3.000000000000000000 ) ) ;
#8318 = DIRECTION ( 'NONE',  ( -1.000000000000000000, 0.000000000000000000, 0.000000000000000000 ) ) ;
#8319 = DIRECTION ( 'NONE',  ( 0.000000000000000000, 1.000000000000000000, 0.000000000000000000 ) ) ;
#8320 = DIRECTION ( 'NONE',  ( -0.000000000000000000, -0.000000000000000000, 1.000000000000000000 ) ) ;
#8321 = VERTEX_POINT ( 'NONE', #2685 ) ;
#8322 = VERTEX_POINT ( 'NONE', #6663 ) ;
#8323 = EDGE_CURVE ( 'NONE', #2317, #11377, #585, .T. ) ;
#8324 = ORIENTED_EDGE ( 'NONE', *, *, #8935, .T. ) ;
#8325 = CARTESIAN_POINT ( 'NONE',  ( 107.1070000000000135, 59.82189999999999941, 3.000000000000000000 ) ) ;
#8326 = ORIENTED_EDGE ( 'NONE', *, *, #10024, .T. ) ;
#8327 = CARTESIAN_POINT ( 'NONE',  ( 71.67600000000000193, 21.72200000000000131, 3.000000000000000000 ) ) ;
#8328 = EDGE_CURVE ( 'NONE', #1849, #2623, #12533, .T. ) ;
#8329 = LINE ( 'NONE', #7350, #1179 ) ;
#8330 = LINE ( 'NONE', #4224, #12380 ) ;
#8331 = DIRECTION ( 'NONE',  ( 0.000000000000000000, -1.000000000000000000, 0.000000000000000000 ) ) ;
#8332 = ADVANCED_FACE ( 'NONE', ( #837 ), #10638, .T. ) ;
#8333 = DIRECTION ( 'NONE',  ( 0.000000000000000000, 1.000000000000000000, 0.000000000000000000 ) ) ;
#8334 = EDGE_CURVE ( 'NONE', #7855, #7704, #7566, .T. ) ;
#8336 = EDGE_LOOP ( 'NONE', ( #3448, #2606, #3682, #212 ) ) ;
#8335 = ORIENTED_EDGE ( 'NONE', *, *, #11043, .F. ) ;
#8337 = ORIENTED_EDGE ( 'NONE', *, *, #2040, .T. ) ;
#8338 = DIRECTION ( 'NONE',  ( -1.000000000000000000, 0.000000000000000000, 0.000000000000000000 ) ) ;
#8339 = EDGE_LOOP ( 'NONE', ( #1091, #5288, #12383, #5523 ) ) ;
#8340 = ORIENTED_EDGE ( 'NONE', *, *, #5329, .F. ) ;
#8341 = ORIENTED_EDGE ( 'NONE', *, *, #3850, .F. ) ;
#8342 = CARTESIAN_POINT ( 'NONE',  ( 141.5879999999999939, 55.12149999999999750, 3.000000000000000000 ) ) ;
#8343 = CARTESIAN_POINT ( 'NONE',  ( 88.34470000000000312, 78.87189999999999657, 0.000000000000000000 ) ) ;
#8344 = DIRECTION ( 'NONE',  ( 0.000000000000000000, 0.000000000000000000, -1.000000000000000000 ) ) ;
#8345 = CARTESIAN_POINT ( 'NONE',  ( 95.48710000000001230, 21.72200000000000131, 3.000000000000000000 ) ) ;
#8346 = ADVANCED_FACE ( 'NONE', ( #9788 ), #2616, .T. ) ;
#8347 = DIRECTION ( 'NONE',  ( -1.000000000000000000, 0.000000000000000000, 0.000000000000000000 ) ) ;
#8348 = CARTESIAN_POINT ( 'NONE',  ( 166.2119999999999891, 52.32260000000000133, 3.000000000000000000 ) ) ;
#8349 = ADVANCED_FACE ( 'NONE', ( #1632 ), #5626, .T. ) ;
#8350 = CARTESIAN_POINT ( 'NONE',  ( 92.81900000000000261, 97.92189999999999372, 3.000000000000000000 ) ) ;
#8351 = EDGE_LOOP ( 'NONE', ( #4632, #7007, #5731, #8189 ) ) ;
#8352 = DIRECTION ( 'NONE',  ( -0.000000000000000000, -0.000000000000000000, -1.000000000000000000 ) ) ;
#8353 = ORIENTED_EDGE ( 'NONE', *, *, #12795, .T. ) ;
#8354 = ORIENTED_EDGE ( 'NONE', *, *, #3965, .F. ) ;
#8355 = EDGE_LOOP ( 'NONE', ( #12905, #7738, #10397, #10203 ) ) ;
#8356 = DIRECTION ( 'NONE',  ( -0.000000000000000000, -0.000000000000000000, -1.000000000000000000 ) ) ;
#8357 = VECTOR ( 'NONE', #10633, 1000.000000000000000 ) ;
#8358 = DIRECTION ( 'NONE',  ( -0.000000000000000000, -0.000000000000000000, -1.000000000000000000 ) ) ;
#8359 = CARTESIAN_POINT ( 'NONE',  ( 97.58150000000000546, 26.77250000000000085, 3.000000000000000000 ) ) ;
#8360 = EDGE_CURVE ( 'NONE', #11607, #7186, #10511, .T. ) ;
#8361 = VECTOR ( 'NONE', #8985, 1000.000000000000000 ) ;
#8362 = CARTESIAN_POINT ( 'NONE',  ( 138.9430000000000121, 97.37229999999999563, 3.000000000000000000 ) ) ;
#8363 = PLANE ( 'NONE',  #9343 ) ;
#8364 = CARTESIAN_POINT ( 'NONE',  ( 50.82469999999999999, 20.25169999999999959, 0.000000000000000000 ) ) ;
#8365 = FACE_OUTER_BOUND ( 'NONE', #3527, .T. ) ;
#8366 = ORIENTED_EDGE ( 'NONE', *, *, #10434, .T. ) ;
#8367 = CARTESIAN_POINT ( 'NONE',  ( 207.3830000000000098, 105.4340820000000178, 0.000000000000000000 ) ) ;
#8368 = VERTEX_POINT ( 'NONE', #8814 ) ;
#8369 = VERTEX_POINT ( 'NONE', #1566 ) ;
#8370 = EDGE_CURVE ( 'NONE', #9964, #11464, #1824, .T. ) ;
#8371 = DIRECTION ( 'NONE',  ( -0.000000000000000000, -0.000000000000000000, -1.000000000000000000 ) ) ;
#8372 = VECTOR ( 'NONE', #719, 1000.000000000000000 ) ;
#8374 = ORIENTED_EDGE ( 'NONE', *, *, #9556, .T. ) ;
#8373 = DIRECTION ( 'NONE',  ( -0.000000000000000000, 1.000000000000000000, -0.000000000000000000 ) ) ;
#8375 = DIRECTION ( 'NONE',  ( 1.000000000000000000, 0.000000000000000000, 0.000000000000000000 ) ) ;
#8376 = EDGE_LOOP ( 'NONE', ( #1264, #10665, #6819, #591 ) ) ;
#8377 = VECTOR ( 'NONE', #10110, 1000.000000000000000 ) ;
#8378 = CARTESIAN_POINT ( 'NONE',  ( 33.57589999999999719, 17.02149999999999963, 3.000000000000000000 ) ) ;
#8379 = DIRECTION ( 'NONE',  ( -1.000000000000000000, -0.000000000000000000, -0.000000000000000000 ) ) ;
#8380 = CARTESIAN_POINT ( 'NONE',  ( 161.0180000000000007, 84.15269999999999584, 3.000000000000000000 ) ) ;
#8381 = AXIS2_PLACEMENT_3D ( 'NONE', #3541, #2625, #10588 ) ;
#8382 = EDGE_CURVE ( 'NONE', #2661, #1939, #9532, .T. ) ;
#8383 = PLANE ( 'NONE',  #9704 ) ;
#8384 = CARTESIAN_POINT ( 'NONE',  ( 15.38193000000002542, -3.565918000000004806, 3.000000000000000000 ) ) ;
#8385 = VECTOR ( 'NONE', #9514, 1000.000000000000000 ) ;
#8386 = EDGE_LOOP ( 'NONE', ( #11339, #8353, #4802, #8527 ) ) ;
#8387 = EDGE_CURVE ( 'NONE', #11084, #1849, #12664, .T. ) ;
#8388 = ORIENTED_EDGE ( 'NONE', *, *, #4519, .T. ) ;
#8389 = EDGE_LOOP ( 'NONE', ( #5233, #12139, #12654, #8802 ) ) ;
#8390 = CARTESIAN_POINT ( 'NONE',  ( 166.2119999999999891, 52.32260000000000133, 0.000000000000000000 ) ) ;
#8391 = ORIENTED_EDGE ( 'NONE', *, *, #311, .F. ) ;
#8392 = FACE_BOUND ( 'NONE', #944, .T. ) ;
#8393 = DIRECTION ( 'NONE',  ( 0.000000000000000000, 1.000000000000000000, 0.000000000000000000 ) ) ;
#8394 = CARTESIAN_POINT ( 'NONE',  ( 139.8630000000000280, 59.27230000000000132, 0.000000000000000000 ) ) ;
#8395 = DIRECTION ( 'NONE',  ( -0.000000000000000000, -0.000000000000000000, -1.000000000000000000 ) ) ;
#8396 = AXIS2_PLACEMENT_3D ( 'NONE', #263, #7272, #2498 ) ;
#8397 = EDGE_CURVE ( 'NONE', #12386, #6974, #3533, .T. ) ;
#8399 = ORIENTED_EDGE ( 'NONE', *, *, #7440, .T. ) ;
#8398 = ORIENTED_EDGE ( 'NONE', *, *, #5952, .F. ) ;
#8400 = VERTEX_POINT ( 'NONE', #775 ) ;
#8401 = LINE ( 'NONE', #10173, #8449 ) ;
#8402 = AXIS2_PLACEMENT_3D ( 'NONE', #2192, #6049, #9963 ) ;
#8403 = ORIENTED_EDGE ( 'NONE', *, *, #11294, .T. ) ;
#8404 = VECTOR ( 'NONE', #8427, 1000.000000000000000 ) ;
#8405 = ORIENTED_EDGE ( 'NONE', *, *, #4342, .F. ) ;
#8406 = DIRECTION ( 'NONE',  ( 0.000000000000000000, 1.000000000000000000, 0.000000000000000000 ) ) ;
#8407 = EDGE_CURVE ( 'NONE', #7217, #2275, #4774, .T. ) ;
#8408 = DIRECTION ( 'NONE',  ( -0.000000000000000000, -0.000000000000000000, 1.000000000000000000 ) ) ;
#8409 = DIRECTION ( 'NONE',  ( 0.000000000000000000, 0.000000000000000000, -1.000000000000000000 ) ) ;
#8410 = FACE_OUTER_BOUND ( 'NONE', #2644, .T. ) ;
#8411 = LINE ( 'NONE', #12392, #4648 ) ;
#8412 = VECTOR ( 'NONE', #12516, 1000.000000000000000 ) ;
#8413 = FACE_OUTER_BOUND ( 'NONE', #1830, .T. ) ;
#8414 = LINE ( 'NONE', #12396, #12005 ) ;
#8415 = EDGE_LOOP ( 'NONE', ( #2677, #2526, #8934, #10361 ) ) ;
#8416 = CARTESIAN_POINT ( 'NONE',  ( 33.57589999999999719, 21.72200000000000131, 3.000000000000000000 ) ) ;
#8417 = VERTEX_POINT ( 'NONE', #7760 ) ;
#8418 = ORIENTED_EDGE ( 'NONE', *, *, #11482, .F. ) ;
#8419 = VECTOR ( 'NONE', #7839, 1000.000000000000000 ) ;
#8420 = ORIENTED_EDGE ( 'NONE', *, *, #1653, .F. ) ;
#8421 = AXIS2_PLACEMENT_3D ( 'NONE', #6420, #4530, #8443 ) ;
#8422 = CARTESIAN_POINT ( 'NONE',  ( 188.3569999999999993, 78.87189999999999657, 0.000000000000000000 ) ) ;
#8423 = VECTOR ( 'NONE', #1856, 1000.000000000000000 ) ;
#8424 = EDGE_CURVE ( 'NONE', #9319, #7571, #4141, .T. ) ;
#8425 = CARTESIAN_POINT ( 'NONE',  ( 26.43220000000000169, 40.77190000000000225, 0.000000000000000000 ) ) ;
#8426 = EDGE_CURVE ( 'NONE', #11130, #10233, #2893, .T. ) ;
#8427 = DIRECTION ( 'NONE',  ( 0.000000000000000000, -1.000000000000000000, 0.000000000000000000 ) ) ;
#8428 = CARTESIAN_POINT ( 'NONE',  ( 159.4939999999999998, 126.4969999999999999, 3.000000000000000000 ) ) ;
#8429 = CARTESIAN_POINT ( 'NONE',  ( 97.58150000000000546, 40.77190000000000225, 0.000000000000000000 ) ) ;
#8430 = VECTOR ( 'NONE', #11174, 1000.000000000000000 ) ;
#8431 = CARTESIAN_POINT ( 'NONE',  ( 164.2570000000000050, 64.87269999999999470, 0.000000000000000000 ) ) ;
#8432 = DIRECTION ( 'NONE',  ( -0.000000000000000000, -0.000000000000000000, -1.000000000000000000 ) ) ;
#8433 = DIRECTION ( 'NONE',  ( -0.000000000000000000, -0.000000000000000000, -1.000000000000000000 ) ) ;
#8434 = VERTEX_POINT ( 'NONE', #11094 ) ;
#8435 = FACE_OUTER_BOUND ( 'NONE', #3756, .T. ) ;
#8436 = ORIENTED_EDGE ( 'NONE', *, *, #8759, .T. ) ;
#8437 = ORIENTED_EDGE ( 'NONE', *, *, #2150, .F. ) ;
#8438 = ADVANCED_FACE ( 'NONE', ( #9008 ), #8092, .T. ) ;
#8439 = LINE ( 'NONE', #7574, #7747 ) ;
#8440 = VECTOR ( 'NONE', #7327, 1000.000000000000000 ) ;
#8442 = VERTEX_POINT ( 'NONE', #1035 ) ;
#8441 = CARTESIAN_POINT ( 'NONE',  ( 92.81900000000000261, 83.92270000000000607, 3.000000000000000000 ) ) ;
#8443 = DIRECTION ( 'NONE',  ( 0.000000000000000000, 0.000000000000000000, 1.000000000000000000 ) ) ;
#8444 = ORIENTED_EDGE ( 'NONE', *, *, #3872, .F. ) ;
#8445 = CARTESIAN_POINT ( 'NONE',  ( 9.618929999999993541, 62.84100000000002240, 3.000000000000000000 ) ) ;
#8446 = PLANE ( 'NONE',  #7656 ) ;
#8447 = CARTESIAN_POINT ( 'NONE',  ( 49.10099999999999909, 12.42159999999999975, 0.000000000000000000 ) ) ;
#8448 = FILL_AREA_STYLE_COLOUR ( '', #10376 ) ;
#8449 = VECTOR ( 'NONE', #1475, 1000.000000000000000 ) ;
#8450 = CARTESIAN_POINT ( 'NONE',  ( 97.85692999999997710, 131.5209999999999866, 0.000000000000000000 ) ) ;
#8451 = CARTESIAN_POINT ( 'NONE',  ( 138.9430000000000121, 83.17159999999999798, 0.000000000000000000 ) ) ;
#8452 = EDGE_LOOP ( 'NONE', ( #8138, #893, #4089, #7329 ) ) ;
#8453 = EDGE_LOOP ( 'NONE', ( #4829, #1025, #2481, #8048 ) ) ;
#8454 = CARTESIAN_POINT ( 'NONE',  ( 178.5440000000000111, 2.960030000000000161, 0.000000000000000000 ) ) ;
#8455 = VECTOR ( 'NONE', #5519, 1000.000000000000000 ) ;
#8456 = ORIENTED_EDGE ( 'NONE', *, *, #3758, .F. ) ;
#8457 = EDGE_CURVE ( 'NONE', #11737, #9753, #1950, .T. ) ;
#8458 = DIRECTION ( 'NONE',  ( -1.000000000000000000, 0.000000000000000000, 0.000000000000000000 ) ) ;
#8459 = FACE_OUTER_BOUND ( 'NONE', #5027, .T. ) ;
#8460 = CARTESIAN_POINT ( 'NONE',  ( 78.53149999999999409, 112.4980000000000047, 3.000000000000000000 ) ) ;
#8461 = EDGE_CURVE ( 'NONE', #1257, #692, #12071, .T. ) ;
#8462 = CARTESIAN_POINT ( 'NONE',  ( 162.7429999999999950, 97.37229999999999563, 3.000000000000000000 ) ) ;
#8463 = AXIS2_PLACEMENT_3D ( 'NONE', #7197, #2235, #4005 ) ;
#8465 = ORIENTED_EDGE ( 'NONE', *, *, #209, .F. ) ;
#8464 = VERTEX_POINT ( 'NONE', #9850 ) ;
#8466 = ORIENTED_EDGE ( 'NONE', *, *, #817, .T. ) ;
#8467 = CARTESIAN_POINT ( 'NONE',  ( 158.6370000000000005, 55.12149999999999750, 3.000000000000000000 ) ) ;
#8468 = EDGE_LOOP ( 'NONE', ( #6079, #10970, #7595, #11574 ) ) ;
#8469 = VERTEX_POINT ( 'NONE', #4905 ) ;
#8470 = EDGE_CURVE ( 'NONE', #8321, #8949, #11813, .T. ) ;
#8471 = CARTESIAN_POINT ( 'NONE',  ( 107.1070000000000135, 45.82269999999999754, 0.000000000000000000 ) ) ;
#8472 = VECTOR ( 'NONE', #5228, 1000.000000000000000 ) ;
#8473 = DIRECTION ( 'NONE',  ( 1.000000000000000000, 0.000000000000000000, 0.000000000000000000 ) ) ;
#8474 = DIRECTION ( 'NONE',  ( -1.000000000000000000, 0.000000000000000000, 0.000000000000000000 ) ) ;
#8475 = PLANE ( 'NONE',  #6116 ) ;
#8476 = ADVANCED_FACE ( 'NONE', ( #8880 ), #5034, .T. ) ;
#8477 = DIRECTION ( 'NONE',  ( -0.000000000000000000, -0.000000000000000000, -1.000000000000000000 ) ) ;
#8478 = EDGE_CURVE ( 'NONE', #8837, #3976, #10114, .T. ) ;
#8479 = AXIS2_PLACEMENT_3D ( 'NONE', #3947, #4196, #2169 ) ;
#8480 = CARTESIAN_POINT ( 'NONE',  ( 49.95649999999999835, 45.82269999999999754, 0.000000000000000000 ) ) ;
#8481 = AXIS2_PLACEMENT_3D ( 'NONE', #1725, #5847, #4608 ) ;
#8482 = VERTEX_POINT ( 'NONE', #6919 ) ;
#8483 = CARTESIAN_POINT ( 'NONE',  ( 145.4930000000000234, 88.62170000000001835, 3.000000000000000000 ) ) ;
#8484 = ORIENTED_EDGE ( 'NONE', *, *, #10893, .T. ) ;
#8485 = ORIENTED_EDGE ( 'NONE', *, *, #12535, .F. ) ;
#8486 = VERTEX_POINT ( 'NONE', #2151 ) ;
#8487 = ADVANCED_FACE ( 'NONE', ( #5879 ), #4054, .T. ) ;
#8488 = LINE ( 'NONE', #7695, #11684 ) ;
#8489 = VECTOR ( 'NONE', #11680, 1000.000000000000000 ) ;
#8490 = CARTESIAN_POINT ( 'NONE',  ( 47.57529999999999859, 21.72200000000000131, 3.000000000000000000 ) ) ;
#8491 = DIRECTION ( 'NONE',  ( 1.000000000000000000, 0.000000000000000000, 0.000000000000000000 ) ) ;
#8492 = AXIS2_PLACEMENT_3D ( 'NONE', #11891, #1899, #2097 ) ;
#8493 = FACE_OUTER_BOUND ( 'NONE', #8619, .T. ) ;
#8494 = DIRECTION ( 'NONE',  ( -9.106159978880878627E-17, 1.000000000000000000, 0.000000000000000000 ) ) ;
#8495 = VECTOR ( 'NONE', #8933, 1000.000000000000000 ) ;
#8496 = DIRECTION ( 'NONE',  ( -1.000000000000000000, -0.000000000000000000, -0.000000000000000000 ) ) ;
#8497 = VECTOR ( 'NONE', #7096, 1000.000000000000000 ) ;
#8498 = EDGE_CURVE ( 'NONE', #8013, #10840, #7828, .T. ) ;
#8499 = CARTESIAN_POINT ( 'NONE',  ( 164.5449999999999875, 112.4980000000000047, 0.000000000000000000 ) ) ;
#8500 = ORIENTED_EDGE ( 'NONE', *, *, #7047, .F. ) ;
#8501 = CARTESIAN_POINT ( 'NONE',  ( 159.4939999999999998, 16.95949999999999847, 0.000000000000000000 ) ) ;
#8502 = ORIENTED_EDGE ( 'NONE', *, *, #8644, .F. ) ;
#8503 = EDGE_LOOP ( 'NONE', ( #12918, #2541, #11513, #11462 ) ) ;
#8504 = VECTOR ( 'NONE', #10032, 1000.000000000000000 ) ;
#8505 = LINE ( 'NONE', #12486, #9625 ) ;
#8507 = VERTEX_POINT ( 'NONE', #7896 ) ;
#8506 = FACE_OUTER_BOUND ( 'NONE', #12904, .T. ) ;
#8508 = DIRECTION ( 'NONE',  ( -1.000000000000000000, 0.000000000000000000, 0.000000000000000000 ) ) ;
#8509 = ORIENTED_EDGE ( 'NONE', *, *, #8525, .F. ) ;
#8510 = AXIS2_PLACEMENT_3D ( 'NONE', #10912, #12085, #7913 ) ;
#8511 = DIRECTION ( 'NONE',  ( -0.000000000000000000, -0.000000000000000000, -1.000000000000000000 ) ) ;
#8512 = CARTESIAN_POINT ( 'NONE',  ( 139.8630000000000280, 58.35159999999999769, 3.000000000000000000 ) ) ;
#8513 = CARTESIAN_POINT ( 'NONE',  ( 54.12530000000000285, 6.972859999999999836, 3.000000000000000000 ) ) ;
#8514 = EDGE_CURVE ( 'NONE', #2751, #2089, #5099, .T. ) ;
#8515 = LINE ( 'NONE', #12497, #5553 ) ;
#8516 = CARTESIAN_POINT ( 'NONE',  ( 158.6370000000000005, 46.05270000000000152, 3.000000000000000000 ) ) ;
#8517 = VECTOR ( 'NONE', #5819, 1000.000000000000000 ) ;
#8518 = ORIENTED_EDGE ( 'NONE', *, *, #3560, .T. ) ;
#8519 = ORIENTED_EDGE ( 'NONE', *, *, #12176, .T. ) ;
#8520 = CARTESIAN_POINT ( 'NONE',  ( 88.05649999999999977, 45.82269999999999754, 3.000000000000000000 ) ) ;
#8521 = ORIENTED_EDGE ( 'NONE', *, *, #6611, .F. ) ;
#8522 = FACE_BOUND ( 'NONE', #10191, .T. ) ;
#8523 = DIRECTION ( 'NONE',  ( 0.000000000000000000, 0.000000000000000000, -1.000000000000000000 ) ) ;
#8524 = DIRECTION ( 'NONE',  ( 0.000000000000000000, 1.000000000000000000, 0.000000000000000000 ) ) ;
#8525 = EDGE_CURVE ( 'NONE', #8222, #2798, #11877, .T. ) ;
#8526 = CARTESIAN_POINT ( 'NONE',  ( 21.66969999999999885, 83.92270000000000607, 3.000000000000000000 ) ) ;
#8528 = VERTEX_POINT ( 'NONE', #4974 ) ;
#8527 = ORIENTED_EDGE ( 'NONE', *, *, #8783, .T. ) ;
#8529 = ORIENTED_EDGE ( 'NONE', *, *, #2787, .F. ) ;
#8530 = LINE ( 'NONE', #6575, #5943 ) ;
#8531 = ORIENTED_EDGE ( 'NONE', *, *, #4198, .T. ) ;
#8532 = ADVANCED_FACE ( 'NONE', ( #8946 ), #12928, .T. ) ;
#8533 = ORIENTED_EDGE ( 'NONE', *, *, #6583, .T. ) ;
#8534 = CARTESIAN_POINT ( 'NONE',  ( 202.3569999999999993, 40.77190000000000225, 3.000000000000000000 ) ) ;
#8535 = PLANE ( 'NONE',  #6491 ) ;
#8536 = CARTESIAN_POINT ( 'NONE',  ( 137.2179999999999893, 90.42260000000000275, 0.000000000000000000 ) ) ;
#8537 = DIRECTION ( 'NONE',  ( -1.000000000000000000, 0.000000000000000000, 0.000000000000000000 ) ) ;
#8538 = CYLINDRICAL_SURFACE ( 'NONE', #6212, 0.5000000000000004441 ) ;
#8539 = EDGE_CURVE ( 'NONE', #1939, #4591, #2016, .T. ) ;
#8540 = CARTESIAN_POINT ( 'NONE',  ( 78.53149999999999409, 40.77190000000000225, 0.000000000000000000 ) ) ;
#8541 = VERTEX_POINT ( 'NONE', #3003 ) ;
#8542 = LINE ( 'NONE', #10628, #9271 ) ;
#8543 = ORIENTED_EDGE ( 'NONE', *, *, #1755, .F. ) ;
#8544 = EDGE_LOOP ( 'NONE', ( #8263, #4061, #9129, #3005 ) ) ;
#8545 = ORIENTED_EDGE ( 'NONE', *, *, #723, .T. ) ;
#8546 = ADVANCED_FACE ( 'NONE', ( #1100 ), #6983, .T. ) ;
#8547 = DIRECTION ( 'NONE',  ( 0.000000000000000000, -0.000000000000000000, -1.000000000000000000 ) ) ;
#8548 = CARTESIAN_POINT ( 'NONE',  ( 64.24399999999999977, 64.87269999999999470, 3.000000000000000000 ) ) ;
#8549 = CARTESIAN_POINT ( 'NONE',  ( 197.3819299999999828, -2.065918000000003474, 0.000000000000000000 ) ) ;
#8550 = CARTESIAN_POINT ( 'NONE',  ( 166.0440000000000111, 97.37229999999999563, 3.000000000000000000 ) ) ;
#8551 = DIRECTION ( 'NONE',  ( 1.000000000000000000, 0.000000000000000000, 0.000000000000000000 ) ) ;
#8552 = CARTESIAN_POINT ( 'NONE',  ( 168.5929999999999893, 93.22150000000000603, 3.000000000000000000 ) ) ;
#8553 = LINE ( 'NONE', #2550, #1184 ) ;
#8554 = VERTEX_POINT ( 'NONE', #9986 ) ;
#8555 = CARTESIAN_POINT ( 'NONE',  ( 137.2179999999999893, 84.15269999999999584, 3.000000000000000000 ) ) ;
#8556 = VERTEX_POINT ( 'NONE', #3071 ) ;
#8557 = EDGE_CURVE ( 'NONE', #422, #10289, #9388, .T. ) ;
#8558 = VERTEX_POINT ( 'NONE', #5350 ) ;
#8559 = LINE ( 'NONE', #2190, #4624 ) ;
#8560 = DIRECTION ( 'NONE',  ( 1.000000000000000000, 0.000000000000000000, 0.000000000000000000 ) ) ;
#8561 = CARTESIAN_POINT ( 'NONE',  ( 178.5440000000000111, 22.01000000000000156, 0.000000000000000000 ) ) ;
#8562 = ORIENTED_EDGE ( 'NONE', *, *, #10639, .T. ) ;
#8563 = ADVANCED_FACE ( 'NONE', ( #7180 ), #4244, .T. ) ;
#8564 = DIRECTION ( 'NONE',  ( -0.000000000000000000, -0.000000000000000000, -1.000000000000000000 ) ) ;
#8565 = DIRECTION ( 'NONE',  ( 1.000000000000000000, 0.000000000000000000, 0.000000000000000000 ) ) ;
#8566 = CARTESIAN_POINT ( 'NONE',  ( 15.38193000000002542, -4.565918000000003474, 0.000000000000000000 ) ) ;
#8567 = CARTESIAN_POINT ( 'NONE',  ( 97.58150000000000546, 26.77250000000000085, 3.000000000000000000 ) ) ;
#8568 = DIRECTION ( 'NONE',  ( 0.000000000000000000, -1.000000000000000000, 0.000000000000000000 ) ) ;
#8569 = CARTESIAN_POINT ( 'NONE',  ( 178.5440000000000111, 22.01000000000000156, 0.000000000000000000 ) ) ;
#8570 = VECTOR ( 'NONE', #2265, 1000.000000000000000 ) ;
#8571 = DIRECTION ( 'NONE',  ( -0.000000000000000000, 1.000000000000000000, -0.000000000000000000 ) ) ;
#8572 = VERTEX_POINT ( 'NONE', #4439 ) ;
#8574 = ORIENTED_EDGE ( 'NONE', *, *, #6307, .F. ) ;
#8573 = ORIENTED_EDGE ( 'NONE', *, *, #2843, .T. ) ;
#8575 = LINE ( 'NONE', #8642, #12882 ) ;
#8576 = ORIENTED_EDGE ( 'NONE', *, *, #11750, .F. ) ;
#8577 = EDGE_CURVE ( 'NONE', #10415, #11529, #12203, .T. ) ;
#8578 = FACE_BOUND ( 'NONE', #439, .T. ) ;
#8579 = EDGE_CURVE ( 'NONE', #6214, #10742, #11231, .T. ) ;
#8580 = EDGE_CURVE ( 'NONE', #9081, #8909, #11286, .T. ) ;
#8581 = AXIS2_PLACEMENT_3D ( 'NONE', #7641, #12675, #8757 ) ;
#8582 = CARTESIAN_POINT ( 'NONE',  ( 18.63192999999999699, -2.065918000000003474, 0.000000000000000000 ) ) ;
#8583 = CYLINDRICAL_SURFACE ( 'NONE', #6758, 0.5000000000000004441 ) ;
#8584 = DIRECTION ( 'NONE',  ( 0.000000000000000000, 0.000000000000000000, -1.000000000000000000 ) ) ;
#8585 = AXIS2_PLACEMENT_3D ( 'NONE', #3518, #12458, #6776 ) ;
#8587 = ORIENTED_EDGE ( 'NONE', *, *, #3131, .T. ) ;
#8586 = ORIENTED_EDGE ( 'NONE', *, *, #2050, .T. ) ;
#8588 = ORIENTED_EDGE ( 'NONE', *, *, #12481, .F. ) ;
#8589 = CARTESIAN_POINT ( 'NONE',  ( 183.5949999999999989, 16.95949999999999847, 3.000000000000000000 ) ) ;
#8590 = ORIENTED_EDGE ( 'NONE', *, *, #8591, .T. ) ;
#8591 = EDGE_CURVE ( 'NONE', #1171, #7968, #2219, .T. ) ;
#8592 = ADVANCED_FACE ( 'NONE', ( #8413 ), #10185, .T. ) ;
#8593 = VERTEX_POINT ( 'NONE', #9199 ) ;
#8594 = CARTESIAN_POINT ( 'NONE',  ( 97.58150000000000546, 112.4980000000000047, 3.000000000000000000 ) ) ;
#8595 = CARTESIAN_POINT ( 'NONE',  ( 145.4930000000000234, 93.22150000000000603, 0.000000000000000000 ) ) ;
#8596 = CARTESIAN_POINT ( 'NONE',  ( 145.4950000000000045, 126.4969999999999999, 3.000000000000000000 ) ) ;
#8597 = CARTESIAN_POINT ( 'NONE',  ( 45.48219999999999885, 112.4980000000000047, 3.000000000000000000 ) ) ;
#8598 = EDGE_CURVE ( 'NONE', #11397, #1892, #1232, .T. ) ;
#8599 = LINE ( 'NONE', #11472, #3075 ) ;
#8600 = VECTOR ( 'NONE', #8151, 1000.000000000000000 ) ;
#8601 = ORIENTED_EDGE ( 'NONE', *, *, #1473, .F. ) ;
#8602 = VERTEX_POINT ( 'NONE', #10303 ) ;
#8603 = CARTESIAN_POINT ( 'NONE',  ( 137.2179999999999893, 96.45159999999999911, 0.000000000000000000 ) ) ;
#8604 = ORIENTED_EDGE ( 'NONE', *, *, #3051, .F. ) ;
#8605 = ORIENTED_EDGE ( 'NONE', *, *, #9738, .T. ) ;
#8606 = ORIENTED_EDGE ( 'NONE', *, *, #5192, .F. ) ;
#8607 = DIRECTION ( 'NONE',  ( -0.000000000000000000, 0.000000000000000000, -1.000000000000000000 ) ) ;
#8608 = CARTESIAN_POINT ( 'NONE',  ( 159.4939999999999998, 126.4969999999999999, 3.000000000000000000 ) ) ;
#8609 = EDGE_CURVE ( 'NONE', #5634, #7755, #11350, .T. ) ;
#8610 = AXIS2_PLACEMENT_3D ( 'NONE', #1161, #179, #7107 ) ;
#8611 = LINE ( 'NONE', #5684, #6709 ) ;
#8612 = CARTESIAN_POINT ( 'NONE',  ( 159.4939999999999998, 112.4980000000000047, 3.000000000000000000 ) ) ;
#8613 = ADVANCED_FACE ( 'NONE', ( #9141 ), #1354, .T. ) ;
#8614 = DIRECTION ( 'NONE',  ( 0.000000000000000000, 1.000000000000000000, 0.000000000000000000 ) ) ;
#8615 = DIRECTION ( 'NONE',  ( -0.000000000000000000, -1.000000000000000000, -0.000000000000000000 ) ) ;
#8616 = LINE ( 'NONE', #7703, #6824 ) ;
#8617 = ORIENTED_EDGE ( 'NONE', *, *, #7068, .T. ) ;
#8618 = CARTESIAN_POINT ( 'NONE',  ( 150.2570000000000050, 64.87269999999999470, 3.000000000000000000 ) ) ;
#8619 = EDGE_LOOP ( 'NONE', ( #11792, #1494, #3386, #386 ) ) ;
#8620 = AXIS2_PLACEMENT_3D ( 'NONE', #8715, #1727, #7600 ) ;
#8621 = EDGE_LOOP ( 'NONE', ( #4761, #9890, #730, #11323 ) ) ;
#8622 = ORIENTED_EDGE ( 'NONE', *, *, #6027, .T. ) ;
#8623 = CARTESIAN_POINT ( 'NONE',  ( 166.2119999999999891, 52.32260000000000133, 3.000000000000000000 ) ) ;
#8624 = DIRECTION ( 'NONE',  ( 1.000000000000000000, -0.000000000000000000, -0.000000000000000000 ) ) ;
#8625 = LINE ( 'NONE', #3873, #10709 ) ;
#8626 = EDGE_LOOP ( 'NONE', ( #11673, #9524, #4077, #2188 ) ) ;
#8627 = CARTESIAN_POINT ( 'NONE',  ( 199.9749999999999943, 126.4969999999999999, 3.000000000000000000 ) ) ;
#8628 = EDGE_CURVE ( 'NONE', #2075, #124, #2347, .T. ) ;
#8629 = CARTESIAN_POINT ( 'NONE',  ( 40.71970000000000312, 83.92270000000000607, 3.000000000000000000 ) ) ;
#8630 = VECTOR ( 'NONE', #917, 1000.000000000000000 ) ;
#8631 = DIRECTION ( 'NONE',  ( 0.000000000000000000, 0.000000000000000000, 1.000000000000000000 ) ) ;
#8632 = EDGE_CURVE ( 'NONE', #1977, #4316, #6268, .T. ) ;
#8633 = LINE ( 'NONE', #2701, #5803 ) ;
#8634 = FACE_OUTER_BOUND ( 'NONE', #1408, .T. ) ;
#8635 = CARTESIAN_POINT ( 'NONE',  ( 137.2179999999999893, 96.45159999999999911, 3.000000000000000000 ) ) ;
#8636 = VECTOR ( 'NONE', #2621, 1000.000000000000000 ) ;
#8637 = CARTESIAN_POINT ( 'NONE',  ( 92.81900000000000261, 83.92270000000000607, 3.000000000000000000 ) ) ;
#8638 = ORIENTED_EDGE ( 'NONE', *, *, #2218, .T. ) ;
#8639 = EDGE_CURVE ( 'NONE', #3671, #1576, #6391, .T. ) ;
#8641 = VERTEX_POINT ( 'NONE', #6457 ) ;
#8640 = ORIENTED_EDGE ( 'NONE', *, *, #8945, .T. ) ;
#8642 = CARTESIAN_POINT ( 'NONE',  ( 116.9180000000000064, 97.92189999999999372, 3.000000000000000000 ) ) ;
#8643 = ORIENTED_EDGE ( 'NONE', *, *, #11671, .T. ) ;
#8644 = EDGE_CURVE ( 'NONE', #9108, #1864, #10432, .T. ) ;
#8645 = CARTESIAN_POINT ( 'NONE',  ( 157.1129999999999995, 59.82189999999999941, 3.000000000000000000 ) ) ;
#8646 = AXIS2_PLACEMENT_3D ( 'NONE', #3917, #2276, #4299 ) ;
#8647 = DIRECTION ( 'NONE',  ( -0.000000000000000000, -0.000000000000000000, 1.000000000000000000 ) ) ;
#8648 = DIRECTION ( 'NONE',  ( 1.000000000000000000, 0.000000000000000000, 0.000000000000000000 ) ) ;
#8649 = DIRECTION ( 'NONE',  ( 0.000000000000000000, 0.000000000000000000, 1.000000000000000000 ) ) ;
#8650 = DIRECTION ( 'NONE',  ( -0.000000000000000000, -0.000000000000000000, 1.000000000000000000 ) ) ;
#8652 = ORIENTED_EDGE ( 'NONE', *, *, #1503, .T. ) ;
#8651 = VERTEX_POINT ( 'NONE', #182 ) ;
#8653 = EDGE_CURVE ( 'NONE', #2840, #9646, #8152, .T. ) ;
#8654 = EDGE_CURVE ( 'NONE', #6229, #11657, #12133, .T. ) ;
#8655 = VECTOR ( 'NONE', #4994, 1000.000000000000000 ) ;
#8656 = ORIENTED_EDGE ( 'NONE', *, *, #2984, .F. ) ;
#8657 = DIRECTION ( 'NONE',  ( 1.000000000000000000, -0.000000000000000000, -0.000000000000000000 ) ) ;
#8658 = VERTEX_POINT ( 'NONE', #242 ) ;
#8659 = EDGE_LOOP ( 'NONE', ( #12906, #7438, #12692, #1655 ) ) ;
#8660 = VECTOR ( 'NONE', #9510, 1000.000000000000000 ) ;
#8661 = FACE_OUTER_BOUND ( 'NONE', #312, .T. ) ;
#8662 = FACE_OUTER_BOUND ( 'NONE', #10902, .T. ) ;
#8663 = DIRECTION ( 'NONE',  ( 0.000000000000000000, 1.000000000000000000, 0.000000000000000000 ) ) ;
#8664 = VECTOR ( 'NONE', #1500, 1000.000000000000000 ) ;
#8665 = DIRECTION ( 'NONE',  ( 1.000000000000000000, 0.000000000000000000, 0.000000000000000000 ) ) ;
#8666 = ADVANCED_FACE ( 'NONE', ( #308 ), #12332, .T. ) ;
#8667 = CARTESIAN_POINT ( 'NONE',  ( 163.6630000000000109, 46.05270000000000152, 3.000000000000000000 ) ) ;
#8668 = ORIENTED_EDGE ( 'NONE', *, *, #2076, .F. ) ;
#8669 = ORIENTED_EDGE ( 'NONE', *, *, #4906, .F. ) ;
#8670 = CARTESIAN_POINT ( 'NONE',  ( 107.1070000000000135, 59.82189999999999941, 3.000000000000000000 ) ) ;
#8671 = ORIENTED_EDGE ( 'NONE', *, *, #11207, .F. ) ;
#8672 = VECTOR ( 'NONE', #12135, 1000.000000000000000 ) ;
#8673 = ORIENTED_EDGE ( 'NONE', *, *, #5011, .F. ) ;
#8674 = VERTEX_POINT ( 'NONE', #12579 ) ;
#8675 = DIRECTION ( 'NONE',  ( 0.000000000000000000, -0.000000000000000000, -1.000000000000000000 ) ) ;
#8676 = EDGE_CURVE ( 'NONE', #1573, #4350, #7062, .T. ) ;
#8677 = DIRECTION ( 'NONE',  ( 1.000000000000000000, 0.000000000000000000, 0.000000000000000000 ) ) ;
#8678 = DIRECTION ( 'NONE',  ( 0.000000000000000000, 1.000000000000000000, 0.000000000000000000 ) ) ;
#8679 = CARTESIAN_POINT ( 'NONE',  ( 134.8369999999999891, 55.12149999999999750, 3.000000000000000000 ) ) ;
#8680 = VECTOR ( 'NONE', #4942, 1000.000000000000000 ) ;
#8681 = VECTOR ( 'NONE', #12505, 1000.000000000000000 ) ;
#8682 = DIRECTION ( 'NONE',  ( -1.000000000000000000, 0.000000000000000000, 0.000000000000000000 ) ) ;
#8683 = DIRECTION ( 'NONE',  ( -1.000000000000000000, -0.000000000000000000, -0.000000000000000000 ) ) ;
#8684 = CARTESIAN_POINT ( 'NONE',  ( 143.9689999999999941, 96.45159999999999911, 3.000000000000000000 ) ) ;
#8685 = ORIENTED_EDGE ( 'NONE', *, *, #10237, .T. ) ;
#8686 = DIRECTION ( 'NONE',  ( -0.000000000000000000, -1.000000000000000000, -0.000000000000000000 ) ) ;
#8687 = ORIENTED_EDGE ( 'NONE', *, *, #2577, .T. ) ;
#8688 = ORIENTED_EDGE ( 'NONE', *, *, #2473, .F. ) ;
#8689 = ORIENTED_EDGE ( 'NONE', *, *, #7260, .T. ) ;
#8690 = CARTESIAN_POINT ( 'NONE',  ( 166.0440000000000111, 96.45159999999999911, 3.000000000000000000 ) ) ;
#8691 = VECTOR ( 'NONE', #12610, 1000.000000000000000 ) ;
#8692 = EDGE_CURVE ( 'NONE', #3666, #10438, #12645, .T. ) ;
#8693 = FACE_OUTER_BOUND ( 'NONE', #5882, .T. ) ;
#8694 = ORIENTED_EDGE ( 'NONE', *, *, #4025, .F. ) ;
#8695 = CARTESIAN_POINT ( 'NONE',  ( 136.5620000000000118, 46.05270000000000152, 0.000000000000000000 ) ) ;
#8696 = LINE ( 'NONE', #3745, #1608 ) ;
#8697 = VECTOR ( 'NONE', #8477, 1000.000000000000000 ) ;
#8698 = CARTESIAN_POINT ( 'NONE',  ( 142.8249999999999886, 26.77250000000000085, 0.000000000000000000 ) ) ;
#8699 = AXIS2_PLACEMENT_3D ( 'NONE', #2841, #7793, #8843 ) ;
#8700 = FACE_OUTER_BOUND ( 'NONE', #8025, .T. ) ;
#8701 = DIRECTION ( 'NONE',  ( 1.000000000000000000, 0.000000000000000000, 0.000000000000000000 ) ) ;
#8702 = CARTESIAN_POINT ( 'NONE',  ( 161.0180000000000007, 96.45159999999999911, 3.000000000000000000 ) ) ;
#8703 = AXIS2_PLACEMENT_3D ( 'NONE', #4389, #2423, #4258 ) ;
#8704 = ADVANCED_FACE ( 'NONE', ( #4566 ), #8538, .F. ) ;
#8705 = FACE_OUTER_BOUND ( 'NONE', #12855, .T. ) ;
#8706 = ORIENTED_EDGE ( 'NONE', *, *, #6110, .T. ) ;
#8708 = EDGE_LOOP ( 'NONE', ( #5568, #7167, #5467, #1645 ) ) ;
#8707 = VERTEX_POINT ( 'NONE', #1742 ) ;
#8709 = AXIS2_PLACEMENT_3D ( 'NONE', #1649, #5704, #6810 ) ;
#8710 = FACE_BOUND ( 'NONE', #2932, .T. ) ;
#8711 = ORIENTED_EDGE ( 'NONE', *, *, #10464, .F. ) ;
#8712 = DIRECTION ( 'NONE',  ( 0.000000000000000000, 0.000000000000000000, 1.000000000000000000 ) ) ;
#8713 = VECTOR ( 'NONE', #10612, 1000.000000000000000 ) ;
#8714 = LINE ( 'NONE', #3759, #11394 ) ;
#8715 = CARTESIAN_POINT ( 'NONE',  ( 119.3010000000000019, 21.72200000000000131, 3.000000000000000000 ) ) ;
#8716 = CARTESIAN_POINT ( 'NONE',  ( 186.6069299999999771, 131.5209999999999866, 3.000000000000000000 ) ) ;
#8717 = AXIS2_PLACEMENT_3D ( 'NONE', #10964, #6009, #9075 ) ;
#8718 = PLANE ( 'NONE',  #10769 ) ;
#8720 = VERTEX_POINT ( 'NONE', #8667 ) ;
#8719 = ORIENTED_EDGE ( 'NONE', *, *, #9590, .F. ) ;
#8721 = ORIENTED_EDGE ( 'NONE', *, *, #3632, .T. ) ;
#8722 = LINE ( 'NONE', #12706, #1279 ) ;
#8723 = ORIENTED_EDGE ( 'NONE', *, *, #11250, .F. ) ;
#8724 = EDGE_CURVE ( 'NONE', #8400, #7855, #3714, .T. ) ;
#8725 = EDGE_LOOP ( 'NONE', ( #9957, #12510, #5421, #1139 ) ) ;
#8726 = PLANE ( 'NONE',  #4291 ) ;
#8727 = VECTOR ( 'NONE', #2287, 1000.000000000000000 ) ;
#8728 = CYLINDRICAL_SURFACE ( 'NONE', #1897, 1.250000000000001110 ) ;
#8729 = VECTOR ( 'NONE', #2143, 1000.000000000000000 ) ;
#8730 = CARTESIAN_POINT ( 'NONE',  ( 116.9180000000000064, 97.92189999999999372, 0.000000000000000000 ) ) ;
#8731 = EDGE_CURVE ( 'NONE', #10234, #12636, #2533, .T. ) ;
#8732 = LINE ( 'NONE', #2596, #6098 ) ;
#8733 = ADVANCED_FACE ( 'NONE', ( #691 ), #626, .T. ) ;
#8734 = CARTESIAN_POINT ( 'NONE',  ( 26.43220000000000169, 112.4980000000000047, 3.000000000000000000 ) ) ;
#8735 = ORIENTED_EDGE ( 'NONE', *, *, #6508, .F. ) ;
#8736 = ORIENTED_EDGE ( 'NONE', *, *, #1755, .T. ) ;
#8737 = LINE ( 'NONE', #7750, #2193 ) ;
#8738 = ORIENTED_EDGE ( 'NONE', *, *, #4235, .T. ) ;
#8739 = ORIENTED_EDGE ( 'NONE', *, *, #1294, .T. ) ;
#8740 = ORIENTED_EDGE ( 'NONE', *, *, #10413, .T. ) ;
#8741 = ORIENTED_EDGE ( 'NONE', *, *, #561, .F. ) ;
#8742 = AXIS2_PLACEMENT_3D ( 'NONE', #11496, #2558, #8560 ) ;
#8743 = DIRECTION ( 'NONE',  ( 0.000000000000000000, -1.000000000000000000, 0.000000000000000000 ) ) ;
#8744 = DIRECTION ( 'NONE',  ( -1.000000000000000000, 0.000000000000000000, 0.000000000000000000 ) ) ;
#8745 = EDGE_CURVE ( 'NONE', #10497, #6214, #12715, .T. ) ;
#8746 = DIRECTION ( 'NONE',  ( -0.000000000000000000, -0.000000000000000000, 1.000000000000000000 ) ) ;
#8747 = EDGE_CURVE ( 'NONE', #2641, #4042, #6651, .T. ) ;
#8748 = PLANE ( 'NONE',  #366 ) ;
#8749 = CARTESIAN_POINT ( 'NONE',  ( 26.14410000000000167, 64.87269999999999470, 3.000000000000000000 ) ) ;
#8750 = DIRECTION ( 'NONE',  ( 1.000000000000000000, 0.000000000000000000, 0.000000000000000000 ) ) ;
#8751 = CARTESIAN_POINT ( 'NONE',  ( 135.6819999999999879, 126.4969999999999999, 3.000000000000000000 ) ) ;
#8752 = ORIENTED_EDGE ( 'NONE', *, *, #40, .F. ) ;
#8753 = CARTESIAN_POINT ( 'NONE',  ( 26.14410000000000167, 78.87189999999999657, 3.000000000000000000 ) ) ;
#8754 = ORIENTED_EDGE ( 'NONE', *, *, #2825, .F. ) ;
#8755 = ORIENTED_EDGE ( 'NONE', *, *, #2536, .T. ) ;
#8756 = ORIENTED_EDGE ( 'NONE', *, *, #3927, .F. ) ;
#8757 = DIRECTION ( 'NONE',  ( 1.000000000000000000, 0.000000000000000000, 0.000000000000000000 ) ) ;
#8758 = CARTESIAN_POINT ( 'NONE',  ( 30.90660000000000451, 45.82269999999999754, 3.000000000000000000 ) ) ;
#8759 = EDGE_CURVE ( 'NONE', #12561, #4273, #6519, .T. ) ;
#8760 = LINE ( 'NONE', #3804, #12587 ) ;
#8761 = ORIENTED_EDGE ( 'NONE', *, *, #8139, .T. ) ;
#8762 = DIRECTION ( 'NONE',  ( -0.000000000000000000, -0.000000000000000000, -1.000000000000000000 ) ) ;
#8763 = DIRECTION ( 'NONE',  ( -1.000000000000000000, -0.000000000000000000, -0.000000000000000000 ) ) ;
#8764 = PLANE ( 'NONE',  #7551 ) ;
#8765 = DIRECTION ( 'NONE',  ( 0.000000000000000000, -1.000000000000000000, 0.000000000000000000 ) ) ;
#8766 = DIRECTION ( 'NONE',  ( 0.000000000000000000, 1.000000000000000000, -0.000000000000000000 ) ) ;
#8767 = CARTESIAN_POINT ( 'NONE',  ( 47.57529999999999859, 7.722520000000000273, 3.000000000000000000 ) ) ;
#8768 = EDGE_CURVE ( 'NONE', #4015, #6232, #6711, .T. ) ;
#8769 = CARTESIAN_POINT ( 'NONE',  ( 56.67589999999999861, 17.02149999999999963, 0.000000000000000000 ) ) ;
#8770 = ORIENTED_EDGE ( 'NONE', *, *, #1227, .T. ) ;
#8772 = EDGE_LOOP ( 'NONE', ( #10202, #6126, #2990, #7751 ) ) ;
#8771 = LINE ( 'NONE', #12752, #3605 ) ;
#8773 = FACE_BOUND ( 'NONE', #1514, .T. ) ;
#8774 = EDGE_LOOP ( 'NONE', ( #5451, #5486, #7218, #10072 ) ) ;
#8775 = DIRECTION ( 'NONE',  ( -1.000000000000000000, 0.000000000000000000, 0.000000000000000000 ) ) ;
#8776 = AXIS2_PLACEMENT_3D ( 'NONE', #10570, #8743, #8675 ) ;
#8777 = EDGE_CURVE ( 'NONE', #5663, #4430, #759, .T. ) ;
#8778 = CARTESIAN_POINT ( 'NONE',  ( 50.82469999999999999, 21.17220000000000368, 3.000000000000000000 ) ) ;
#8779 = LINE ( 'NONE', #10739, #6136 ) ;
#8780 = LINE ( 'NONE', #11783, #8713 ) ;
#8781 = AXIS2_PLACEMENT_3D ( 'NONE', #1581, #161, #5577 ) ;
#8782 = FACE_OUTER_BOUND ( 'NONE', #7946, .T. ) ;
#8783 = EDGE_CURVE ( 'NONE', #8417, #11170, #6588, .T. ) ;
#8784 = DIRECTION ( 'NONE',  ( 0.000000000000000000, -0.000000000000000000, -1.000000000000000000 ) ) ;
#8786 = ORIENTED_EDGE ( 'NONE', *, *, #197, .T. ) ;
#8785 = ORIENTED_EDGE ( 'NONE', *, *, #3217, .T. ) ;
#8787 = EDGE_LOOP ( 'NONE', ( #5651, #7239, #8721, #4487 ) ) ;
#8788 = DIRECTION ( 'NONE',  ( 0.000000000000000000, 1.000000000000000000, 0.000000000000000000 ) ) ;
#8789 = ORIENTED_EDGE ( 'NONE', *, *, #6656, .T. ) ;
#8790 = ORIENTED_EDGE ( 'NONE', *, *, #7531, .T. ) ;
#8791 = VECTOR ( 'NONE', #6541, 1000.000000000000000 ) ;
#8792 = VECTOR ( 'NONE', #6152, 1000.000000000000000 ) ;
#8793 = LINE ( 'NONE', #5014, #11611 ) ;
#8794 = LINE ( 'NONE', #95, #9200 ) ;
#8795 = CARTESIAN_POINT ( 'NONE',  ( 21.38169999999999860, 112.4980000000000047, 3.000000000000000000 ) ) ;
#8796 = VECTOR ( 'NONE', #2231, 1000.000000000000000 ) ;
#8797 = DIRECTION ( 'NONE',  ( 0.000000000000000000, 0.000000000000000000, -1.000000000000000000 ) ) ;
#8798 = EDGE_CURVE ( 'NONE', #2499, #9841, #9323, .T. ) ;
#8799 = ADVANCED_FACE ( 'NONE', ( #2728 ), #11730, .T. ) ;
#8800 = DIRECTION ( 'NONE',  ( -0.000000000000000000, 1.000000000000000000, -0.000000000000000000 ) ) ;
#8801 = ORIENTED_EDGE ( 'NONE', *, *, #6873, .F. ) ;
#8802 = ORIENTED_EDGE ( 'NONE', *, *, #12644, .T. ) ;
#8803 = CARTESIAN_POINT ( 'NONE',  ( 83.58220000000000027, 40.77190000000000225, 3.000000000000000000 ) ) ;
#8804 = ORIENTED_EDGE ( 'NONE', *, *, #4578, .F. ) ;
#8805 = EDGE_CURVE ( 'NONE', #3028, #10549, #7492, .T. ) ;
#8806 = ORIENTED_EDGE ( 'NONE', *, *, #2984, .T. ) ;
#8807 = VERTEX_POINT ( 'NONE', #10755 ) ;
#8808 = EDGE_LOOP ( 'NONE', ( #5591, #10585, #10358, #11035 ) ) ;
#8809 = DIRECTION ( 'NONE',  ( -0.000000000000000000, 1.000000000000000000, -0.000000000000000000 ) ) ;
#8810 = DIRECTION ( 'NONE',  ( 1.000000000000000000, 0.000000000000000000, 0.000000000000000000 ) ) ;
#8811 = EDGE_CURVE ( 'NONE', #8417, #1573, #8599, .T. ) ;
#8812 = CARTESIAN_POINT ( 'NONE',  ( 166.2119999999999891, 52.32260000000000133, 0.000000000000000000 ) ) ;
#8813 = CIRCLE ( 'NONE', #1098, 1.250000000000001110 ) ;
#8814 = CARTESIAN_POINT ( 'NONE',  ( 102.6320000000000050, 26.77250000000000085, 3.000000000000000000 ) ) ;
#8815 = DIRECTION ( 'NONE',  ( -1.000000000000000000, -0.000000000000000000, -0.000000000000000000 ) ) ;
#8816 = EDGE_LOOP ( 'NONE', ( #6784, #4531, #9664, #5059 ) ) ;
#8817 = LINE ( 'NONE', #1699, #7181 ) ;
#8818 = ORIENTED_EDGE ( 'NONE', *, *, #5122, .T. ) ;
#8819 = ORIENTED_EDGE ( 'NONE', *, *, #3679, .F. ) ;
#8820 = ORIENTED_EDGE ( 'NONE', *, *, #1200, .T. ) ;
#8821 = DIRECTION ( 'NONE',  ( -0.000000000000000000, -0.000000000000000000, -1.000000000000000000 ) ) ;
#8822 = EDGE_CURVE ( 'NONE', #3079, #1977, #2670, .T. ) ;
#8823 = EDGE_CURVE ( 'NONE', #2247, #3737, #9642, .T. ) ;
#8824 = AXIS2_PLACEMENT_3D ( 'NONE', #91, #12107, #11204 ) ;
#8825 = DIRECTION ( 'NONE',  ( 0.000000000000000000, 0.000000000000000000, 1.000000000000000000 ) ) ;
#8826 = PLANE ( 'NONE',  #10085 ) ;
#8827 = EDGE_LOOP ( 'NONE', ( #2124, #6257, #5149, #643 ) ) ;
#8828 = LINE ( 'NONE', #9864, #6704 ) ;
#8829 = DIRECTION ( 'NONE',  ( 0.000000000000000000, 0.000000000000000000, -1.000000000000000000 ) ) ;
#8830 = PLANE ( 'NONE',  #10999 ) ;
#8831 = VECTOR ( 'NONE', #2269, 1000.000000000000000 ) ;
#8832 = CYLINDRICAL_SURFACE ( 'NONE', #12621, 1.250000000000001110 ) ;
#8833 = PLANE ( 'NONE',  #4528 ) ;
#8834 = EDGE_CURVE ( 'NONE', #9662, #12708, #1807, .T. ) ;
#8835 = DIRECTION ( 'NONE',  ( 1.000000000000000000, 0.000000000000000000, 0.000000000000000000 ) ) ;
#8836 = ORIENTED_EDGE ( 'NONE', *, *, #7232, .T. ) ;
#8838 = ORIENTED_EDGE ( 'NONE', *, *, #2918, .T. ) ;
#8837 = VERTEX_POINT ( 'NONE', #4036 ) ;
#8839 = VECTOR ( 'NONE', #10122, 1000.000000000000000 ) ;
#8840 = LINE ( 'NONE', #3819, #2874 ) ;
#8841 = EDGE_LOOP ( 'NONE', ( #7693, #12653, #7150, #7134 ) ) ;
#8842 = AXIS2_PLACEMENT_3D ( 'NONE', #1449, #8508, #8313 ) ;
#8843 = DIRECTION ( 'NONE',  ( -1.000000000000000000, 0.000000000000000000, -0.000000000000000000 ) ) ;
#8844 = VECTOR ( 'NONE', #9101, 1000.000000000000000 ) ;
#8845 = LINE ( 'NONE', #8582, #335 ) ;
#8846 = DIRECTION ( 'NONE',  ( 0.000000000000000000, 1.000000000000000000, 0.000000000000000000 ) ) ;
#8847 = DIRECTION ( 'NONE',  ( 0.000000000000000000, -0.000000000000000000, -1.000000000000000000 ) ) ;
#8848 = VECTOR ( 'NONE', #10117, 1000.000000000000000 ) ;
#8849 = CARTESIAN_POINT ( 'NONE',  ( 130.9190000000000111, 83.92270000000000607, 3.000000000000000000 ) ) ;
#8850 = FACE_OUTER_BOUND ( 'NONE', #6497, .T. ) ;
#8851 = VECTOR ( 'NONE', #9210, 1000.000000000000000 ) ;
#8853 = ORIENTED_EDGE ( 'NONE', *, *, #1850, .T. ) ;
#8852 = ORIENTED_EDGE ( 'NONE', *, *, #6288, .T. ) ;
#8854 = VERTEX_POINT ( 'NONE', #2864 ) ;
#8855 = EDGE_CURVE ( 'NONE', #1579, #7963, #2068, .T. ) ;
#8856 = LINE ( 'NONE', #25, #10670 ) ;
#8857 = VERTEX_POINT ( 'NONE', #10033 ) ;
#8858 = VECTOR ( 'NONE', #11869, 1000.000000000000000 ) ;
#8859 = ORIENTED_EDGE ( 'NONE', *, *, #3292, .F. ) ;
#8860 = VECTOR ( 'NONE', #3997, 1000.000000000000000 ) ;
#8861 = CARTESIAN_POINT ( 'NONE',  ( 208.8829999999999529, -4.565917999999999921, 0.000000000000000000 ) ) ;
#8862 = EDGE_CURVE ( 'NONE', #6294, #2891, #4098, .T. ) ;
#8863 = FACE_OUTER_BOUND ( 'NONE', #6969, .T. ) ;
#8864 = LINE ( 'NONE', #3909, #4039 ) ;
#8865 = PLANE ( 'NONE',  #7342 ) ;
#8866 = CARTESIAN_POINT ( 'NONE',  ( 143.1119999999999948, 59.82189999999999941, 0.000000000000000000 ) ) ;
#8867 = ORIENTED_EDGE ( 'NONE', *, *, #1260, .F. ) ;
#8868 = ORIENTED_EDGE ( 'NONE', *, *, #9317, .F. ) ;
#8869 = EDGE_CURVE ( 'NONE', #7962, #170, #8074, .T. ) ;
#8870 = LINE ( 'NONE', #12852, #9687 ) ;
#8871 = ORIENTED_EDGE ( 'NONE', *, *, #12414, .F. ) ;
#8872 = ORIENTED_EDGE ( 'NONE', *, *, #2896, .F. ) ;
#8873 = ORIENTED_EDGE ( 'NONE', *, *, #333, .T. ) ;
#8874 = DIRECTION ( 'NONE',  ( -0.000000000000000000, -0.000000000000000000, -1.000000000000000000 ) ) ;
#8875 = CIRCLE ( 'NONE', #2617, 1.250000000000001110 ) ;
#8876 = EDGE_CURVE ( 'NONE', #4430, #10548, #3052, .T. ) ;
#8877 = DIRECTION ( 'NONE',  ( -1.000000000000000000, 0.000000000000000000, 0.000000000000000000 ) ) ;
#8878 = VECTOR ( 'NONE', #72, 1000.000000000000000 ) ;
#8879 = CYLINDRICAL_SURFACE ( 'NONE', #864, 1.250000000000001110 ) ;
#8880 = FACE_OUTER_BOUND ( 'NONE', #3142, .T. ) ;
#8881 = VECTOR ( 'NONE', #2300, 1000.000000000000000 ) ;
#8882 = LINE ( 'NONE', #6209, #5562 ) ;
#8883 = EDGE_CURVE ( 'NONE', #10549, #12126, #888, .T. ) ;
#8884 = ORIENTED_EDGE ( 'NONE', *, *, #10924, .F. ) ;
#8885 = DIRECTION ( 'NONE',  ( 1.000000000000000000, 0.000000000000000000, 0.000000000000000000 ) ) ;
#8886 = VERTEX_POINT ( 'NONE', #824 ) ;
#8887 = ORIENTED_EDGE ( 'NONE', *, *, #1860, .F. ) ;
#8888 = EDGE_LOOP ( 'NONE', ( #4023, #7021, #7869, #628 ) ) ;
#8889 = DIRECTION ( 'NONE',  ( -0.000000000000000000, -1.000000000000000000, -0.000000000000000000 ) ) ;
#8890 = LINE ( 'NONE', #2946, #8860 ) ;
#8891 = EDGE_CURVE ( 'NONE', #4266, #2654, #2666, .T. ) ;
#8892 = DIRECTION ( 'NONE',  ( -1.000000000000000000, -0.000000000000000000, -0.000000000000000000 ) ) ;
#8893 = ORIENTED_EDGE ( 'NONE', *, *, #7005, .F. ) ;
#8894 = AXIS2_PLACEMENT_3D ( 'NONE', #10563, #2535, #1985 ) ;
#8895 = LINE ( 'NONE', #12017, #4837 ) ;
#8896 = PLANE ( 'NONE',  #1810 ) ;
#8897 = EDGE_CURVE ( 'NONE', #12126, #6294, #4823, .T. ) ;
#8898 = EDGE_CURVE ( 'NONE', #1977, #10290, #5929, .T. ) ;
#8899 = FACE_OUTER_BOUND ( 'NONE', #7251, .T. ) ;
#8900 = CARTESIAN_POINT ( 'NONE',  ( 64.53220000000000312, 26.77250000000000085, 3.000000000000000000 ) ) ;
#8901 = FACE_OUTER_BOUND ( 'NONE', #12058, .T. ) ;
#8902 = DIRECTION ( 'NONE',  ( 0.000000000000000000, 0.000000000000000000, -1.000000000000000000 ) ) ;
#8903 = VECTOR ( 'NONE', #6829, 1000.000000000000000 ) ;
#8904 = VERTEX_POINT ( 'NONE', #2927 ) ;
#8905 = VECTOR ( 'NONE', #7077, 1000.000000000000000 ) ;
#8907 = ORIENTED_EDGE ( 'NONE', *, *, #4537, .F. ) ;
#8906 = DIRECTION ( 'NONE',  ( -1.000000000000000000, 0.000000000000000000, 0.000000000000000000 ) ) ;
#8908 = FACE_BOUND ( 'NONE', #5204, .T. ) ;
#8909 = VERTEX_POINT ( 'NONE', #12779 ) ;
#8910 = CARTESIAN_POINT ( 'NONE',  ( 188.3569999999999993, 83.92270000000000607, 3.000000000000000000 ) ) ;
#8911 = VECTOR ( 'NONE', #6603, 1000.000000000000000 ) ;
#8912 = CARTESIAN_POINT ( 'NONE',  ( 90.67530000000000712, 14.24100000000001920, 3.000000000000000000 ) ) ;
#8913 = LINE ( 'NONE', #10808, #11334 ) ;
#8914 = AXIS2_PLACEMENT_3D ( 'NONE', #12811, #4920, #10979 ) ;
#8915 = DIRECTION ( 'NONE',  ( 0.000000000000000000, -1.000000000000000000, 0.000000000000000000 ) ) ;
#8916 = DIRECTION ( 'NONE',  ( -0.000000000000000000, -0.000000000000000000, -1.000000000000000000 ) ) ;
#8917 = CARTESIAN_POINT ( 'NONE',  ( 136.5620000000000118, 58.35159999999999769, 3.000000000000000000 ) ) ;
#8918 = AXIS2_PLACEMENT_3D ( 'NONE', #9745, #1903, #5897 ) ;
#8920 = ORIENTED_EDGE ( 'NONE', *, *, #1311, .F. ) ;
#8919 = ORIENTED_EDGE ( 'NONE', *, *, #9697, .F. ) ;
#8921 = VECTOR ( 'NONE', #4416, 1000.000000000000000 ) ;
#8922 = EDGE_LOOP ( 'NONE', ( #8926, #3240, #12369, #2121 ) ) ;
#8923 = CARTESIAN_POINT ( 'NONE',  ( 150.2570000000000050, 78.87189999999999657, 3.000000000000000000 ) ) ;
#8924 = ORIENTED_EDGE ( 'NONE', *, *, #1782, .T. ) ;
#8925 = AXIS2_PLACEMENT_3D ( 'NONE', #6569, #10479, #552 ) ;
#8926 = ORIENTED_EDGE ( 'NONE', *, *, #11866, .F. ) ;
#8927 = DIRECTION ( 'NONE',  ( -0.000000000000000000, -0.000000000000000000, -1.000000000000000000 ) ) ;
#8928 = EDGE_CURVE ( 'NONE', #4810, #8558, #3846, .T. ) ;
#8929 = DIRECTION ( 'NONE',  ( 0.000000000000000000, 0.000000000000000000, 1.000000000000000000 ) ) ;
#8930 = LINE ( 'NONE', #6185, #12640 ) ;
#8931 = VECTOR ( 'NONE', #7080, 1000.000000000000000 ) ;
#8932 = CARTESIAN_POINT ( 'NONE',  ( 136.3940000000000055, 90.42260000000000275, 0.000000000000000000 ) ) ;
#8933 = DIRECTION ( 'NONE',  ( -0.000000000000000000, -1.000000000000000000, -0.000000000000000000 ) ) ;
#8934 = ORIENTED_EDGE ( 'NONE', *, *, #599, .T. ) ;
#8935 = EDGE_CURVE ( 'NONE', #9394, #4809, #3121, .T. ) ;
#8936 = ORIENTED_EDGE ( 'NONE', *, *, #9993, .T. ) ;
#8937 = CARTESIAN_POINT ( 'NONE',  ( 78.81969999999999743, 97.92189999999999372, 3.000000000000000000 ) ) ;
#8938 = VECTOR ( 'NONE', #706, 1000.000000000000000 ) ;
#8939 = VERTEX_POINT ( 'NONE', #7094 ) ;
#8940 = EDGE_LOOP ( 'NONE', ( #7578, #12463, #4844, #12872 ) ) ;
#8941 = ORIENTED_EDGE ( 'NONE', *, *, #4949, .T. ) ;
#8942 = DIRECTION ( 'NONE',  ( -0.000000000000000000, 0.000000000000000000, -1.000000000000000000 ) ) ;
#8943 = CARTESIAN_POINT ( 'NONE',  ( 185.9759999999999991, 126.4969999999999999, 0.000000000000000000 ) ) ;
#8944 = DIRECTION ( 'NONE',  ( 1.000000000000000000, -0.000000000000000000, -0.000000000000000000 ) ) ;
#8945 = EDGE_CURVE ( 'NONE', #4317, #4351, #9836, .T. ) ;
#8946 = FACE_OUTER_BOUND ( 'NONE', #10120, .T. ) ;
#8947 = CARTESIAN_POINT ( 'NONE',  ( 116.6320000000000192, 26.77250000000000085, 0.000000000000000000 ) ) ;
#8948 = EDGE_CURVE ( 'NONE', #1943, #8904, #1021, .T. ) ;
#8949 = VERTEX_POINT ( 'NONE', #5080 ) ;
#8950 = FACE_OUTER_BOUND ( 'NONE', #6924, .T. ) ;
#8951 = VERTEX_POINT ( 'NONE', #11864 ) ;
#8952 = ORIENTED_EDGE ( 'NONE', *, *, #4326, .F. ) ;
#8953 = VERTEX_POINT ( 'NONE', #4958 ) ;
#8954 = CARTESIAN_POINT ( 'NONE',  ( 19.38192999999999699, 102.9218999999999937, 0.000000000000000000 ) ) ;
#8955 = CARTESIAN_POINT ( 'NONE',  ( 73.76900000000000546, 97.92189999999999372, 3.000000000000000000 ) ) ;
#8956 = ORIENTED_EDGE ( 'NONE', *, *, #9490, .T. ) ;
#8957 = LINE ( 'NONE', #2031, #1690 ) ;
#8958 = CARTESIAN_POINT ( 'NONE',  ( 121.6820000000000022, 126.4969999999999999, 0.000000000000000000 ) ) ;
#8959 = CARTESIAN_POINT ( 'NONE',  ( 164.5449999999999875, 126.4969999999999999, 3.000000000000000000 ) ) ;
#8960 = EDGE_CURVE ( 'NONE', #12522, #9662, #6847, .T. ) ;
#8961 = LINE ( 'NONE', #5114, #7215 ) ;
#8962 = DIRECTION ( 'NONE',  ( -0.000000000000000000, -0.000000000000000000, -1.000000000000000000 ) ) ;
#8963 = DIRECTION ( 'NONE',  ( -0.000000000000000000, -0.000000000000000000, 1.000000000000000000 ) ) ;
#8964 = ORIENTED_EDGE ( 'NONE', *, *, #145, .T. ) ;
#8966 = ORIENTED_EDGE ( 'NONE', *, *, #1946, .F. ) ;
#8965 = CARTESIAN_POINT ( 'NONE',  ( 140.4439999999999884, 78.87189999999999657, 3.000000000000000000 ) ) ;
#8967 = EDGE_CURVE ( 'NONE', #8720, #9285, #2987, .T. ) ;
#8968 = PLANE ( 'NONE',  #5793 ) ;
#8969 = ORIENTED_EDGE ( 'NONE', *, *, #2238, .F. ) ;
#8970 = CARTESIAN_POINT ( 'NONE',  ( 196.1319299999999828, -2.065918000000003474, 0.000000000000000000 ) ) ;
#8971 = CARTESIAN_POINT ( 'NONE',  ( 188.3569999999999993, 59.82189999999999941, 3.000000000000000000 ) ) ;
#8972 = DIRECTION ( 'NONE',  ( 1.000000000000000000, 0.000000000000000000, 0.000000000000000000 ) ) ;
#8973 = DIRECTION ( 'NONE',  ( 0.000000000000000000, -0.000000000000000000, -1.000000000000000000 ) ) ;
#8974 = PLANE ( 'NONE',  #6806 ) ;
#8975 = EDGE_LOOP ( 'NONE', ( #799, #3259, #5884, #9207 ) ) ;
#8976 = VERTEX_POINT ( 'NONE', #8866 ) ;
#8977 = DIRECTION ( 'NONE',  ( -0.000000000000000000, -0.000000000000000000, -1.000000000000000000 ) ) ;
#8978 = EDGE_CURVE ( 'NONE', #4217, #332, #3912, .T. ) ;
#8979 = ORIENTED_EDGE ( 'NONE', *, *, #2202, .T. ) ;
#8980 = EDGE_CURVE ( 'NONE', #6894, #9780, #12848, .T. ) ;
#8982 = ADVANCED_FACE ( 'NONE', ( #3252 ), #5269, .T. ) ;
#8981 = FACE_OUTER_BOUND ( 'NONE', #5359, .T. ) ;
#8983 = VERTEX_POINT ( 'NONE', #1586 ) ;
#8984 = LINE ( 'NONE', #9701, #4957 ) ;
#8985 = DIRECTION ( 'NONE',  ( 1.000000000000000000, -0.000000000000000000, -0.000000000000000000 ) ) ;
#8986 = AXIS2_PLACEMENT_3D ( 'NONE', #2924, #5988, #8929 ) ;
#8987 = DIRECTION ( 'NONE',  ( 0.000000000000000000, -1.000000000000000000, 0.000000000000000000 ) ) ;
#8988 = FACE_OUTER_BOUND ( 'NONE', #5173, .T. ) ;
#8989 = CARTESIAN_POINT ( 'NONE',  ( 208.8830000000000098, -3.565917999999999477, 0.000000000000000000 ) ) ;
#8990 = DIRECTION ( 'NONE',  ( 1.000000000000000000, -0.000000000000000000, -0.000000000000000000 ) ) ;
#8992 = ORIENTED_EDGE ( 'NONE', *, *, #11465, .T. ) ;
#8991 = CARTESIAN_POINT ( 'NONE',  ( 160.3619999999999948, 45.07159999999999656, 3.000000000000000000 ) ) ;
#8993 = ADVANCED_FACE ( 'NONE', ( #1148 ), #3614, .T. ) ;
#8994 = ADVANCED_FACE ( 'NONE', ( #8269 ), #12252, .T. ) ;
#8995 = ORIENTED_EDGE ( 'NONE', *, *, #12281, .T. ) ;
#8996 = VECTOR ( 'NONE', #4065, 1000.000000000000000 ) ;
#8997 = CARTESIAN_POINT ( 'NONE',  ( 55.85040000000000049, 17.02149999999999963, 3.000000000000000000 ) ) ;
#8998 = EDGE_LOOP ( 'NONE', ( #11337, #4169, #10035, #6613 ) ) ;
#8999 = ORIENTED_EDGE ( 'NONE', *, *, #1624, .T. ) ;
#9000 = VERTEX_POINT ( 'NONE', #7227 ) ;
#9001 = DIRECTION ( 'NONE',  ( 1.000000000000000000, 0.000000000000000000, -0.000000000000000000 ) ) ;
#9002 = VECTOR ( 'NONE', #5817, 1000.000000000000000 ) ;
#9003 = CARTESIAN_POINT ( 'NONE',  ( 183.5949999999999989, 16.95949999999999847, 3.000000000000000000 ) ) ;
#9004 = CARTESIAN_POINT ( 'NONE',  ( 136.5620000000000118, 59.27230000000000132, 0.000000000000000000 ) ) ;
#9005 = CARTESIAN_POINT ( 'NONE',  ( 143.9689999999999941, 84.15269999999999584, 3.000000000000000000 ) ) ;
#9006 = CIRCLE ( 'NONE', #3381, 0.5000000000000004441 ) ;
#9007 = CARTESIAN_POINT ( 'NONE',  ( 139.8630000000000280, 45.07159999999999656, 0.000000000000000000 ) ) ;
#9008 = FACE_OUTER_BOUND ( 'NONE', #4570, .T. ) ;
#9009 = AXIS2_PLACEMENT_3D ( 'NONE', #2926, #11983, #9969 ) ;
#9010 = FACE_OUTER_BOUND ( 'NONE', #4568, .T. ) ;
#9011 = ORIENTED_EDGE ( 'NONE', *, *, #12454, .F. ) ;
#9012 = CARTESIAN_POINT ( 'NONE',  ( 23.40692999999999202, 43.29100000000001813, 0.000000000000000000 ) ) ;
#9013 = ORIENTED_EDGE ( 'NONE', *, *, #4650, .T. ) ;
#9014 = ORIENTED_EDGE ( 'NONE', *, *, #12840, .F. ) ;
#9015 = VERTEX_POINT ( 'NONE', #3321 ) ;
#9016 = APPLICATION_PROTOCOL_DEFINITION ( 'draft international standard', 'automotive_design', 1998, #3095 ) ;
#9017 = EDGE_CURVE ( 'NONE', #12444, #5311, #4164, .T. ) ;
#9018 = CARTESIAN_POINT ( 'NONE',  ( 116.9180000000000064, 83.92270000000000607, 0.000000000000000000 ) ) ;
#9019 = FACE_OUTER_BOUND ( 'NONE', #5661, .T. ) ;
#9020 = PLANE ( 'NONE',  #9410 ) ;
#9021 = EDGE_CURVE ( 'NONE', #4614, #11647, #2330, .T. ) ;
#9022 = VECTOR ( 'NONE', #9162, 1000.000000000000000 ) ;
#9023 = CARTESIAN_POINT ( 'NONE',  ( 139.8630000000000280, 46.05270000000000152, 0.000000000000000000 ) ) ;
#9024 = DIRECTION ( 'NONE',  ( -0.000000000000000000, 1.000000000000000000, -0.000000000000000000 ) ) ;
#9025 = DIRECTION ( 'NONE',  ( -0.000000000000000000, 1.000000000000000000, -0.000000000000000000 ) ) ;
#9026 = CARTESIAN_POINT ( 'NONE',  ( 165.3880000000000052, 46.05270000000000152, 3.000000000000000000 ) ) ;
#9027 = DIRECTION ( 'NONE',  ( 0.000000000000000000, -1.000000000000000000, 0.000000000000000000 ) ) ;
#9028 = AXIS2_PLACEMENT_3D ( 'NONE', #5349, #9326, #2061 ) ;
#9029 = ORIENTED_EDGE ( 'NONE', *, *, #7151, .F. ) ;
#9031 = ORIENTED_EDGE ( 'NONE', *, *, #3569, .T. ) ;
#9030 = DIRECTION ( 'NONE',  ( -1.000000000000000000, 0.000000000000000000, 0.000000000000000000 ) ) ;
#9032 = EDGE_CURVE ( 'NONE', #3966, #11932, #2570, .T. ) ;
#9033 = FACE_BOUND ( 'NONE', #1250, .T. ) ;
#9034 = ORIENTED_EDGE ( 'NONE', *, *, #10719, .F. ) ;
#9035 = ADVANCED_FACE ( 'NONE', ( #11075 ), #9309, .T. ) ;
#9036 = DIRECTION ( 'NONE',  ( 1.000000000000000000, 0.000000000000000000, 0.000000000000000000 ) ) ;
#9037 = AXIS2_PLACEMENT_3D ( 'NONE', #3242, #4219, #5137 ) ;
#9038 = DIRECTION ( 'NONE',  ( 0.000000000000000000, -0.000000000000000000, -1.000000000000000000 ) ) ;
#9039 = CARTESIAN_POINT ( 'NONE',  ( 31.19470000000000098, 78.87189999999999657, 3.000000000000000000 ) ) ;
#9040 = EDGE_CURVE ( 'NONE', #880, #10714, #7161, .T. ) ;
#9041 = CARTESIAN_POINT ( 'NONE',  ( 183.5949999999999989, 2.960030000000000161, 3.000000000000000000 ) ) ;
#9042 = FACE_OUTER_BOUND ( 'NONE', #1888, .T. ) ;
#9043 = ORIENTED_EDGE ( 'NONE', *, *, #3968, .T. ) ;
#9044 = ORIENTED_EDGE ( 'NONE', *, *, #926, .F. ) ;
#9045 = ADVANCED_FACE ( 'NONE', ( #4295 ), #2200, .T. ) ;
#9046 = DIRECTION ( 'NONE',  ( 1.000000000000000000, 0.000000000000000000, 0.000000000000000000 ) ) ;
#9047 = AXIS2_PLACEMENT_3D ( 'NONE', #12144, #1303, #6465 ) ;
#9048 = ORIENTED_EDGE ( 'NONE', *, *, #11688, .T. ) ;
#9049 = AXIS2_PLACEMENT_3D ( 'NONE', #2459, #359, #4421 ) ;
#9050 = DIRECTION ( 'NONE',  ( -1.000000000000000000, -0.000000000000000000, -0.000000000000000000 ) ) ;
#9051 = ORIENTED_EDGE ( 'NONE', *, *, #4073, .T. ) ;
#9052 = CARTESIAN_POINT ( 'NONE',  ( 134.8369999999999891, 46.05270000000000152, 3.000000000000000000 ) ) ;
#9053 = DIRECTION ( 'NONE',  ( 0.000000000000000000, -0.000000000000000000, -1.000000000000000000 ) ) ;
#9054 = DIRECTION ( 'NONE',  ( -1.000000000000000000, -0.000000000000000000, -0.000000000000000000 ) ) ;
#9055 = CARTESIAN_POINT ( 'NONE',  ( 88.34470000000000312, 64.87269999999999470, 3.000000000000000000 ) ) ;
#9056 = DIRECTION ( 'NONE',  ( 0.000000000000000000, 0.000000000000000000, -1.000000000000000000 ) ) ;
#9057 = VECTOR ( 'NONE', #8358, 1000.000000000000000 ) ;
#9058 = DIRECTION ( 'NONE',  ( -0.000000000000000000, -0.000000000000000000, -1.000000000000000000 ) ) ;
#9059 = EDGE_CURVE ( 'NONE', #2176, #6850, #7868, .T. ) ;
#9061 = ORIENTED_EDGE ( 'NONE', *, *, #11841, .T. ) ;
#9060 = LINE ( 'NONE', #11076, #7859 ) ;
#9062 = VECTOR ( 'NONE', #5823, 1000.000000000000000 ) ;
#9063 = VERTEX_POINT ( 'NONE', #8569 ) ;
#9064 = DIRECTION ( 'NONE',  ( -0.000000000000000000, -0.000000000000000000, -1.000000000000000000 ) ) ;
#9065 = EDGE_LOOP ( 'NONE', ( #10219, #11562, #10279, #4627 ) ) ;
#9066 = EDGE_LOOP ( 'NONE', ( #6316, #3700, #9620, #11083 ) ) ;
#9067 = VERTEX_POINT ( 'NONE', #12553 ) ;
#9068 = LINE ( 'NONE', #3856, #4822 ) ;
#9069 = LINE ( 'NONE', #11809, #11146 ) ;
#9070 = FACE_OUTER_BOUND ( 'NONE', #2730, .T. ) ;
#9071 = CARTESIAN_POINT ( 'NONE',  ( 18.13192999999999699, 102.9218999999999937, -7.000000000000000000 ) ) ;
#9072 = EDGE_CURVE ( 'NONE', #5586, #2412, #10167, .T. ) ;
#9073 = VECTOR ( 'NONE', #2465, 1000.000000000000000 ) ;
#9074 = DIRECTION ( 'NONE',  ( 0.000000000000000000, 0.000000000000000000, -1.000000000000000000 ) ) ;
#9075 = DIRECTION ( 'NONE',  ( 0.000000000000000000, -0.000000000000000000, -1.000000000000000000 ) ) ;
#9076 = DIRECTION ( 'NONE',  ( 0.000000000000000000, -1.000000000000000000, 0.000000000000000000 ) ) ;
#9077 = ORIENTED_EDGE ( 'NONE', *, *, #9538, .F. ) ;
#9078 = DIRECTION ( 'NONE',  ( 1.000000000000000000, 0.000000000000000000, 0.000000000000000000 ) ) ;
#9079 = EDGE_LOOP ( 'NONE', ( #6594, #6321, #3736, #5760 ) ) ;
#9080 = VERTEX_POINT ( 'NONE', #1217 ) ;
#9081 = VERTEX_POINT ( 'NONE', #5212 ) ;
#9082 = VECTOR ( 'NONE', #3427, 1000.000000000000000 ) ;
#9083 = CARTESIAN_POINT ( 'NONE',  ( 25.30079999999999885, 14.22269999999999968, 0.000000000000000000 ) ) ;
#9084 = CARTESIAN_POINT ( 'NONE',  ( 30.32509999999999906, 6.972859999999999836, 3.000000000000000000 ) ) ;
#9085 = CARTESIAN_POINT ( 'NONE',  ( 157.1129999999999995, 59.82189999999999941, 3.000000000000000000 ) ) ;
#9086 = EDGE_CURVE ( 'NONE', #124, #11916, #10286, .T. ) ;
#9087 = DIRECTION ( 'NONE',  ( -1.000000000000000000, -0.000000000000000000, -0.000000000000000000 ) ) ;
#9088 = VECTOR ( 'NONE', #2036, 1000.000000000000000 ) ;
#9089 = FACE_OUTER_BOUND ( 'NONE', #2005, .T. ) ;
#9090 = CARTESIAN_POINT ( 'NONE',  ( 160.3619999999999948, 58.35159999999999769, 3.000000000000000000 ) ) ;
#9091 = CARTESIAN_POINT ( 'NONE',  ( 7.382159999999999833, 126.4969999999999999, 3.000000000000000000 ) ) ;
#9092 = LINE ( 'NONE', #3221, #3253 ) ;
#9093 = ORIENTED_EDGE ( 'NONE', *, *, #3320, .T. ) ;
#9094 = ADVANCED_FACE ( 'NONE', ( #12315 ), #3551, .T. ) ;
#9096 = EDGE_LOOP ( 'NONE', ( #3599, #3940, #11037, #6510 ) ) ;
#9095 = CARTESIAN_POINT ( 'NONE',  ( 55.85040000000000049, 7.952670000000000350, 3.000000000000000000 ) ) ;
#9097 = VECTOR ( 'NONE', #9852, 1000.000000000000000 ) ;
#9098 = FACE_BOUND ( 'NONE', #4897, .T. ) ;
#9099 = VERTEX_POINT ( 'NONE', #8200 ) ;
#9100 = PLANE ( 'NONE',  #2436 ) ;
#9101 = DIRECTION ( 'NONE',  ( 0.000000000000000000, -1.000000000000000000, 0.000000000000000000 ) ) ;
#9102 = DIRECTION ( 'NONE',  ( -0.000000000000000000, 1.000000000000000000, -0.000000000000000000 ) ) ;
#9103 = EDGE_CURVE ( 'NONE', #7475, #2840, #11215, .T. ) ;
#9104 = VECTOR ( 'NONE', #1262, 1000.000000000000000 ) ;
#9105 = CARTESIAN_POINT ( 'NONE',  ( 135.6819999999999879, 112.4980000000000047, 3.000000000000000000 ) ) ;
#9106 = VECTOR ( 'NONE', #4420, 1000.000000000000000 ) ;
#9107 = CARTESIAN_POINT ( 'NONE',  ( 27.02609999999999957, 20.25169999999999959, 0.000000000000000000 ) ) ;
#9108 = VERTEX_POINT ( 'NONE', #10227 ) ;
#9109 = EDGE_CURVE ( 'NONE', #12007, #8541, #1276, .T. ) ;
#9110 = VERTEX_POINT ( 'NONE', #796 ) ;
#9111 = LINE ( 'NONE', #1446, #6500 ) ;
#9112 = ORIENTED_EDGE ( 'NONE', *, *, #11435, .F. ) ;
#9113 = AXIS2_PLACEMENT_3D ( 'NONE', #4355, #6308, #12049 ) ;
#9114 = CARTESIAN_POINT ( 'NONE',  ( 202.3569999999999993, 26.77250000000000085, 3.000000000000000000 ) ) ;
#9115 = ORIENTED_EDGE ( 'NONE', *, *, #4524, .F. ) ;
#9116 = DIRECTION ( 'NONE',  ( 0.000000000000000000, 1.000000000000000000, -0.000000000000000000 ) ) ;
#9117 = AXIS2_PLACEMENT_3D ( 'NONE', #5239, #9213, #9154 ) ;
#9118 = CARTESIAN_POINT ( 'NONE',  ( 142.2439999999999998, 97.37229999999999563, 3.000000000000000000 ) ) ;
#9119 = LINE ( 'NONE', #4094, #12442 ) ;
#9120 = LINE ( 'NONE', #1404, #8831 ) ;
#9121 = CARTESIAN_POINT ( 'NONE',  ( 158.2949999999999875, 102.9218999999999937, 0.000000000000000000 ) ) ;
#9122 = VECTOR ( 'NONE', #7783, 1000.000000000000000 ) ;
#9123 = AXIS2_PLACEMENT_3D ( 'NONE', #9367, #12371, #9684 ) ;
#9124 = DIRECTION ( 'NONE',  ( 1.000000000000000000, 0.000000000000000000, 0.000000000000000000 ) ) ;
#9125 = ADVANCED_FACE ( 'NONE', ( #11638 ), #2899, .T. ) ;
#9127 = ORIENTED_EDGE ( 'NONE', *, *, #23, .F. ) ;
#9126 = CARTESIAN_POINT ( 'NONE',  ( 209.8830000000000098, 133.0209999999999866, 0.000000000000000000 ) ) ;
#9128 = VECTOR ( 'NONE', #7322, 1000.000000000000000 ) ;
#9129 = ORIENTED_EDGE ( 'NONE', *, *, #6125, .T. ) ;
#9130 = DIRECTION ( 'NONE',  ( -0.000000000000000000, -0.000000000000000000, -1.000000000000000000 ) ) ;
#9131 = ORIENTED_EDGE ( 'NONE', *, *, #2691, .T. ) ;
#9132 = VERTEX_POINT ( 'NONE', #5772 ) ;
#9133 = EDGE_LOOP ( 'NONE', ( #5776, #4540, #1896, #11624 ) ) ;
#9134 = LINE ( 'NONE', #10235, #9354 ) ;
#9135 = AXIS2_PLACEMENT_3D ( 'NONE', #468, #6298, #2567 ) ;
#9136 = EDGE_CURVE ( 'NONE', #11685, #11492, #6877, .T. ) ;
#9137 = DIRECTION ( 'NONE',  ( 0.000000000000000000, 0.000000000000000000, 1.000000000000000000 ) ) ;
#9138 = CARTESIAN_POINT ( 'NONE',  ( 25.30079999999999885, 14.22269999999999968, 3.000000000000000000 ) ) ;
#9139 = LINE ( 'NONE', #6916, #6738 ) ;
#9140 = CARTESIAN_POINT ( 'NONE',  ( 161.0180000000000007, 96.45159999999999911, 0.000000000000000000 ) ) ;
#9141 = FACE_OUTER_BOUND ( 'NONE', #6559, .T. ) ;
#9142 = VECTOR ( 'NONE', #6792, 1000.000000000000000 ) ;
#9143 = LINE ( 'NONE', #5100, #540 ) ;
#9144 = ORIENTED_EDGE ( 'NONE', *, *, #5394, .T. ) ;
#9145 = PLANE ( 'NONE',  #10509 ) ;
#9146 = ORIENTED_EDGE ( 'NONE', *, *, #11281, .F. ) ;
#9147 = ORIENTED_EDGE ( 'NONE', *, *, #377, .T. ) ;
#9148 = ORIENTED_EDGE ( 'NONE', *, *, #6297, .F. ) ;
#9149 = EDGE_CURVE ( 'NONE', #10627, #6951, #5837, .T. ) ;
#9150 = CARTESIAN_POINT ( 'NONE',  ( 199.9749999999999943, 112.4980000000000047, 3.000000000000000000 ) ) ;
#9151 = EDGE_CURVE ( 'NONE', #818, #3412, #2636, .T. ) ;
#9152 = PLANE ( 'NONE',  #4469 ) ;
#9153 = DIRECTION ( 'NONE',  ( 0.000000000000000000, -1.000000000000000000, 0.000000000000000000 ) ) ;
#9154 = DIRECTION ( 'NONE',  ( -1.000000000000000000, 0.000000000000000000, 0.000000000000000000 ) ) ;
#9155 = LINE ( 'NONE', #2098, #10810 ) ;
#9156 = DIRECTION ( 'NONE',  ( -0.000000000000000000, -0.000000000000000000, -1.000000000000000000 ) ) ;
#9157 = LINE ( 'NONE', #196, #3905 ) ;
#9158 = LINE ( 'NONE', #4199, #6587 ) ;
#9159 = ORIENTED_EDGE ( 'NONE', *, *, #8478, .F. ) ;
#9160 = ORIENTED_EDGE ( 'NONE', *, *, #1865, .F. ) ;
#9161 = EDGE_CURVE ( 'NONE', #3662, #8541, #6682, .T. ) ;
#9163 = ORIENTED_EDGE ( 'NONE', *, *, #1834, .F. ) ;
#9162 = DIRECTION ( 'NONE',  ( -0.000000000000000000, 1.000000000000000000, -0.000000000000000000 ) ) ;
#9164 = FACE_BOUND ( 'NONE', #6495, .T. ) ;
#9165 = VERTEX_POINT ( 'NONE', #1845 ) ;
#9166 = DIRECTION ( 'NONE',  ( -1.000000000000000000, 0.000000000000000000, 0.000000000000000000 ) ) ;
#9167 = LINE ( 'NONE', #6296, #10505 ) ;
#9168 = EDGE_CURVE ( 'NONE', #247, #6064, #10852, .T. ) ;
#9169 = FACE_OUTER_BOUND ( 'NONE', #493, .T. ) ;
#9170 = DIRECTION ( 'NONE',  ( 0.000000000000000000, 0.000000000000000000, -1.000000000000000000 ) ) ;
#9171 = FACE_OUTER_BOUND ( 'NONE', #12225, .T. ) ;
#9172 = ORIENTED_EDGE ( 'NONE', *, *, #420, .T. ) ;
#9173 = ORIENTED_EDGE ( 'NONE', *, *, #7366, .F. ) ;
#9174 = FACE_OUTER_BOUND ( 'NONE', #12239, .T. ) ;
#9175 = ORIENTED_EDGE ( 'NONE', *, *, #4209, .F. ) ;
#9176 = LINE ( 'NONE', #11066, #6945 ) ;
#9177 = ORIENTED_EDGE ( 'NONE', *, *, #10049, .T. ) ;
#9178 = ADVANCED_FACE ( 'NONE', ( #11770 ), #9868, .T. ) ;
#9179 = CARTESIAN_POINT ( 'NONE',  ( 189.1069299999999771, 131.5209999999999866, 0.000000000000000000 ) ) ;
#9180 = FACE_OUTER_BOUND ( 'NONE', #9606, .T. ) ;
#9181 = FACE_OUTER_BOUND ( 'NONE', #542, .T. ) ;
#9182 = DIRECTION ( 'NONE',  ( 0.000000000000000000, 0.000000000000000000, 1.000000000000000000 ) ) ;
#9183 = EDGE_CURVE ( 'NONE', #1068, #8486, #5707, .T. ) ;
#9184 = CARTESIAN_POINT ( 'NONE',  ( 141.5879999999999939, 55.12149999999999750, 0.000000000000000000 ) ) ;
#9185 = DIRECTION ( 'NONE',  ( 0.000000000000000000, -1.000000000000000000, 0.000000000000000000 ) ) ;
#9187 = VERTEX_POINT ( 'NONE', #7587 ) ;
#9186 = LINE ( 'NONE', #778, #7441 ) ;
#9188 = ORIENTED_EDGE ( 'NONE', *, *, #4817, .T. ) ;
#9189 = CARTESIAN_POINT ( 'NONE',  ( 12.14470000000000205, 78.87189999999999657, 3.000000000000000000 ) ) ;
#9190 = VERTEX_POINT ( 'NONE', #925 ) ;
#9191 = ORIENTED_EDGE ( 'NONE', *, *, #4180, .T. ) ;
#9192 = ORIENTED_EDGE ( 'NONE', *, *, #1241, .T. ) ;
#9193 = CARTESIAN_POINT ( 'NONE',  ( 45.19400000000000261, 64.87269999999999470, 3.000000000000000000 ) ) ;
#9194 = ADVANCED_FACE ( 'NONE', ( #4660 ), #11569, .T. ) ;
#9195 = FACE_OUTER_BOUND ( 'NONE', #8339, .T. ) ;
#9196 = CARTESIAN_POINT ( 'NONE',  ( 134.8369999999999891, 46.05270000000000152, 3.000000000000000000 ) ) ;
#9197 = CARTESIAN_POINT ( 'NONE',  ( 183.5949999999999989, 2.960030000000000161, 3.000000000000000000 ) ) ;
#9198 = DIRECTION ( 'NONE',  ( -1.000000000000000000, 0.000000000000000000, 0.000000000000000000 ) ) ;
#9199 = CARTESIAN_POINT ( 'NONE',  ( 178.5440000000000111, 16.95949999999999847, 3.000000000000000000 ) ) ;
#9200 = VECTOR ( 'NONE', #10877, 1000.000000000000000 ) ;
#9201 = EDGE_CURVE ( 'NONE', #1265, #11387, #10726, .T. ) ;
#9202 = DIRECTION ( 'NONE',  ( 0.000000000000000000, -1.000000000000000000, 0.000000000000000000 ) ) ;
#9203 = EDGE_LOOP ( 'NONE', ( #11787, #11608, #3646, #6698 ) ) ;
#9204 = DIRECTION ( 'NONE',  ( -1.000000000000000000, -8.673617379884027583E-16, 0.000000000000000000 ) ) ;
#9205 = ORIENTED_EDGE ( 'NONE', *, *, #8628, .T. ) ;
#9206 = ORIENTED_EDGE ( 'NONE', *, *, #162, .T. ) ;
#9207 = ORIENTED_EDGE ( 'NONE', *, *, #4881, .T. ) ;
#9208 = EDGE_CURVE ( 'NONE', #10329, #8951, #7719, .T. ) ;
#9209 = CARTESIAN_POINT ( 'NONE',  ( 166.0440000000000111, 97.37229999999999563, 0.000000000000000000 ) ) ;
#9210 = DIRECTION ( 'NONE',  ( 1.000000000000000000, 0.000000000000000000, 0.000000000000000000 ) ) ;
#9211 = CIRCLE ( 'NONE', #8381, 0.5000000000000004441 ) ;
#9212 = CARTESIAN_POINT ( 'NONE',  ( 150.2570000000000050, 78.87189999999999657, 3.000000000000000000 ) ) ;
#9213 = DIRECTION ( 'NONE',  ( 0.000000000000000000, 0.000000000000000000, -1.000000000000000000 ) ) ;
#9214 = AXIS2_PLACEMENT_3D ( 'NONE', #8549, #8746, #12726 ) ;
#9215 = FACE_OUTER_BOUND ( 'NONE', #11995, .T. ) ;
#9216 = CARTESIAN_POINT ( 'NONE',  ( 158.6370000000000005, 58.35159999999999769, 3.000000000000000000 ) ) ;
#9217 = DIRECTION ( 'NONE',  ( -0.000000000000000000, -0.000000000000000000, 1.000000000000000000 ) ) ;
#9218 = EDGE_CURVE ( 'NONE', #4995, #8208, #10599, .T. ) ;
#9219 = EDGE_CURVE ( 'NONE', #3797, #5153, #661, .T. ) ;
#9220 = LINE ( 'NONE', #198, #3244 ) ;
#9221 = VERTEX_POINT ( 'NONE', #4726 ) ;
#9222 = ORIENTED_EDGE ( 'NONE', *, *, #1885, .T. ) ;
#9224 = ORIENTED_EDGE ( 'NONE', *, *, #5805, .F. ) ;
#9223 = CARTESIAN_POINT ( 'NONE',  ( 16.90719999999999956, 59.82189999999999941, 0.000000000000000000 ) ) ;
#9225 = DIRECTION ( 'NONE',  ( 0.000000000000000000, 0.000000000000000000, -1.000000000000000000 ) ) ;
#9226 = ORIENTED_EDGE ( 'NONE', *, *, #2228, .T. ) ;
#9227 = LINE ( 'NONE', #2439, #11614 ) ;
#9228 = PLANE ( 'NONE',  #9432 ) ;
#9229 = ADVANCED_FACE ( 'NONE', ( #8901 ), #8833, .T. ) ;
#9230 = VECTOR ( 'NONE', #11230, 1000.000000000000000 ) ;
#9231 = DIRECTION ( 'NONE',  ( -1.000000000000000000, -0.000000000000000000, -0.000000000000000000 ) ) ;
#9232 = AXIS2_PLACEMENT_3D ( 'NONE', #930, #12092, #4139 ) ;
#9233 = FACE_OUTER_BOUND ( 'NONE', #5244, .T. ) ;
#9234 = ORIENTED_EDGE ( 'NONE', *, *, #6536, .F. ) ;
#9235 = EDGE_LOOP ( 'NONE', ( #4521, #7640 ) ) ;
#9236 = EDGE_LOOP ( 'NONE', ( #7678, #8836, #12851, #7737 ) ) ;
#9237 = PLANE ( 'NONE',  #8402 ) ;
#9238 = ORIENTED_EDGE ( 'NONE', *, *, #10168, .T. ) ;
#9239 = PLANE ( 'NONE',  #3699 ) ;
#9240 = VECTOR ( 'NONE', #11346, 1000.000000000000000 ) ;
#9241 = CARTESIAN_POINT ( 'NONE',  ( 10.11892999999999532, 62.34100000000002240, 0.000000000000000000 ) ) ;
#9242 = DIRECTION ( 'NONE',  ( -0.000000000000000000, -0.000000000000000000, -1.000000000000000000 ) ) ;
#9243 = CARTESIAN_POINT ( 'NONE',  ( 17.38192999999999699, -2.065918000000003474, 3.000000000000000000 ) ) ;
#9244 = CARTESIAN_POINT ( 'NONE',  ( 12.14470000000000205, 78.87189999999999657, 3.000000000000000000 ) ) ;
#9246 = EDGE_LOOP ( 'NONE', ( #9334, #1670, #10009, #11974 ) ) ;
#9245 = ORIENTED_EDGE ( 'NONE', *, *, #8457, .F. ) ;
#9247 = ORIENTED_EDGE ( 'NONE', *, *, #10954, .F. ) ;
#9248 = DIRECTION ( 'NONE',  ( -0.000000000000000000, -1.000000000000000000, -0.000000000000000000 ) ) ;
#9249 = VERTEX_POINT ( 'NONE', #12816 ) ;
#9250 = ORIENTED_EDGE ( 'NONE', *, *, #2910, .F. ) ;
#9251 = EDGE_CURVE ( 'NONE', #10920, #5408, #3882, .T. ) ;
#9252 = ORIENTED_EDGE ( 'NONE', *, *, #3539, .T. ) ;
#9253 = DIRECTION ( 'NONE',  ( -0.000000000000000000, -1.000000000000000000, -0.000000000000000000 ) ) ;
#9254 = DIRECTION ( 'NONE',  ( -0.000000000000000000, -1.000000000000000000, -0.000000000000000000 ) ) ;
#9255 = VECTOR ( 'NONE', #1256, 1000.000000000000000 ) ;
#9256 = CARTESIAN_POINT ( 'NONE',  ( 73.76900000000000546, 97.92189999999999372, 0.000000000000000000 ) ) ;
#9257 = DIRECTION ( 'NONE',  ( 1.000000000000000000, 0.000000000000000000, 0.000000000000000000 ) ) ;
#9258 = PLANE ( 'NONE',  #5075 ) ;
#9259 = CARTESIAN_POINT ( 'NONE',  ( 161.0180000000000007, 88.62170000000001835, 3.000000000000000000 ) ) ;
#9260 = AXIS2_PLACEMENT_3D ( 'NONE', #12415, #1505, #3476 ) ;
#9261 = EDGE_CURVE ( 'NONE', #10886, #1277, #11834, .T. ) ;
#9262 = CARTESIAN_POINT ( 'NONE',  ( 202.3569999999999993, 59.82189999999999941, 0.000000000000000000 ) ) ;
#9263 = VERTEX_POINT ( 'NONE', #9935 ) ;
#9264 = CARTESIAN_POINT ( 'NONE',  ( 188.3569999999999993, 59.82189999999999941, 3.000000000000000000 ) ) ;
#9265 = ORIENTED_EDGE ( 'NONE', *, *, #1653, .T. ) ;
#9266 = VERTEX_POINT ( 'NONE', #2101 ) ;
#9267 = EDGE_CURVE ( 'NONE', #11292, #7257, #12153, .T. ) ;
#9268 = ORIENTED_EDGE ( 'NONE', *, *, #7908, .F. ) ;
#9269 = CARTESIAN_POINT ( 'NONE',  ( 49.10099999999999909, 12.42159999999999975, 3.000000000000000000 ) ) ;
#9270 = DIRECTION ( 'NONE',  ( 0.000000000000000000, -1.000000000000000000, 0.000000000000000000 ) ) ;
#9271 = VECTOR ( 'NONE', #1878, 1000.000000000000000 ) ;
#9272 = DIRECTION ( 'NONE',  ( -1.000000000000000000, -0.000000000000000000, -0.000000000000000000 ) ) ;
#9273 = DIRECTION ( 'NONE',  ( 1.000000000000000000, -0.000000000000000000, -0.000000000000000000 ) ) ;
#9274 = CARTESIAN_POINT ( 'NONE',  ( 33.57589999999999719, 21.72200000000000131, 3.000000000000000000 ) ) ;
#9275 = EDGE_CURVE ( 'NONE', #5311, #11293, #6935, .T. ) ;
#9276 = FACE_OUTER_BOUND ( 'NONE', #4364, .T. ) ;
#9277 = CARTESIAN_POINT ( 'NONE',  ( 102.6320000000000050, 112.4980000000000047, 3.000000000000000000 ) ) ;
#9278 = VECTOR ( 'NONE', #3494, 1000.000000000000000 ) ;
#9279 = LINE ( 'NONE', #2552, #10101 ) ;
#9280 = ORIENTED_EDGE ( 'NONE', *, *, #4188, .T. ) ;
#9281 = ADVANCED_FACE ( 'NONE', ( #3219 ), #7974, .T. ) ;
#9282 = ORIENTED_EDGE ( 'NONE', *, *, #12938, .T. ) ;
#9283 = VECTOR ( 'NONE', #5922, 1000.000000000000000 ) ;
#9285 = VERTEX_POINT ( 'NONE', #9026 ) ;
#9284 = DIRECTION ( 'NONE',  ( 0.000000000000000000, 0.000000000000000000, 1.000000000000000000 ) ) ;
#9286 = PLANE ( 'NONE',  #7174 ) ;
#9287 = ORIENTED_EDGE ( 'NONE', *, *, #12700, .T. ) ;
#9288 = ADVANCED_FACE ( 'NONE', ( #10065 ), #7198, .F. ) ;
#9289 = VECTOR ( 'NONE', #8815, 1000.000000000000000 ) ;
#9290 = EDGE_CURVE ( 'NONE', #9632, #7271, #2037, .T. ) ;
#9291 = PLANE ( 'NONE',  #12649 ) ;
#9292 = CARTESIAN_POINT ( 'NONE',  ( 0.5939299999999920754, 81.89100000000000534, 0.000000000000000000 ) ) ;
#9293 = LINE ( 'NONE', #7522, #8085 ) ;
#9294 = PLANE ( 'NONE',  #972 ) ;
#9295 = DIRECTION ( 'NONE',  ( -1.000000000000000000, 0.000000000000000000, 0.000000000000000000 ) ) ;
#9296 = AXIS2_PLACEMENT_3D ( 'NONE', #10966, #9987, #7182 ) ;
#9297 = ORIENTED_EDGE ( 'NONE', *, *, #9936, .T. ) ;
#9298 = ORIENTED_EDGE ( 'NONE', *, *, #5273, .T. ) ;
#9299 = VERTEX_POINT ( 'NONE', #7915 ) ;
#9300 = DIRECTION ( 'NONE',  ( -1.000000000000000000, 0.000000000000000000, 0.000000000000000000 ) ) ;
#9301 = VERTEX_POINT ( 'NONE', #6091 ) ;
#9302 = DIRECTION ( 'NONE',  ( 0.000000000000000000, -1.000000000000000000, 0.000000000000000000 ) ) ;
#9303 = EDGE_CURVE ( 'NONE', #6377, #5389, #2236, .T. ) ;
#9304 = FACE_OUTER_BOUND ( 'NONE', #1041, .T. ) ;
#9305 = VECTOR ( 'NONE', #8962, 1000.000000000000000 ) ;
#9306 = CARTESIAN_POINT ( 'NONE',  ( 197.3819299999999828, -2.065918000000003474, 3.000000000000000000 ) ) ;
#9307 = VECTOR ( 'NONE', #10609, 1000.000000000000000 ) ;
#9308 = CARTESIAN_POINT ( 'NONE',  ( 107.3950000000000102, 64.87269999999999470, 3.000000000000000000 ) ) ;
#9309 = PLANE ( 'NONE',  #8292 ) ;
#9311 = EDGE_LOOP ( 'NONE', ( #10247, #3568, #11453, #5937 ) ) ;
#9310 = VERTEX_POINT ( 'NONE', #6226 ) ;
#9312 = VERTEX_POINT ( 'NONE', #10200 ) ;
#9313 = DIRECTION ( 'NONE',  ( 1.000000000000000000, -0.000000000000000000, -0.000000000000000000 ) ) ;
#9314 = EDGE_LOOP ( 'NONE', ( #3715, #784 ) ) ;
#9315 = VECTOR ( 'NONE', #10997, 1000.000000000000000 ) ;
#9316 = EDGE_LOOP ( 'NONE', ( #743, #8735, #9356, #11736 ) ) ;
#9317 = EDGE_CURVE ( 'NONE', #12095, #9015, #6157, .T. ) ;
#9318 = VECTOR ( 'NONE', #4325, 1000.000000000000000 ) ;
#9319 = VERTEX_POINT ( 'NONE', #10130 ) ;
#9320 = FACE_OUTER_BOUND ( 'NONE', #10800, .T. ) ;
#9321 = LINE ( 'NONE', #7362, #5657 ) ;
#9322 = LINE ( 'NONE', #5610, #8412 ) ;
#9323 = CIRCLE ( 'NONE', #7032, 1.249999999999999334 ) ;
#9324 = FACE_OUTER_BOUND ( 'NONE', #4334, .T. ) ;
#9325 = VECTOR ( 'NONE', #3246, 1000.000000000000000 ) ;
#9326 = DIRECTION ( 'NONE',  ( 0.000000000000000000, 0.000000000000000000, -1.000000000000000000 ) ) ;
#9327 = VECTOR ( 'NONE', #921, 1000.000000000000000 ) ;
#9328 = EDGE_CURVE ( 'NONE', #8322, #4396, #5115, .T. ) ;
#9329 = CARTESIAN_POINT ( 'NONE',  ( 202.3569999999999993, 78.87189999999999657, 3.000000000000000000 ) ) ;
#9330 = PLANE ( 'NONE',  #6593 ) ;
#9331 = ORIENTED_EDGE ( 'NONE', *, *, #10282, .F. ) ;
#9332 = DIRECTION ( 'NONE',  ( -0.000000000000000000, -1.000000000000000000, -0.000000000000000000 ) ) ;
#9333 = AXIS2_PLACEMENT_3D ( 'NONE', #7585, #1584, #2762 ) ;
#9334 = ORIENTED_EDGE ( 'NONE', *, *, #1673, .F. ) ;
#9335 = ORIENTED_EDGE ( 'NONE', *, *, #9655, .T. ) ;
#9336 = ORIENTED_EDGE ( 'NONE', *, *, #8539, .F. ) ;
#9337 = CARTESIAN_POINT ( 'NONE',  ( 71.67600000000000193, 21.72200000000000131, 3.000000000000000000 ) ) ;
#9338 = AXIS2_PLACEMENT_3D ( 'NONE', #4359, #8331, #12314 ) ;
#9339 = DIRECTION ( 'NONE',  ( -0.000000000000000000, -0.000000000000000000, -1.000000000000000000 ) ) ;
#9340 = ADVANCED_FACE ( 'NONE', ( #8040 ), #993, .T. ) ;
#9341 = LINE ( 'NONE', #12216, #5492 ) ;
#9342 = CARTESIAN_POINT ( 'NONE',  ( 136.3940000000000055, 93.22150000000000603, 0.000000000000000000 ) ) ;
#9343 = AXIS2_PLACEMENT_3D ( 'NONE', #12348, #3407, #7381 ) ;
#9344 = ADVANCED_FACE ( 'NONE', ( #3021 ), #4135, .F. ) ;
#9345 = FACE_OUTER_BOUND ( 'NONE', #8355, .T. ) ;
#9346 = CARTESIAN_POINT ( 'NONE',  ( 130.9190000000000111, 83.92270000000000607, 0.000000000000000000 ) ) ;
#9347 = CARTESIAN_POINT ( 'NONE',  ( 27.02609999999999957, 20.25169999999999959, 0.000000000000000000 ) ) ;
#9348 = CARTESIAN_POINT ( 'NONE',  ( 47.57529999999999859, 17.02149999999999963, 3.000000000000000000 ) ) ;
#9349 = ORIENTED_EDGE ( 'NONE', *, *, #12151, .F. ) ;
#9350 = EDGE_LOOP ( 'NONE', ( #11324, #11859, #6893, #7165 ) ) ;
#9352 = ORIENTED_EDGE ( 'NONE', *, *, #114, .T. ) ;
#9351 = DIRECTION ( 'NONE',  ( 2.276539994720219842E-16, -1.000000000000000000, -0.000000000000000000 ) ) ;
#9353 = VECTOR ( 'NONE', #379, 1000.000000000000000 ) ;
#9354 = VECTOR ( 'NONE', #9253, 1000.000000000000000 ) ;
#9355 = FACE_OUTER_BOUND ( 'NONE', #7100, .T. ) ;
#9356 = ORIENTED_EDGE ( 'NONE', *, *, #4666, .T. ) ;
#9357 = LINE ( 'NONE', #8316, #4335 ) ;
#9358 = EDGE_CURVE ( 'NONE', #11911, #11262, #69, .T. ) ;
#9359 = PLANE ( 'NONE',  #882 ) ;
#9360 = LINE ( 'NONE', #5515, #4340 ) ;
#9361 = CARTESIAN_POINT ( 'NONE',  ( 26.14410000000000167, 78.87189999999999657, 3.000000000000000000 ) ) ;
#9362 = DIRECTION ( 'NONE',  ( 0.000000000000000000, 0.000000000000000000, -1.000000000000000000 ) ) ;
#9363 = EDGE_CURVE ( 'NONE', #6855, #9700, #1118, .T. ) ;
#9364 = ORIENTED_EDGE ( 'NONE', *, *, #11443, .T. ) ;
#9365 = ORIENTED_EDGE ( 'NONE', *, *, #12884, .F. ) ;
#9366 = ORIENTED_EDGE ( 'NONE', *, *, #11343, .F. ) ;
#9367 = CARTESIAN_POINT ( 'NONE',  ( 9.618929999999991765, 81.39100000000001955, 3.000000000000000000 ) ) ;
#9368 = ORIENTED_EDGE ( 'NONE', *, *, #9624, .T. ) ;
#9369 = FACE_BOUND ( 'NONE', #3038, .T. ) ;
#9370 = CARTESIAN_POINT ( 'NONE',  ( 202.3569999999999993, 59.82189999999999941, 0.000000000000000000 ) ) ;
#9371 = CARTESIAN_POINT ( 'NONE',  ( 88.21346499999998514, 102.9218999999999937, 3.000000000000000000 ) ) ;
#9372 = DIRECTION ( 'NONE',  ( 1.000000000000000000, 0.000000000000000000, 0.000000000000000000 ) ) ;
#9374 = ORIENTED_EDGE ( 'NONE', *, *, #9804, .T. ) ;
#9373 = VERTEX_POINT ( 'NONE', #4069 ) ;
#9375 = EDGE_CURVE ( 'NONE', #9765, #1623, #12022, .T. ) ;
#9376 = EDGE_CURVE ( 'NONE', #7947, #3566, #7131, .T. ) ;
#9377 = ORIENTED_EDGE ( 'NONE', *, *, #5516, .F. ) ;
#9378 = LINE ( 'NONE', #12320, #927 ) ;
#9379 = ORIENTED_EDGE ( 'NONE', *, *, #6167, .T. ) ;
#9380 = ORIENTED_EDGE ( 'NONE', *, *, #4260, .F. ) ;
#9381 = VERTEX_POINT ( 'NONE', #5183 ) ;
#9382 = DIRECTION ( 'NONE',  ( 1.000000000000000000, 0.000000000000000000, -0.000000000000000000 ) ) ;
#9383 = DIRECTION ( 'NONE',  ( 1.000000000000000000, 0.000000000000000000, 0.000000000000000000 ) ) ;
#9384 = DIRECTION ( 'NONE',  ( -1.000000000000000000, 0.000000000000000000, 0.000000000000000000 ) ) ;
#9385 = CARTESIAN_POINT ( 'NONE',  ( 158.6370000000000005, 55.12149999999999750, 3.000000000000000000 ) ) ;
#9386 = DIRECTION ( 'NONE',  ( -0.000000000000000000, -0.000000000000000000, 1.000000000000000000 ) ) ;
#9387 = EDGE_CURVE ( 'NONE', #9110, #4929, #9157, .T. ) ;
#9388 = LINE ( 'NONE', #435, #11427 ) ;
#9389 = DIRECTION ( 'NONE',  ( 0.000000000000000000, 0.000000000000000000, -1.000000000000000000 ) ) ;
#9390 = ORIENTED_EDGE ( 'NONE', *, *, #5907, .F. ) ;
#9391 = DIRECTION ( 'NONE',  ( 0.000000000000000000, -1.000000000000000000, 0.000000000000000000 ) ) ;
#9392 = VERTEX_POINT ( 'NONE', #4263 ) ;
#9393 = VERTEX_POINT ( 'NONE', #8236 ) ;
#9394 = VERTEX_POINT ( 'NONE', #9277 ) ;
#9395 = LINE ( 'NONE', #190, #6548 ) ;
#9396 = VECTOR ( 'NONE', #12924, 1000.000000000000000 ) ;
#9397 = DIRECTION ( 'NONE',  ( 0.000000000000000000, -1.000000000000000000, 0.000000000000000000 ) ) ;
#9398 = DIRECTION ( 'NONE',  ( -0.000000000000000000, -0.000000000000000000, -1.000000000000000000 ) ) ;
#9399 = CARTESIAN_POINT ( 'NONE',  ( 112.1569999999999965, 59.82189999999999941, 3.000000000000000000 ) ) ;
#9400 = LINE ( 'NONE', #6344, #12052 ) ;
#9401 = LINE ( 'NONE', #2363, #942 ) ;
#9402 = LINE ( 'NONE', #3473, #2858 ) ;
#9403 = FACE_OUTER_BOUND ( 'NONE', #9496, .T. ) ;
#9404 = ADVANCED_FACE ( 'NONE', ( #1440 ), #1501, .T. ) ;
#9405 = ORIENTED_EDGE ( 'NONE', *, *, #8948, .F. ) ;
#9406 = CARTESIAN_POINT ( 'NONE',  ( 116.9180000000000064, 97.92189999999999372, 0.000000000000000000 ) ) ;
#9407 = ORIENTED_EDGE ( 'NONE', *, *, #4162, .T. ) ;
#9408 = ORIENTED_EDGE ( 'NONE', *, *, #6849, .T. ) ;
#9409 = DIRECTION ( 'NONE',  ( 0.000000000000000000, 0.000000000000000000, 1.000000000000000000 ) ) ;
#9410 = AXIS2_PLACEMENT_3D ( 'NONE', #3942, #8035, #12083 ) ;
#9412 = VERTEX_POINT ( 'NONE', #6284 ) ;
#9411 = LINE ( 'NONE', #12226, #11315 ) ;
#9413 = EDGE_CURVE ( 'NONE', #5290, #541, #3286, .T. ) ;
#9414 = CARTESIAN_POINT ( 'NONE',  ( 33.57589999999999719, 17.02149999999999963, 3.000000000000000000 ) ) ;
#9415 = ORIENTED_EDGE ( 'NONE', *, *, #822, .T. ) ;
#9416 = VECTOR ( 'NONE', #9466, 1000.000000000000000 ) ;
#9417 = LINE ( 'NONE', #6547, #12740 ) ;
#9418 = DIRECTION ( 'NONE',  ( 1.000000000000000000, 0.000000000000000000, 0.000000000000000000 ) ) ;
#9419 = LINE ( 'NONE', #6487, #10477 ) ;
#9420 = CARTESIAN_POINT ( 'NONE',  ( 165.3880000000000052, 46.05270000000000152, 3.000000000000000000 ) ) ;
#9421 = VECTOR ( 'NONE', #8657, 1000.000000000000000 ) ;
#9422 = DIRECTION ( 'NONE',  ( -1.000000000000000000, 0.000000000000000000, 0.000000000000000000 ) ) ;
#9423 = DIRECTION ( 'NONE',  ( -1.000000000000000000, 0.000000000000000000, 0.000000000000000000 ) ) ;
#9424 = AXIS2_PLACEMENT_3D ( 'NONE', #4756, #8665, #4820 ) ;
#9425 = ORIENTED_EDGE ( 'NONE', *, *, #4038, .F. ) ;
#9426 = ORIENTED_EDGE ( 'NONE', *, *, #4938, .T. ) ;
#9427 = EDGE_CURVE ( 'NONE', #1623, #1678, #395, .T. ) ;
#9428 = CARTESIAN_POINT ( 'NONE',  ( 167.7680000000000007, 84.15269999999999584, 3.000000000000000000 ) ) ;
#9429 = ORIENTED_EDGE ( 'NONE', *, *, #9363, .F. ) ;
#9430 = FACE_BOUND ( 'NONE', #7422, .T. ) ;
#9431 = CARTESIAN_POINT ( 'NONE',  ( 166.2119999999999891, 52.32260000000000133, 3.000000000000000000 ) ) ;
#9432 = AXIS2_PLACEMENT_3D ( 'NONE', #1259, #12361, #7078 ) ;
#9433 = EDGE_CURVE ( 'NONE', #3536, #7755, #9402, .T. ) ;
#9434 = LINE ( 'NONE', #3626, #6340 ) ;
#9435 = FACE_OUTER_BOUND ( 'NONE', #6356, .T. ) ;
#9436 = VECTOR ( 'NONE', #6033, 1000.000000000000000 ) ;
#9437 = EDGE_CURVE ( 'NONE', #43, #1665, #1309, .T. ) ;
#9439 = ORIENTED_EDGE ( 'NONE', *, *, #8580, .F. ) ;
#9438 = ORIENTED_EDGE ( 'NONE', *, *, #7784, .F. ) ;
#9440 = VERTEX_POINT ( 'NONE', #8305 ) ;
#9441 = CARTESIAN_POINT ( 'NONE',  ( 145.4930000000000234, 93.22150000000000603, 3.000000000000000000 ) ) ;
#9442 = VECTOR ( 'NONE', #5262, 1000.000000000000000 ) ;
#9443 = ORIENTED_EDGE ( 'NONE', *, *, #7659, .F. ) ;
#9444 = VECTOR ( 'NONE', #3211, 1000.000000000000000 ) ;
#9445 = ORIENTED_EDGE ( 'NONE', *, *, #6948, .F. ) ;
#9446 = LINE ( 'NONE', #11661, #3106 ) ;
#9447 = CARTESIAN_POINT ( 'NONE',  ( 24.47530000000000072, 17.02149999999999963, 3.000000000000000000 ) ) ;
#9448 = LINE ( 'NONE', #431, #4458 ) ;
#9449 = CARTESIAN_POINT ( 'NONE',  ( 71.67600000000000193, 21.72200000000000131, 3.000000000000000000 ) ) ;
#9450 = EDGE_CURVE ( 'NONE', #11032, #5171, #5369, .T. ) ;
#9451 = DIRECTION ( 'NONE',  ( -0.000000000000000000, -0.000000000000000000, -1.000000000000000000 ) ) ;
#9452 = VECTOR ( 'NONE', #8069, 1000.000000000000000 ) ;
#9453 = CARTESIAN_POINT ( 'NONE',  ( 23.40692999999999913, 24.74100000000002098, 3.000000000000000000 ) ) ;
#9454 = LINE ( 'NONE', #4501, #955 ) ;
#9455 = VERTEX_POINT ( 'NONE', #5303 ) ;
#9456 = DIRECTION ( 'NONE',  ( -0.000000000000000000, -0.000000000000000000, -1.000000000000000000 ) ) ;
#9457 = VERTEX_POINT ( 'NONE', #4330 ) ;
#9458 = ORIENTED_EDGE ( 'NONE', *, *, #12294, .T. ) ;
#9459 = VECTOR ( 'NONE', #249, 1000.000000000000000 ) ;
#9460 = ORIENTED_EDGE ( 'NONE', *, *, #1775, .F. ) ;
#9461 = AXIS2_PLACEMENT_3D ( 'NONE', #9605, #3603, #5575 ) ;
#9462 = CARTESIAN_POINT ( 'NONE',  ( 139.8630000000000280, 46.05270000000000152, 3.000000000000000000 ) ) ;
#9463 = AXIS2_PLACEMENT_3D ( 'NONE', #206, #11256, #10333 ) ;
#9464 = ADVANCED_FACE ( 'NONE', ( #2490 ), #3350, .T. ) ;
#9465 = CARTESIAN_POINT ( 'NONE',  ( 4.356929999999991310, 109.9710000000000036, 3.000000000000000000 ) ) ;
#9466 = DIRECTION ( 'NONE',  ( -1.000000000000000000, -0.000000000000000000, -0.000000000000000000 ) ) ;
#9467 = AXIS2_PLACEMENT_3D ( 'NONE', #9539, #12289, #7454 ) ;
#9468 = DIRECTION ( 'NONE',  ( -0.000000000000000000, -0.000000000000000000, 1.000000000000000000 ) ) ;
#9469 = PLANE ( 'NONE',  #3098 ) ;
#9470 = VECTOR ( 'NONE', #1752, 1000.000000000000000 ) ;
#9471 = DIRECTION ( 'NONE',  ( 0.000000000000000000, 1.000000000000000000, 0.000000000000000000 ) ) ;
#9472 = LINE ( 'NONE', #2428, #3482 ) ;
#9473 = DIRECTION ( 'NONE',  ( 0.000000000000000000, 1.000000000000000000, 0.000000000000000000 ) ) ;
#9474 = CARTESIAN_POINT ( 'NONE',  ( 135.6819999999999879, 112.4980000000000047, 3.000000000000000000 ) ) ;
#9475 = VERTEX_POINT ( 'NONE', #6348 ) ;
#9476 = EDGE_LOOP ( 'NONE', ( #7284, #2502, #11017, #12172 ) ) ;
#9477 = CARTESIAN_POINT ( 'NONE',  ( 83.58220000000000027, 26.77250000000000085, 3.000000000000000000 ) ) ;
#9478 = VECTOR ( 'NONE', #6143, 1000.000000000000000 ) ;
#9480 = ORIENTED_EDGE ( 'NONE', *, *, #10767, .T. ) ;
#9479 = LINE ( 'NONE', #8758, #11473 ) ;
#9481 = ADVANCED_FACE ( 'NONE', ( #5497 ), #11305, .T. ) ;
#9482 = DIRECTION ( 'NONE',  ( -0.000000000000000000, -0.000000000000000000, -1.000000000000000000 ) ) ;
#9483 = ORIENTED_EDGE ( 'NONE', *, *, #7013, .F. ) ;
#9484 = CARTESIAN_POINT ( 'NONE',  ( 135.6819999999999879, 126.4969999999999999, 3.000000000000000000 ) ) ;
#9485 = DIRECTION ( 'NONE',  ( 0.000000000000000000, -1.000000000000000000, 0.000000000000000000 ) ) ;
#9486 = CARTESIAN_POINT ( 'NONE',  ( 27.02609999999999957, 21.17220000000000368, 0.000000000000000000 ) ) ;
#9487 = PRESENTATION_STYLE_ASSIGNMENT (( #1519 ) ) ;
#9488 = VECTOR ( 'NONE', #10552, 1000.000000000000000 ) ;
#9489 = DIRECTION ( 'NONE',  ( 0.000000000000000000, -1.000000000000000000, 0.000000000000000000 ) ) ;
#9490 = EDGE_CURVE ( 'NONE', #10884, #4493, #1373, .T. ) ;
#9491 = DIRECTION ( 'NONE',  ( -1.000000000000000000, 0.000000000000000000, 0.000000000000000000 ) ) ;
#9492 = ORIENTED_EDGE ( 'NONE', *, *, #1461, .F. ) ;
#9493 = ORIENTED_EDGE ( 'NONE', *, *, #4680, .T. ) ;
#9494 = DIRECTION ( 'NONE',  ( -1.000000000000000000, -0.000000000000000000, -0.000000000000000000 ) ) ;
#9495 = VECTOR ( 'NONE', #10917, 1000.000000000000000 ) ;
#9496 = EDGE_LOOP ( 'NONE', ( #12302, #789, #7183, #4108 ) ) ;
#9497 = FACE_BOUND ( 'NONE', #2104, .T. ) ;
#9498 = ADVANCED_FACE ( 'NONE', ( #8365 ), #12350, .T. ) ;
#9499 = CARTESIAN_POINT ( 'NONE',  ( 142.8249999999999886, 40.77190000000000225, 3.000000000000000000 ) ) ;
#9500 = CARTESIAN_POINT ( 'NONE',  ( 18.13193000000000765, 14.24100000000001742, 0.000000000000000000 ) ) ;
#9501 = LINE ( 'NONE', #2393, #1198 ) ;
#9502 = VECTOR ( 'NONE', #1182, 1000.000000000000000 ) ;
#9503 = EDGE_CURVE ( 'NONE', #4629, #6450, #9472, .T. ) ;
#9505 = VERTEX_POINT ( 'NONE', #454 ) ;
#9504 = ORIENTED_EDGE ( 'NONE', *, *, #53, .F. ) ;
#9506 = ORIENTED_EDGE ( 'NONE', *, *, #10336, .F. ) ;
#9507 = CYLINDRICAL_SURFACE ( 'NONE', #1703, 1.250000000000001110 ) ;
#9508 = ORIENTED_EDGE ( 'NONE', *, *, #7994, .T. ) ;
#9509 = ORIENTED_EDGE ( 'NONE', *, *, #115, .T. ) ;
#9510 = DIRECTION ( 'NONE',  ( -1.000000000000000000, 0.000000000000000000, 0.000000000000000000 ) ) ;
#9511 = VECTOR ( 'NONE', #5320, 1000.000000000000000 ) ;
#9512 = LINE ( 'NONE', #11531, #7526 ) ;
#9513 = LINE ( 'NONE', #564, #3200 ) ;
#9514 = DIRECTION ( 'NONE',  ( -0.000000000000000000, -0.000000000000000000, -1.000000000000000000 ) ) ;
#9515 = EDGE_CURVE ( 'NONE', #10934, #2412, #4455, .T. ) ;
#9516 = CARTESIAN_POINT ( 'NONE',  ( 5.856929999999982428, 133.0209999999999866, 3.000000000000000000 ) ) ;
#9517 = AXIS2_PLACEMENT_3D ( 'NONE', #3828, #8650, #2970 ) ;
#9518 = PLANE ( 'NONE',  #6186 ) ;
#9519 = VECTOR ( 'NONE', #6502, 1000.000000000000000 ) ;
#9520 = ORIENTED_EDGE ( 'NONE', *, *, #12438, .F. ) ;
#9521 = DIRECTION ( 'NONE',  ( 0.000000000000000000, 1.000000000000000000, -0.000000000000000000 ) ) ;
#9522 = ORIENTED_EDGE ( 'NONE', *, *, #5479, .F. ) ;
#9523 = EDGE_CURVE ( 'NONE', #3733, #2153, #12410, .T. ) ;
#9524 = ORIENTED_EDGE ( 'NONE', *, *, #12581, .F. ) ;
#9525 = VERTEX_POINT ( 'NONE', #10929 ) ;
#9526 = DIRECTION ( 'NONE',  ( -1.000000000000000000, 0.000000000000000000, 0.000000000000000000 ) ) ;
#9527 = VECTOR ( 'NONE', #2195, 1000.000000000000000 ) ;
#9528 = CARTESIAN_POINT ( 'NONE',  ( 162.7429999999999950, 83.17159999999999798, 3.000000000000000000 ) ) ;
#9529 = LINE ( 'NONE', #5560, #2117 ) ;
#9530 = VECTOR ( 'NONE', #7910, 1000.000000000000000 ) ;
#9531 = DIRECTION ( 'NONE',  ( 0.000000000000000000, 0.000000000000000000, 1.000000000000000000 ) ) ;
#9532 = LINE ( 'NONE', #11617, #2469 ) ;
#9533 = VECTOR ( 'NONE', #6253, 1000.000000000000000 ) ;
#9534 = CARTESIAN_POINT ( 'NONE',  ( 78.53149999999999409, 112.4980000000000047, 3.000000000000000000 ) ) ;
#9535 = VECTOR ( 'NONE', #3499, 1000.000000000000000 ) ;
#9536 = DIRECTION ( 'NONE',  ( -1.000000000000000000, 0.000000000000000000, 0.000000000000000000 ) ) ;
#9537 = ORIENTED_EDGE ( 'NONE', *, *, #7214, .T. ) ;
#9538 = EDGE_CURVE ( 'NONE', #4997, #9412, #742, .T. ) ;
#9539 = CARTESIAN_POINT ( 'NONE',  ( 93.10720000000000596, 59.82189999999999941, 3.000000000000000000 ) ) ;
#9540 = ORIENTED_EDGE ( 'NONE', *, *, #485, .T. ) ;
#9541 = ORIENTED_EDGE ( 'NONE', *, *, #5211, .T. ) ;
#9542 = VECTOR ( 'NONE', #3050, 1000.000000000000000 ) ;
#9543 = LINE ( 'NONE', #2497, #2333 ) ;
#9544 = ADVANCED_FACE ( 'NONE', ( #12763 ), #7732, .T. ) ;
#9545 = ADVANCED_FACE ( 'NONE', ( #8782 ), #12832, .F. ) ;
#9546 = LINE ( 'NONE', #4716, #12701 ) ;
#9547 = FACE_OUTER_BOUND ( 'NONE', #1327, .T. ) ;
#9548 = EDGE_LOOP ( 'NONE', ( #508, #11341, #7499, #12317 ) ) ;
#9549 = CIRCLE ( 'NONE', #9135, 1.250000000000001110 ) ;
#9550 = DIRECTION ( 'NONE',  ( 0.000000000000000000, -0.000000000000000000, 1.000000000000000000 ) ) ;
#9551 = LINE ( 'NONE', #12742, #1390 ) ;
#9552 = LINE ( 'NONE', #658, #2584 ) ;
#9553 = CYLINDRICAL_SURFACE ( 'NONE', #9333, 1.250000000000001110 ) ;
#9554 = LINE ( 'NONE', #11448, #7643 ) ;
#9555 = DIRECTION ( 'NONE',  ( -0.000000000000000000, -0.000000000000000000, -1.000000000000000000 ) ) ;
#9556 = EDGE_CURVE ( 'NONE', #2840, #11187, #7929, .T. ) ;
#9557 = EDGE_CURVE ( 'NONE', #9373, #7273, #11653, .T. ) ;
#9558 = CARTESIAN_POINT ( 'NONE',  ( 142.2439999999999998, 96.45159999999999911, 3.000000000000000000 ) ) ;
#9559 = AXIS2_PLACEMENT_3D ( 'NONE', #2880, #8023, #6073 ) ;
#9560 = VERTEX_POINT ( 'NONE', #2848 ) ;
#9561 = ORIENTED_EDGE ( 'NONE', *, *, #2523, .T. ) ;
#9562 = DIRECTION ( 'NONE',  ( -0.000000000000000000, -0.000000000000000000, -1.000000000000000000 ) ) ;
#9563 = ORIENTED_EDGE ( 'NONE', *, *, #4173, .T. ) ;
#9564 = FACE_BOUND ( 'NONE', #1429, .T. ) ;
#9565 = EDGE_CURVE ( 'NONE', #11377, #2707, #9885, .T. ) ;
#9566 = PLANE ( 'NONE',  #130 ) ;
#9567 = LINE ( 'NONE', #2648, #6957 ) ;
#9568 = DIRECTION ( 'NONE',  ( 0.000000000000000000, -1.000000000000000000, 0.000000000000000000 ) ) ;
#9570 = ORIENTED_EDGE ( 'NONE', *, *, #4180, .F. ) ;
#9569 = ORIENTED_EDGE ( 'NONE', *, *, #4188, .F. ) ;
#9571 = ORIENTED_EDGE ( 'NONE', *, *, #12878, .T. ) ;
#9572 = EDGE_CURVE ( 'NONE', #11377, #7857, #11715, .T. ) ;
#9573 = LINE ( 'NONE', #748, #7535 ) ;
#9574 = VERTEX_POINT ( 'NONE', #9630 ) ;
#9575 = ORIENTED_EDGE ( 'NONE', *, *, #3049, .F. ) ;
#9576 = DIRECTION ( 'NONE',  ( 2.276539994720219842E-16, -1.000000000000000000, -0.000000000000000000 ) ) ;
#9577 = ADVANCED_FACE ( 'NONE', ( #4742 ), #6949, .T. ) ;
#9578 = PLANE ( 'NONE',  #4202 ) ;
#9579 = LINE ( 'NONE', #2531, #9240 ) ;
#9580 = LINE ( 'NONE', #7745, #8385 ) ;
#9581 = DIRECTION ( 'NONE',  ( -1.000000000000000000, 0.000000000000000000, 0.000000000000000000 ) ) ;
#9582 = CARTESIAN_POINT ( 'NONE',  ( 143.9689999999999941, 84.15269999999999584, 0.000000000000000000 ) ) ;
#9583 = ORIENTED_EDGE ( 'NONE', *, *, #11665, .T. ) ;
#9584 = CARTESIAN_POINT ( 'NONE',  ( 209.8830000000000098, -3.565917999999999477, 0.000000000000000000 ) ) ;
#9585 = ORIENTED_EDGE ( 'NONE', *, *, #10735, .T. ) ;
#9586 = VERTEX_POINT ( 'NONE', #8849 ) ;
#9587 = EDGE_CURVE ( 'NONE', #6639, #1906, #2715, .T. ) ;
#9588 = VERTEX_POINT ( 'NONE', #4873 ) ;
#9589 = CARTESIAN_POINT ( 'NONE',  ( 73.76900000000000546, 97.92189999999999372, 0.000000000000000000 ) ) ;
#9590 = EDGE_CURVE ( 'NONE', #3816, #3596, #3762, .T. ) ;
#9591 = LINE ( 'NONE', #4634, #4899 ) ;
#9592 = CARTESIAN_POINT ( 'NONE',  ( 45.48219999999999885, 126.4969999999999999, 0.000000000000000000 ) ) ;
#9593 = CARTESIAN_POINT ( 'NONE',  ( 35.66899999999999693, 97.92189999999999372, 0.000000000000000000 ) ) ;
#9594 = EDGE_CURVE ( 'NONE', #609, #1683, #6890, .T. ) ;
#9595 = DIRECTION ( 'NONE',  ( 0.000000000000000000, 1.000000000000000000, -0.000000000000000000 ) ) ;
#9596 = PLANE ( 'NONE',  #11188 ) ;
#9597 = CARTESIAN_POINT ( 'NONE',  ( 40.43149999999999977, 26.77250000000000085, 0.000000000000000000 ) ) ;
#9598 = EDGE_CURVE ( 'NONE', #6799, #5723, #6610, .T. ) ;
#9599 = CARTESIAN_POINT ( 'NONE',  ( 202.3569999999999993, 97.92189999999999372, 0.000000000000000000 ) ) ;
#9600 = ORIENTED_EDGE ( 'NONE', *, *, #10771, .F. ) ;
#9601 = ORIENTED_EDGE ( 'NONE', *, *, #1922, .T. ) ;
#9602 = EDGE_LOOP ( 'NONE', ( #3511, #3618, #9509, #1489 ) ) ;
#9603 = DIRECTION ( 'NONE',  ( -1.000000000000000000, 0.000000000000000000, 0.000000000000000000 ) ) ;
#9604 = CYLINDRICAL_SURFACE ( 'NONE', #3120, 1.000000000000000000 ) ;
#9605 = CARTESIAN_POINT ( 'NONE',  ( 134.8369999999999891, 46.05270000000000152, 3.000000000000000000 ) ) ;
#9606 = EDGE_LOOP ( 'NONE', ( #8588, #10541, #11881, #12322 ) ) ;
#9607 = VECTOR ( 'NONE', #1228, 1000.000000000000000 ) ;
#9608 = FACE_OUTER_BOUND ( 'NONE', #6987, .T. ) ;
#9609 = DIRECTION ( 'NONE',  ( -9.472626901011909774E-16, 1.000000000000000000, 0.000000000000000000 ) ) ;
#9610 = DIRECTION ( 'NONE',  ( -1.000000000000000000, 0.000000000000000000, 0.000000000000000000 ) ) ;
#9611 = ADVANCED_FACE ( 'NONE', ( #1729 ), #8718, .T. ) ;
#9612 = CARTESIAN_POINT ( 'NONE',  ( 45.19400000000000261, 64.87269999999999470, 0.000000000000000000 ) ) ;
#9613 = ADVANCED_FACE ( 'NONE', ( #7866 ), #10866, .F. ) ;
#9614 = DIRECTION ( 'NONE',  ( -0.000000000000000000, -1.000000000000000000, -0.000000000000000000 ) ) ;
#9615 = DIRECTION ( 'NONE',  ( 0.000000000000000000, 1.000000000000000000, 0.000000000000000000 ) ) ;
#9616 = VECTOR ( 'NONE', #9550, 1000.000000000000000 ) ;
#9617 = DIRECTION ( 'NONE',  ( 0.000000000000000000, 0.000000000000000000, 1.000000000000000000 ) ) ;
#9618 = ORIENTED_EDGE ( 'NONE', *, *, #12644, .F. ) ;
#9620 = ORIENTED_EDGE ( 'NONE', *, *, #2896, .T. ) ;
#9619 = ORIENTED_EDGE ( 'NONE', *, *, #8139, .F. ) ;
#9621 = DIRECTION ( 'NONE',  ( 1.000000000000000000, 0.000000000000000000, 0.000000000000000000 ) ) ;
#9622 = ORIENTED_EDGE ( 'NONE', *, *, #4251, .F. ) ;
#9623 = FACE_BOUND ( 'NONE', #3836, .T. ) ;
#9624 = EDGE_CURVE ( 'NONE', #10450, #4815, #1791, .T. ) ;
#9625 = VECTOR ( 'NONE', #7512, 1000.000000000000000 ) ;
#9626 = CARTESIAN_POINT ( 'NONE',  ( 55.85040000000000049, 7.952670000000000350, 3.000000000000000000 ) ) ;
#9627 = DIRECTION ( 'NONE',  ( -1.000000000000000000, 0.000000000000000000, 0.000000000000000000 ) ) ;
#9628 = LINE ( 'NONE', #3894, #12045 ) ;
#9629 = CIRCLE ( 'NONE', #655, 1.250000000000001110 ) ;
#9630 = CARTESIAN_POINT ( 'NONE',  ( 178.5440000000000111, 2.960030000000000161, 0.000000000000000000 ) ) ;
#9632 = VERTEX_POINT ( 'NONE', #810 ) ;
#9631 = ORIENTED_EDGE ( 'NONE', *, *, #12521, .T. ) ;
#9633 = EDGE_LOOP ( 'NONE', ( #11184, #2692, #9713, #3353 ) ) ;
#9634 = LINE ( 'NONE', #4557, #4427 ) ;
#9635 = ORIENTED_EDGE ( 'NONE', *, *, #4129, .F. ) ;
#9636 = ORIENTED_EDGE ( 'NONE', *, *, #4833, .T. ) ;
#9637 = DIRECTION ( 'NONE',  ( -1.000000000000000000, 0.000000000000000000, 0.000000000000000000 ) ) ;
#9638 = CARTESIAN_POINT ( 'NONE',  ( 83.58220000000000027, 126.4969999999999999, 3.000000000000000000 ) ) ;
#9639 = AXIS2_PLACEMENT_3D ( 'NONE', #9873, #2903, #8113 ) ;
#9640 = FACE_OUTER_BOUND ( 'NONE', #4828, .T. ) ;
#9641 = LINE ( 'NONE', #6710, #4012 ) ;
#9642 = LINE ( 'NONE', #11926, #5992 ) ;
#9643 = VECTOR ( 'NONE', #8286, 1000.000000000000000 ) ;
#9644 = ORIENTED_EDGE ( 'NONE', *, *, #4393, .F. ) ;
#9645 = EDGE_CURVE ( 'NONE', #3010, #1029, #4807, .T. ) ;
#9646 = VERTEX_POINT ( 'NONE', #3105 ) ;
#9647 = DIRECTION ( 'NONE',  ( -0.000000000000000000, -1.000000000000000000, -0.000000000000000000 ) ) ;
#9648 = ORIENTED_EDGE ( 'NONE', *, *, #5729, .T. ) ;
#9649 = EDGE_LOOP ( 'NONE', ( #8884, #12401, #6854, #12174 ) ) ;
#9650 = VERTEX_POINT ( 'NONE', #5196 ) ;
#9651 = DIRECTION ( 'NONE',  ( 0.000000000000000000, -1.000000000000000000, 0.000000000000000000 ) ) ;
#9652 = DIRECTION ( 'NONE',  ( 0.000000000000000000, 0.000000000000000000, 1.000000000000000000 ) ) ;
#9653 = VECTOR ( 'NONE', #10622, 1000.000000000000000 ) ;
#9654 = FACE_OUTER_BOUND ( 'NONE', #7541, .T. ) ;
#9655 = EDGE_CURVE ( 'NONE', #6688, #12584, #5129, .T. ) ;
#9656 = LINE ( 'NONE', #1498, #7876 ) ;
#9657 = CARTESIAN_POINT ( 'NONE',  ( 47.57529999999999859, 12.42159999999999975, 3.000000000000000000 ) ) ;
#9658 = CARTESIAN_POINT ( 'NONE',  ( 59.76970000000000027, 83.92270000000000607, 0.000000000000000000 ) ) ;
#9659 = LINE ( 'NONE', #3661, #351 ) ;
#9660 = VERTEX_POINT ( 'NONE', #6240 ) ;
#9661 = LINE ( 'NONE', #6731, #1543 ) ;
#9662 = VERTEX_POINT ( 'NONE', #274 ) ;
#9663 = VECTOR ( 'NONE', #9881, 1000.000000000000000 ) ;
#9664 = ORIENTED_EDGE ( 'NONE', *, *, #1542, .T. ) ;
#9665 = ORIENTED_EDGE ( 'NONE', *, *, #306, .F. ) ;
#9666 = CARTESIAN_POINT ( 'NONE',  ( 121.3940000000000055, 78.87189999999999657, 0.000000000000000000 ) ) ;
#9667 = PLANE ( 'NONE',  #10923 ) ;
#9668 = ORIENTED_EDGE ( 'NONE', *, *, #6557, .T. ) ;
#9669 = CARTESIAN_POINT ( 'NONE',  ( 164.5449999999999875, 2.960030000000000161, 3.000000000000000000 ) ) ;
#9670 = CARTESIAN_POINT ( 'NONE',  ( 143.1119999999999948, 55.12149999999999750, 3.000000000000000000 ) ) ;
#9671 = AXIS2_PLACEMENT_3D ( 'NONE', #8034, #7061, #10975 ) ;
#9672 = LINE ( 'NONE', #1583, #3189 ) ;
#9673 = CARTESIAN_POINT ( 'NONE',  ( 188.3569999999999993, 59.82189999999999941, 3.000000000000000000 ) ) ;
#9674 = EDGE_CURVE ( 'NONE', #7271, #12353, #4281, .T. ) ;
#9675 = DIRECTION ( 'NONE',  ( 1.000000000000000000, -0.000000000000000000, -0.000000000000000000 ) ) ;
#9676 = DIRECTION ( 'NONE',  ( 0.000000000000000000, -1.000000000000000000, 0.000000000000000000 ) ) ;
#9677 = VECTOR ( 'NONE', #1170, 1000.000000000000000 ) ;
#9678 = DIRECTION ( 'NONE',  ( -0.000000000000000000, -1.000000000000000000, -0.000000000000000000 ) ) ;
#9679 = ORIENTED_EDGE ( 'NONE', *, *, #8609, .T. ) ;
#9681 = ORIENTED_EDGE ( 'NONE', *, *, #3310, .F. ) ;
#9680 = ORIENTED_EDGE ( 'NONE', *, *, #2420, .T. ) ;
#9682 = EDGE_CURVE ( 'NONE', #170, #1880, #10017, .T. ) ;
#9683 = ADVANCED_FACE ( 'NONE', ( #2185 ), #12235, .T. ) ;
#9684 = DIRECTION ( 'NONE',  ( -9.106159978880878627E-17, 1.000000000000000000, 0.000000000000000000 ) ) ;
#9685 = ORIENTED_EDGE ( 'NONE', *, *, #12430, .T. ) ;
#9686 = DIRECTION ( 'NONE',  ( 1.000000000000000000, -0.000000000000000000, -0.000000000000000000 ) ) ;
#9687 = VECTOR ( 'NONE', #1026, 1000.000000000000000 ) ;
#9688 = CARTESIAN_POINT ( 'NONE',  ( 178.5440000000000111, 112.4980000000000047, 3.000000000000000000 ) ) ;
#9689 = LINE ( 'NONE', #10544, #10287 ) ;
#9690 = DIRECTION ( 'NONE',  ( 0.000000000000000000, 0.000000000000000000, 1.000000000000000000 ) ) ;
#9691 = CARTESIAN_POINT ( 'NONE',  ( 14.88192999999999699, 43.29100000000002524, 3.000000000000000000 ) ) ;
#9693 = VERTEX_POINT ( 'NONE', #6172 ) ;
#9692 = VERTEX_POINT ( 'NONE', #3305 ) ;
#9694 = AXIS2_PLACEMENT_3D ( 'NONE', #4265, #12223, #136 ) ;
#9695 = ORIENTED_EDGE ( 'NONE', *, *, #5436, .T. ) ;
#9696 = LINE ( 'NONE', #10680, #7598 ) ;
#9697 = EDGE_CURVE ( 'NONE', #8857, #11292, #12168, .T. ) ;
#9698 = ORIENTED_EDGE ( 'NONE', *, *, #12163, .F. ) ;
#9699 = EDGE_CURVE ( 'NONE', #6797, #1732, #4083, .T. ) ;
#9700 = VERTEX_POINT ( 'NONE', #5255 ) ;
#9701 = CARTESIAN_POINT ( 'NONE',  ( 93.10720000000000596, 59.82189999999999941, 0.000000000000000000 ) ) ;
#9702 = FACE_OUTER_BOUND ( 'NONE', #12823, .T. ) ;
#9703 = FACE_OUTER_BOUND ( 'NONE', #12767, .T. ) ;
#9704 = AXIS2_PLACEMENT_3D ( 'NONE', #9361, #407, #6429 ) ;
#9705 = PLANE ( 'NONE',  #451 ) ;
#9706 = CARTESIAN_POINT ( 'NONE',  ( 49.10099999999999909, 7.952670000000000350, 3.000000000000000000 ) ) ;
#9707 = ORIENTED_EDGE ( 'NONE', *, *, #12735, .F. ) ;
#9708 = EDGE_CURVE ( 'NONE', #5932, #2949, #10145, .T. ) ;
#9709 = ORIENTED_EDGE ( 'NONE', *, *, #11271, .T. ) ;
#9710 = CARTESIAN_POINT ( 'NONE',  ( 165.3880000000000052, 58.35159999999999769, 3.000000000000000000 ) ) ;
#9711 = ORIENTED_EDGE ( 'NONE', *, *, #11136, .F. ) ;
#9712 = VECTOR ( 'NONE', #2686, 1000.000000000000000 ) ;
#9713 = ORIENTED_EDGE ( 'NONE', *, *, #1472, .T. ) ;
#9714 = ORIENTED_EDGE ( 'NONE', *, *, #1071, .T. ) ;
#9715 = EDGE_LOOP ( 'NONE', ( #1087, #764, #2274, #4339 ) ) ;
#9716 = DIRECTION ( 'NONE',  ( -0.000000000000000000, -0.000000000000000000, -1.000000000000000000 ) ) ;
#9717 = LINE ( 'NONE', #3653, #7185 ) ;
#9718 = DIRECTION ( 'NONE',  ( 1.000000000000000000, 0.000000000000000000, 0.000000000000000000 ) ) ;
#9719 = EDGE_CURVE ( 'NONE', #2418, #3311, #8054, .T. ) ;
#9720 = CARTESIAN_POINT ( 'NONE',  ( 35.95720000000000027, 59.82189999999999941, 0.000000000000000000 ) ) ;
#9721 = AXIS2_PLACEMENT_3D ( 'NONE', #12222, #326, #2364 ) ;
#9722 = VECTOR ( 'NONE', #4356, 1000.000000000000000 ) ;
#9723 = DIRECTION ( 'NONE',  ( 1.000000000000000000, -0.000000000000000000, -0.000000000000000000 ) ) ;
#9724 = CARTESIAN_POINT ( 'NONE',  ( 159.5449999999999875, 102.9218999999999937, 3.000000000000000000 ) ) ;
#9725 = DIRECTION ( 'NONE',  ( 1.000000000000000000, 0.000000000000000000, -0.000000000000000000 ) ) ;
#9726 = ORIENTED_EDGE ( 'NONE', *, *, #6672, .F. ) ;
#9727 = DIRECTION ( 'NONE',  ( 1.000000000000000000, 0.000000000000000000, 0.000000000000000000 ) ) ;
#9728 = ORIENTED_EDGE ( 'NONE', *, *, #6977, .T. ) ;
#9729 = ORIENTED_EDGE ( 'NONE', *, *, #4524, .T. ) ;
#9730 = VECTOR ( 'NONE', #6728, 1000.000000000000000 ) ;
#9731 = EDGE_LOOP ( 'NONE', ( #11156, #7369, #11773, #12211 ) ) ;
#9732 = ADVANCED_FACE ( 'NONE', ( #1201 ), #8120, .T. ) ;
#9733 = CARTESIAN_POINT ( 'NONE',  ( 74.05719999999999459, 59.82189999999999941, 3.000000000000000000 ) ) ;
#9734 = VECTOR ( 'NONE', #4017, 1000.000000000000000 ) ;
#9735 = CARTESIAN_POINT ( 'NONE',  ( 56.67589999999999861, 17.02149999999999963, 0.000000000000000000 ) ) ;
#9736 = VERTEX_POINT ( 'NONE', #7988 ) ;
#9737 = DIRECTION ( 'NONE',  ( 0.000000000000000000, -1.000000000000000000, 0.000000000000000000 ) ) ;
#9738 = EDGE_CURVE ( 'NONE', #5866, #7767, #7081, .T. ) ;
#9739 = CARTESIAN_POINT ( 'NONE',  ( 165.3880000000000052, 52.32260000000000133, 0.000000000000000000 ) ) ;
#9740 = VECTOR ( 'NONE', #5864, 1000.000000000000000 ) ;
#9741 = DIRECTION ( 'NONE',  ( 0.000000000000000000, 0.000000000000000000, -1.000000000000000000 ) ) ;
#9742 = VECTOR ( 'NONE', #5780, 1000.000000000000000 ) ;
#9743 = DIRECTION ( 'NONE',  ( 0.000000000000000000, 1.000000000000000000, -0.000000000000000000 ) ) ;
#9744 = LINE ( 'NONE', #2764, #6174 ) ;
#9745 = CARTESIAN_POINT ( 'NONE',  ( 138.9430000000000121, 97.37229999999999563, 3.000000000000000000 ) ) ;
#9746 = VECTOR ( 'NONE', #3532, 1000.000000000000000 ) ;
#9747 = LINE ( 'NONE', #12616, #4700 ) ;
#9748 = ORIENTED_EDGE ( 'NONE', *, *, #3833, .F. ) ;
#9750 = VERTEX_POINT ( 'NONE', #9105 ) ;
#9749 = DIRECTION ( 'NONE',  ( 0.000000000000000000, -0.000000000000000000, 1.000000000000000000 ) ) ;
#9751 = VECTOR ( 'NONE', #12362, 1000.000000000000000 ) ;
#9752 = CARTESIAN_POINT ( 'NONE',  ( 26.14410000000000167, 78.87189999999999657, 0.000000000000000000 ) ) ;
#9753 = VERTEX_POINT ( 'NONE', #1984 ) ;
#9754 = PLANE ( 'NONE',  #3490 ) ;
#9755 = ADVANCED_FACE ( 'NONE', ( #7016 ), #9954, .T. ) ;
#9756 = LINE ( 'NONE', #5718, #3483 ) ;
#9757 = LINE ( 'NONE', #808, #8423 ) ;
#9758 = DIRECTION ( 'NONE',  ( -0.000000000000000000, -0.000000000000000000, -1.000000000000000000 ) ) ;
#9759 = VECTOR ( 'NONE', #1886, 1000.000000000000000 ) ;
#9760 = EDGE_CURVE ( 'NONE', #11464, #3385, #5976, .T. ) ;
#9761 = DIRECTION ( 'NONE',  ( -1.000000000000000000, 0.000000000000000000, 0.000000000000000000 ) ) ;
#9762 = EDGE_CURVE ( 'NONE', #9457, #1152, #2115, .T. ) ;
#9764 = ORIENTED_EDGE ( 'NONE', *, *, #10248, .T. ) ;
#9763 = ORIENTED_EDGE ( 'NONE', *, *, #6263, .F. ) ;
#9765 = VERTEX_POINT ( 'NONE', #10078 ) ;
#9766 = LINE ( 'NONE', #2784, #295 ) ;
#9767 = VERTEX_POINT ( 'NONE', #6104 ) ;
#9768 = VERTEX_POINT ( 'NONE', #3168 ) ;
#9769 = DIRECTION ( 'NONE',  ( -0.000000000000000000, 1.000000000000000000, -0.000000000000000000 ) ) ;
#9770 = LINE ( 'NONE', #5015, #5035 ) ;
#9771 = VECTOR ( 'NONE', #6856, 1000.000000000000000 ) ;
#9772 = DIRECTION ( 'NONE',  ( -1.000000000000000000, 0.000000000000000000, 0.000000000000000000 ) ) ;
#9773 = CARTESIAN_POINT ( 'NONE',  ( 83.58220000000000027, 126.4969999999999999, 3.000000000000000000 ) ) ;
#9774 = DIRECTION ( 'NONE',  ( 1.000000000000000000, 0.000000000000000000, 0.000000000000000000 ) ) ;
#9775 = ADVANCED_FACE ( 'NONE', ( #7144 ), #11128, .T. ) ;
#9776 = EDGE_CURVE ( 'NONE', #10026, #880, #1325, .T. ) ;
#9777 = VERTEX_POINT ( 'NONE', #12300 ) ;
#9778 = ORIENTED_EDGE ( 'NONE', *, *, #9556, .F. ) ;
#9779 = DIRECTION ( 'NONE',  ( -0.000000000000000000, -1.000000000000000000, -0.000000000000000000 ) ) ;
#9780 = VERTEX_POINT ( 'NONE', #7339 ) ;
#9781 = ORIENTED_EDGE ( 'NONE', *, *, #5136, .T. ) ;
#9782 = ORIENTED_EDGE ( 'NONE', *, *, #1384, .F. ) ;
#9783 = ORIENTED_EDGE ( 'NONE', *, *, #6138, .T. ) ;
#9784 = CYLINDRICAL_SURFACE ( 'NONE', #12733, 1.250000000000001110 ) ;
#9785 = DIRECTION ( 'NONE',  ( -0.000000000000000000, -0.000000000000000000, -1.000000000000000000 ) ) ;
#9786 = DIRECTION ( 'NONE',  ( -1.000000000000000000, -0.000000000000000000, -0.000000000000000000 ) ) ;
#9787 = ADVANCED_FACE ( 'NONE', ( #10337 ), #9294, .T. ) ;
#9788 = FACE_OUTER_BOUND ( 'NONE', #2257, .T. ) ;
#9789 = CARTESIAN_POINT ( 'NONE',  ( 162.7429999999999950, 84.15269999999999584, 3.000000000000000000 ) ) ;
#9790 = ORIENTED_EDGE ( 'NONE', *, *, #4654, .T. ) ;
#9791 = DIRECTION ( 'NONE',  ( -1.000000000000000000, -0.000000000000000000, -0.000000000000000000 ) ) ;
#9792 = ORIENTED_EDGE ( 'NONE', *, *, #4486, .T. ) ;
#9793 = EDGE_LOOP ( 'NONE', ( #7485, #8059, #4684, #8078 ) ) ;
#9794 = ORIENTED_EDGE ( 'NONE', *, *, #4173, .F. ) ;
#9795 = EDGE_CURVE ( 'NONE', #10482, #7347, #2379, .T. ) ;
#9796 = CARTESIAN_POINT ( 'NONE',  ( 50.24470000000000169, 64.87269999999999470, 0.000000000000000000 ) ) ;
#9797 = LINE ( 'NONE', #9861, #8419 ) ;
#9798 = PLANE ( 'NONE',  #9461 ) ;
#9799 = ORIENTED_EDGE ( 'NONE', *, *, #2039, .T. ) ;
#9800 = CARTESIAN_POINT ( 'NONE',  ( 73.76900000000000546, 83.92270000000000607, 3.000000000000000000 ) ) ;
#9801 = DIRECTION ( 'NONE',  ( -0.000000000000000000, -1.000000000000000000, -0.000000000000000000 ) ) ;
#9802 = CARTESIAN_POINT ( 'NONE',  ( 49.10099999999999909, 17.02149999999999963, 3.000000000000000000 ) ) ;
#9803 = CARTESIAN_POINT ( 'NONE',  ( 188.3569999999999993, 64.87269999999999470, 3.000000000000000000 ) ) ;
#9804 = EDGE_CURVE ( 'NONE', #2891, #8983, #11258, .T. ) ;
#9805 = LINE ( 'NONE', #8900, #5131 ) ;
#9806 = DIRECTION ( 'NONE',  ( 0.000000000000000000, -0.000000000000000000, -1.000000000000000000 ) ) ;
#9807 = CARTESIAN_POINT ( 'NONE',  ( 95.48710000000001230, 21.72200000000000131, 0.000000000000000000 ) ) ;
#9808 = ORIENTED_EDGE ( 'NONE', *, *, #6439, .T. ) ;
#9809 = EDGE_CURVE ( 'NONE', #5725, #7997, #9554, .T. ) ;
#9811 = ORIENTED_EDGE ( 'NONE', *, *, #4486, .F. ) ;
#9810 = VERTEX_POINT ( 'NONE', #538 ) ;
#9812 = DIRECTION ( 'NONE',  ( -0.000000000000000000, -0.000000000000000000, -1.000000000000000000 ) ) ;
#9813 = ORIENTED_EDGE ( 'NONE', *, *, #4138, .F. ) ;
#9814 = FACE_BOUND ( 'NONE', #4696, .T. ) ;
#9815 = CARTESIAN_POINT ( 'NONE',  ( 188.3569999999999993, 26.77250000000000085, 3.000000000000000000 ) ) ;
#9816 = DIRECTION ( 'NONE',  ( -0.000000000000000000, -0.000000000000000000, -1.000000000000000000 ) ) ;
#9817 = PLANE ( 'NONE',  #10381 ) ;
#9818 = VECTOR ( 'NONE', #969, 1000.000000000000000 ) ;
#9819 = EDGE_CURVE ( 'NONE', #5231, #12047, #12364, .T. ) ;
#9820 = CARTESIAN_POINT ( 'NONE',  ( 157.1129999999999995, 45.82269999999999754, 3.000000000000000000 ) ) ;
#9821 = DIRECTION ( 'NONE',  ( 0.000000000000000000, -1.000000000000000000, 0.000000000000000000 ) ) ;
#9823 = VERTEX_POINT ( 'NONE', #6364 ) ;
#9822 = ORIENTED_EDGE ( 'NONE', *, *, #654, .T. ) ;
#9824 = EDGE_CURVE ( 'NONE', #4488, #9586, #2508, .T. ) ;
#9825 = EDGE_LOOP ( 'NONE', ( #1251, #12782, #1925, #11490 ) ) ;
#9826 = DIRECTION ( 'NONE',  ( 1.000000000000000000, 0.000000000000000000, 0.000000000000000000 ) ) ;
#9827 = ORIENTED_EDGE ( 'NONE', *, *, #1178, .T. ) ;
#9828 = ORIENTED_EDGE ( 'NONE', *, *, #10805, .F. ) ;
#9829 = AXIS2_PLACEMENT_3D ( 'NONE', #2120, #7992, #5855 ) ;
#9830 = FACE_OUTER_BOUND ( 'NONE', #10310, .T. ) ;
#9831 = DIRECTION ( 'NONE',  ( -0.000000000000000000, -0.000000000000000000, -1.000000000000000000 ) ) ;
#9832 = PLANE ( 'NONE',  #12571 ) ;
#9833 = VECTOR ( 'NONE', #7048, 1000.000000000000000 ) ;
#9834 = DIRECTION ( 'NONE',  ( 1.000000000000000000, 0.000000000000000000, 0.000000000000000000 ) ) ;
#9835 = EDGE_CURVE ( 'NONE', #11659, #8976, #11320, .T. ) ;
#9836 = LINE ( 'NONE', #7814, #350 ) ;
#9837 = EDGE_CURVE ( 'NONE', #11387, #12841, #2313, .T. ) ;
#9838 = ORIENTED_EDGE ( 'NONE', *, *, #2035, .T. ) ;
#9839 = ORIENTED_EDGE ( 'NONE', *, *, #6544, .F. ) ;
#9840 = LINE ( 'NONE', #7949, #8858 ) ;
#9841 = VERTEX_POINT ( 'NONE', #11382 ) ;
#9842 = EDGE_LOOP ( 'NONE', ( #7803, #7694, #6687, #3172 ) ) ;
#9843 = ORIENTED_EDGE ( 'NONE', *, *, #5964, .F. ) ;
#9844 = CARTESIAN_POINT ( 'NONE',  ( 97.58150000000000546, 40.77190000000000225, 3.000000000000000000 ) ) ;
#9845 = ADVANCED_FACE ( 'NONE', ( #12429 ), #8383, .T. ) ;
#9846 = EDGE_CURVE ( 'NONE', #10249, #749, #471, .T. ) ;
#9847 = FACE_OUTER_BOUND ( 'NONE', #3397, .T. ) ;
#9848 = LINE ( 'NONE', #6858, #8377 ) ;
#9849 = VECTOR ( 'NONE', #4376, 1000.000000000000000 ) ;
#9850 = CARTESIAN_POINT ( 'NONE',  ( 188.3569999999999993, 40.77190000000000225, 3.000000000000000000 ) ) ;
#9851 = VECTOR ( 'NONE', #5505, 1000.000000000000000 ) ;
#9852 = DIRECTION ( 'NONE',  ( -0.000000000000000000, -0.000000000000000000, -1.000000000000000000 ) ) ;
#9853 = ORIENTED_EDGE ( 'NONE', *, *, #6027, .F. ) ;
#9854 = CARTESIAN_POINT ( 'NONE',  ( 126.4450000000000074, 78.87189999999999657, 0.000000000000000000 ) ) ;
#9855 = ORIENTED_EDGE ( 'NONE', *, *, #3378, .F. ) ;
#9856 = EDGE_LOOP ( 'NONE', ( #1398, #5675, #9013, #8969 ) ) ;
#9857 = EDGE_CURVE ( 'NONE', #2071, #10603, #10531, .T. ) ;
#9858 = ORIENTED_EDGE ( 'NONE', *, *, #11213, .T. ) ;
#9859 = LINE ( 'NONE', #1833, #12747 ) ;
#9860 = VECTOR ( 'NONE', #688, 1000.000000000000000 ) ;
#9861 = CARTESIAN_POINT ( 'NONE',  ( 102.6320000000000050, 126.4969999999999999, 3.000000000000000000 ) ) ;
#9862 = DIRECTION ( 'NONE',  ( -0.000000000000000000, -0.000000000000000000, -1.000000000000000000 ) ) ;
#9863 = EDGE_LOOP ( 'NONE', ( #8275, #2086, #9668, #12868 ) ) ;
#9864 = CARTESIAN_POINT ( 'NONE',  ( 202.3569999999999993, 26.77250000000000085, 3.000000000000000000 ) ) ;
#9865 = DIRECTION ( 'NONE',  ( 1.000000000000000000, 0.000000000000000000, 0.000000000000000000 ) ) ;
#9866 = LINE ( 'NONE', #10850, #2256 ) ;
#9867 = CARTESIAN_POINT ( 'NONE',  ( 159.4939999999999998, 126.4969999999999999, 0.000000000000000000 ) ) ;
#9868 = PLANE ( 'NONE',  #11829 ) ;
#9869 = AXIS2_PLACEMENT_3D ( 'NONE', #1915, #12760, #9038 ) ;
#9870 = DIRECTION ( 'NONE',  ( -1.000000000000000000, 0.000000000000000000, 0.000000000000000000 ) ) ;
#9871 = ORIENTED_EDGE ( 'NONE', *, *, #2713, .F. ) ;
#9872 = ADVANCED_FACE ( 'NONE', ( #11505 ), #1456, .T. ) ;
#9874 = ORIENTED_EDGE ( 'NONE', *, *, #3965, .T. ) ;
#9873 = CARTESIAN_POINT ( 'NONE',  ( 26.14410000000000167, 64.87269999999999470, 3.000000000000000000 ) ) ;
#9875 = CARTESIAN_POINT ( 'NONE',  ( 202.3569999999999993, 59.82189999999999941, 3.000000000000000000 ) ) ;
#9876 = ORIENTED_EDGE ( 'NONE', *, *, #5207, .F. ) ;
#9877 = VECTOR ( 'NONE', #9862, 1000.000000000000000 ) ;
#9878 = DIRECTION ( 'NONE',  ( -0.000000000000000000, 1.000000000000000000, -0.000000000000000000 ) ) ;
#9879 = VECTOR ( 'NONE', #12743, 1000.000000000000000 ) ;
#9880 = CARTESIAN_POINT ( 'NONE',  ( 24.47530000000000072, 14.22269999999999968, 0.000000000000000000 ) ) ;
#9881 = DIRECTION ( 'NONE',  ( 1.000000000000000000, -0.000000000000000000, -0.000000000000000000 ) ) ;
#9882 = EDGE_CURVE ( 'NONE', #11541, #10551, #8875, .T. ) ;
#9883 = CARTESIAN_POINT ( 'NONE',  ( 157.1129999999999995, 55.12149999999999750, 3.000000000000000000 ) ) ;
#9884 = VECTOR ( 'NONE', #7313, 1000.000000000000000 ) ;
#9885 = LINE ( 'NONE', #940, #548 ) ;
#9886 = LINE ( 'NONE', #6589, #12432 ) ;
#9887 = VECTOR ( 'NONE', #8677, 1000.000000000000000 ) ;
#9889 = EDGE_LOOP ( 'NONE', ( #12244, #1450, #4156, #6061 ) ) ;
#9888 = ORIENTED_EDGE ( 'NONE', *, *, #11841, .F. ) ;
#9890 = ORIENTED_EDGE ( 'NONE', *, *, #2050, .F. ) ;
#9891 = DIRECTION ( 'NONE',  ( -0.000000000000000000, -0.000000000000000000, 1.000000000000000000 ) ) ;
#9892 = ORIENTED_EDGE ( 'NONE', *, *, #8334, .T. ) ;
#9893 = CIRCLE ( 'NONE', #11780, 1.249999999999999334 ) ;
#9894 = ORIENTED_EDGE ( 'NONE', *, *, #1004, .T. ) ;
#9895 = ADVANCED_FACE ( 'NONE', ( #12552 ), #3613, .T. ) ;
#9896 = DIRECTION ( 'NONE',  ( -1.000000000000000000, 0.000000000000000000, 0.000000000000000000 ) ) ;
#9897 = DIRECTION ( 'NONE',  ( 1.000000000000000000, 0.000000000000000000, 0.000000000000000000 ) ) ;
#9898 = LINE ( 'NONE', #8596, #9653 ) ;
#9899 = DIRECTION ( 'NONE',  ( 0.000000000000000000, 0.000000000000000000, -1.000000000000000000 ) ) ;
#9900 = EDGE_CURVE ( 'NONE', #11802, #8175, #8515, .T. ) ;
#9901 = CARTESIAN_POINT ( 'NONE',  ( 133.3000000000000114, 21.72200000000000131, 3.000000000000000000 ) ) ;
#9902 = VECTOR ( 'NONE', #346, 1000.000000000000000 ) ;
#9903 = ORIENTED_EDGE ( 'NONE', *, *, #7564, .F. ) ;
#9904 = ORIENTED_EDGE ( 'NONE', *, *, #8557, .F. ) ;
#9905 = CARTESIAN_POINT ( 'NONE',  ( 14.38192999999999522, 43.29100000000002524, 3.000000000000000000 ) ) ;
#9906 = VECTOR ( 'NONE', #12842, 1000.000000000000000 ) ;
#9907 = ORIENTED_EDGE ( 'NONE', *, *, #3863, .T. ) ;
#9908 = ORIENTED_EDGE ( 'NONE', *, *, #1163, .T. ) ;
#9909 = ORIENTED_EDGE ( 'NONE', *, *, #6896, .F. ) ;
#9910 = DIRECTION ( 'NONE',  ( 0.000000000000000000, 1.000000000000000000, 0.000000000000000000 ) ) ;
#9911 = AXIS2_PLACEMENT_3D ( 'NONE', #11429, #1308, #8235 ) ;
#9912 = CARTESIAN_POINT ( 'NONE',  ( 134.0130000000000337, 52.32260000000000133, 3.000000000000000000 ) ) ;
#9913 = VECTOR ( 'NONE', #6093, 1000.000000000000000 ) ;
#9914 = EDGE_CURVE ( 'NONE', #6653, #12561, #7524, .T. ) ;
#9915 = DIRECTION ( 'NONE',  ( -0.000000000000000000, -0.000000000000000000, 1.000000000000000000 ) ) ;
#9916 = CARTESIAN_POINT ( 'NONE',  ( 71.67600000000000193, 7.722520000000000273, 3.000000000000000000 ) ) ;
#9917 = EDGE_CURVE ( 'NONE', #8651, #6459, #855, .T. ) ;
#9918 = VECTOR ( 'NONE', #2812, 1000.000000000000000 ) ;
#9919 = PLANE ( 'NONE',  #9296 ) ;
#9920 = ORIENTED_EDGE ( 'NONE', *, *, #12710, .T. ) ;
#9921 = DIRECTION ( 'NONE',  ( 0.000000000000000000, 0.000000000000000000, 1.000000000000000000 ) ) ;
#9922 = VERTEX_POINT ( 'NONE', #5643 ) ;
#9923 = ORIENTED_EDGE ( 'NONE', *, *, #1112, .F. ) ;
#9924 = ORIENTED_EDGE ( 'NONE', *, *, #7523, .T. ) ;
#9925 =( NAMED_UNIT ( * ) PLANE_ANGLE_UNIT ( ) SI_UNIT ( $, .RADIAN. ) );
#9926 = FACE_OUTER_BOUND ( 'NONE', #11479, .T. ) ;
#9927 = CARTESIAN_POINT ( 'NONE',  ( 143.9689999999999941, 96.45159999999999911, 3.000000000000000000 ) ) ;
#9928 = VERTEX_POINT ( 'NONE', #660 ) ;
#9929 = VECTOR ( 'NONE', #11849, 1000.000000000000000 ) ;
#9930 = DIRECTION ( 'NONE',  ( -1.000000000000000000, -0.000000000000000000, -0.000000000000000000 ) ) ;
#9931 = CARTESIAN_POINT ( 'NONE',  ( 188.3569999999999993, 59.82189999999999941, 0.000000000000000000 ) ) ;
#9932 = CARTESIAN_POINT ( 'NONE',  ( 89.42529999999999291, 14.24100000000001920, 0.000000000000000000 ) ) ;
#9933 = EDGE_CURVE ( 'NONE', #12156, #4102, #7586, .T. ) ;
#9934 = FACE_OUTER_BOUND ( 'NONE', #4029, .T. ) ;
#9935 = CARTESIAN_POINT ( 'NONE',  ( 97.58150000000000546, 112.4980000000000047, 0.000000000000000000 ) ) ;
#9936 = EDGE_CURVE ( 'NONE', #4316, #3798, #5706, .T. ) ;
#9937 = EDGE_CURVE ( 'NONE', #8554, #3358, #11568, .T. ) ;
#9938 = LINE ( 'NONE', #2041, #6789 ) ;
#9939 = VECTOR ( 'NONE', #4598, 1000.000000000000000 ) ;
#9940 = ORIENTED_EDGE ( 'NONE', *, *, #5877, .T. ) ;
#9941 = AXIS2_PLACEMENT_3D ( 'NONE', #10223, #1272, #5266 ) ;
#9943 = ORIENTED_EDGE ( 'NONE', *, *, #7875, .F. ) ;
#9942 = DIRECTION ( 'NONE',  ( 1.000000000000000000, -0.000000000000000000, -0.000000000000000000 ) ) ;
#9944 = FACE_BOUND ( 'NONE', #8064, .T. ) ;
#9945 = ORIENTED_EDGE ( 'NONE', *, *, #2831, .F. ) ;
#9946 = VECTOR ( 'NONE', #8333, 1000.000000000000000 ) ;
#9947 = VECTOR ( 'NONE', #1786, 1000.000000000000000 ) ;
#9948 = CARTESIAN_POINT ( 'NONE',  ( 47.57529999999999859, 12.42159999999999975, 3.000000000000000000 ) ) ;
#9949 = CARTESIAN_POINT ( 'NONE',  ( 95.48710000000001230, 7.722520000000000273, 3.000000000000000000 ) ) ;
#9950 = EDGE_CURVE ( 'NONE', #5693, #5885, #6812, .T. ) ;
#9951 = AXIS2_PLACEMENT_3D ( 'NONE', #1771, #6678, #9609 ) ;
#9952 = EDGE_CURVE ( 'NONE', #4027, #3358, #9744, .T. ) ;
#9953 = DIRECTION ( 'NONE',  ( 1.000000000000000000, 0.000000000000000000, 0.000000000000000000 ) ) ;
#9954 = PLANE ( 'NONE',  #4322 ) ;
#9955 = LINE ( 'NONE', #11537, #6386 ) ;
#9956 = VECTOR ( 'NONE', #8135, 1000.000000000000000 ) ;
#9957 = ORIENTED_EDGE ( 'NONE', *, *, #7784, .T. ) ;
#9958 = ORIENTED_EDGE ( 'NONE', *, *, #10519, .T. ) ;
#9959 = CARTESIAN_POINT ( 'NONE',  ( 126.1569999999999965, 45.82269999999999754, 3.000000000000000000 ) ) ;
#9960 = ORIENTED_EDGE ( 'NONE', *, *, #8768, .T. ) ;
#9961 = VECTOR ( 'NONE', #11301, 1000.000000000000000 ) ;
#9962 = EDGE_CURVE ( 'NONE', #9310, #9393, #11998, .T. ) ;
#9963 = DIRECTION ( 'NONE',  ( 0.000000000000000000, 0.000000000000000000, 1.000000000000000000 ) ) ;
#9964 = VERTEX_POINT ( 'NONE', #4659 ) ;
#9965 = DIRECTION ( 'NONE',  ( -1.000000000000000000, 0.000000000000000000, 0.000000000000000000 ) ) ;
#9966 = CARTESIAN_POINT ( 'NONE',  ( 112.1569999999999965, 45.82269999999999754, 3.000000000000000000 ) ) ;
#9967 = CARTESIAN_POINT ( 'NONE',  ( 159.4939999999999998, 88.62170000000001835, 0.000000000000000000 ) ) ;
#9968 = VECTOR ( 'NONE', #6238, 1000.000000000000000 ) ;
#9969 = DIRECTION ( 'NONE',  ( 0.000000000000000000, -0.000000000000000000, 1.000000000000000000 ) ) ;
#9970 = LINE ( 'NONE', #289, #10995 ) ;
#9971 = DIRECTION ( 'NONE',  ( 9.472626901011909774E-16, -1.000000000000000000, 0.000000000000000000 ) ) ;
#9972 = EDGE_CURVE ( 'NONE', #5340, #12584, #924, .T. ) ;
#9974 = ORIENTED_EDGE ( 'NONE', *, *, #7908, .T. ) ;
#9973 = DIRECTION ( 'NONE',  ( -0.000000000000000000, -0.000000000000000000, -1.000000000000000000 ) ) ;
#9975 = ORIENTED_EDGE ( 'NONE', *, *, #10906, .T. ) ;
#9976 = CARTESIAN_POINT ( 'NONE',  ( 23.40692999999999913, 24.24100000000002098, 3.000000000000000000 ) ) ;
#9977 = VECTOR ( 'NONE', #4378, 1000.000000000000000 ) ;
#9978 = ORIENTED_EDGE ( 'NONE', *, *, #5456, .T. ) ;
#9979 = EDGE_LOOP ( 'NONE', ( #10245, #3371, #3008, #11888 ) ) ;
#9980 = ADVANCED_FACE ( 'NONE', ( #10851 ), #8832, .F. ) ;
#9981 = EDGE_LOOP ( 'NONE', ( #8694, #1038, #9252, #12061 ) ) ;
#9982 = CARTESIAN_POINT ( 'NONE',  ( 21.66969999999999885, 83.92270000000000607, 3.000000000000000000 ) ) ;
#9983 = LINE ( 'NONE', #5940, #5522 ) ;
#9984 = CARTESIAN_POINT ( 'NONE',  ( 137.2179999999999893, 96.45159999999999911, 3.000000000000000000 ) ) ;
#9985 = FACE_OUTER_BOUND ( 'NONE', #9842, .T. ) ;
#9986 = CARTESIAN_POINT ( 'NONE',  ( 55.00719999999999743, 45.82269999999999754, 3.000000000000000000 ) ) ;
#9987 = DIRECTION ( 'NONE',  ( 1.000000000000000000, 0.000000000000000000, -0.000000000000000000 ) ) ;
#9988 = EDGE_CURVE ( 'NONE', #3432, #2466, #12815, .T. ) ;
#9989 = ORIENTED_EDGE ( 'NONE', *, *, #1260, .T. ) ;
#9990 = CARTESIAN_POINT ( 'NONE',  ( 13.88192999999999344, 62.34100000000002240, 3.000000000000000000 ) ) ;
#9991 = EDGE_LOOP ( 'NONE', ( #5618, #9160, #337, #1921 ) ) ;
#9992 = ORIENTED_EDGE ( 'NONE', *, *, #12494, .F. ) ;
#9993 = EDGE_CURVE ( 'NONE', #1360, #12808, #12684, .T. ) ;
#9994 = ORIENTED_EDGE ( 'NONE', *, *, #9358, .F. ) ;
#9995 = PRODUCT_CONTEXT ( 'NONE', #10600, 'mechanical' ) ;
#9996 = DIRECTION ( 'NONE',  ( 0.000000000000000000, 0.000000000000000000, -1.000000000000000000 ) ) ;
#9997 = PLANE ( 'NONE',  #2583 ) ;
#9998 = ORIENTED_EDGE ( 'NONE', *, *, #2612, .T. ) ;
#9999 = LINE ( 'NONE', #4192, #7739 ) ;
#10000 = ADVANCED_FACE ( 'NONE', ( #8634 ), #12614, .T. ) ;
#10001 = CARTESIAN_POINT ( 'NONE',  ( 126.1569999999999965, 59.82189999999999941, 0.000000000000000000 ) ) ;
#10002 = PLANE ( 'NONE',  #8510 ) ;
#10003 = EDGE_CURVE ( 'NONE', #1605, #9440, #9805, .T. ) ;
#10004 = PLANE ( 'NONE',  #11797 ) ;
#10005 = DIRECTION ( 'NONE',  ( 0.000000000000000000, -1.000000000000000000, 0.000000000000000000 ) ) ;
#10006 = DIRECTION ( 'NONE',  ( -0.000000000000000000, -0.000000000000000000, -1.000000000000000000 ) ) ;
#10007 = VERTEX_POINT ( 'NONE', #4725 ) ;
#10009 = ORIENTED_EDGE ( 'NONE', *, *, #5543, .T. ) ;
#10008 = CARTESIAN_POINT ( 'NONE',  ( 23.90692999999999913, 24.74100000000002098, 3.000000000000000000 ) ) ;
#10010 = FACE_BOUND ( 'NONE', #226, .T. ) ;
#10011 = ORIENTED_EDGE ( 'NONE', *, *, #12088, .T. ) ;
#10012 = EDGE_CURVE ( 'NONE', #8939, #7748, #3881, .T. ) ;
#10013 = EDGE_CURVE ( 'NONE', #8857, #11263, #7848, .T. ) ;
#10014 = DIRECTION ( 'NONE',  ( 1.000000000000000000, 0.000000000000000000, 0.000000000000000000 ) ) ;
#10015 = CARTESIAN_POINT ( 'NONE',  ( 102.3439999999999941, 78.87189999999999657, 3.000000000000000000 ) ) ;
#10016 = PLANE ( 'NONE',  #10592 ) ;
#10017 = LINE ( 'NONE', #5005, #7632 ) ;
#10018 = CARTESIAN_POINT ( 'NONE',  ( 40.43149999999999977, 26.77250000000000085, 3.000000000000000000 ) ) ;
#10019 = VERTEX_POINT ( 'NONE', #1714 ) ;
#10020 = VERTEX_POINT ( 'NONE', #3748 ) ;
#10021 = LINE ( 'NONE', #4153, #12119 ) ;
#10022 = ORIENTED_EDGE ( 'NONE', *, *, #7232, .F. ) ;
#10023 = VECTOR ( 'NONE', #6066, 1000.000000000000000 ) ;
#10024 = EDGE_CURVE ( 'NONE', #6866, #7277, #7718, .T. ) ;
#10025 = FACE_OUTER_BOUND ( 'NONE', #8453, .T. ) ;
#10026 = VERTEX_POINT ( 'NONE', #12745 ) ;
#10027 = CARTESIAN_POINT ( 'NONE',  ( 199.9749999999999943, 126.4969999999999999, 3.000000000000000000 ) ) ;
#10028 = CARTESIAN_POINT ( 'NONE',  ( 40.43149999999999977, 126.4969999999999999, 0.000000000000000000 ) ) ;
#10029 = AXIS2_PLACEMENT_3D ( 'NONE', #7879, #1017, #9053 ) ;
#10030 = LINE ( 'NONE', #8000, #2649 ) ;
#10031 = DIRECTION ( 'NONE',  ( -0.000000000000000000, 0.000000000000000000, -1.000000000000000000 ) ) ;
#10032 = DIRECTION ( 'NONE',  ( 0.000000000000000000, -1.000000000000000000, 0.000000000000000000 ) ) ;
#10033 = CARTESIAN_POINT ( 'NONE',  ( 159.4939999999999998, 16.95949999999999847, 3.000000000000000000 ) ) ;
#10035 = ORIENTED_EDGE ( 'NONE', *, *, #9267, .T. ) ;
#10034 = LINE ( 'NONE', #5083, #9730 ) ;
#10036 = ORIENTED_EDGE ( 'NONE', *, *, #5136, .F. ) ;
#10037 = AXIS2_PLACEMENT_3D ( 'NONE', #11694, #10848, #5893 ) ;
#10038 = DIRECTION ( 'NONE',  ( 0.000000000000000000, 0.000000000000000000, 1.000000000000000000 ) ) ;
#10039 = ORIENTED_EDGE ( 'NONE', *, *, #10698, .F. ) ;
#10040 = ORIENTED_EDGE ( 'NONE', *, *, #12504, .T. ) ;
#10041 = ORIENTED_EDGE ( 'NONE', *, *, #11057, .T. ) ;
#10042 = CARTESIAN_POINT ( 'NONE',  ( 18.63192999999999699, -2.065918000000003474, 0.000000000000000000 ) ) ;
#10043 = VECTOR ( 'NONE', #9257, 1000.000000000000000 ) ;
#10044 = DIRECTION ( 'NONE',  ( -0.000000000000000000, -0.000000000000000000, -1.000000000000000000 ) ) ;
#10045 = LINE ( 'NONE', #3067, #4869 ) ;
#10046 = CARTESIAN_POINT ( 'NONE',  ( 202.3569999999999993, 26.77250000000000085, 0.000000000000000000 ) ) ;
#10047 = VECTOR ( 'NONE', #11373, 1000.000000000000000 ) ;
#10048 = DIRECTION ( 'NONE',  ( 0.000000000000000000, -1.000000000000000000, 0.000000000000000000 ) ) ;
#10049 = EDGE_CURVE ( 'NONE', #963, #1238, #7782, .T. ) ;
#10050 = DIRECTION ( 'NONE',  ( -1.000000000000000000, 0.000000000000000000, 0.000000000000000000 ) ) ;
#10051 = AXIS2_PLACEMENT_3D ( 'NONE', #8597, #12643, #3711 ) ;
#10052 = CARTESIAN_POINT ( 'NONE',  ( 96.60692999999997710, 131.5209999999999866, 0.000000000000000000 ) ) ;
#10053 = ORIENTED_EDGE ( 'NONE', *, *, #10930, .T. ) ;
#10054 = CARTESIAN_POINT ( 'NONE',  ( 49.10099999999999909, 20.25169999999999959, 3.000000000000000000 ) ) ;
#10055 = EDGE_LOOP ( 'NONE', ( #9366, #6494, #11154, #8337 ) ) ;
#10056 = VERTEX_POINT ( 'NONE', #9867 ) ;
#10057 = VERTEX_POINT ( 'NONE', #6029 ) ;
#10058 = CYLINDRICAL_SURFACE ( 'NONE', #10082, 1.250000000000001110 ) ;
#10059 = CARTESIAN_POINT ( 'NONE',  ( 21.38169999999999860, 126.4969999999999999, 3.000000000000000000 ) ) ;
#10060 = EDGE_CURVE ( 'NONE', #3010, #8674, #1117, .T. ) ;
#10061 = FACE_OUTER_BOUND ( 'NONE', #10150, .T. ) ;
#10062 = CARTESIAN_POINT ( 'NONE',  ( 126.4450000000000074, 64.87269999999999470, 3.000000000000000000 ) ) ;
#10063 = DIRECTION ( 'NONE',  ( -0.000000000000000000, -0.000000000000000000, 1.000000000000000000 ) ) ;
#10064 = CARTESIAN_POINT ( 'NONE',  ( 102.6320000000000050, 126.4969999999999999, 0.000000000000000000 ) ) ;
#10065 = FACE_OUTER_BOUND ( 'NONE', #6718, .T. ) ;
#10066 = DIRECTION ( 'NONE',  ( 1.000000000000000000, 0.000000000000000000, -0.000000000000000000 ) ) ;
#10067 = VECTOR ( 'NONE', #3112, 1000.000000000000000 ) ;
#10068 = ORIENTED_EDGE ( 'NONE', *, *, #3241, .F. ) ;
#10070 = VERTEX_POINT ( 'NONE', #7973 ) ;
#10069 = DIRECTION ( 'NONE',  ( -0.000000000000000000, -1.000000000000000000, -0.000000000000000000 ) ) ;
#10071 = FACE_BOUND ( 'NONE', #4586, .T. ) ;
#10072 = ORIENTED_EDGE ( 'NONE', *, *, #236, .T. ) ;
#10073 = CARTESIAN_POINT ( 'NONE',  ( 178.5440000000000111, 112.4980000000000047, 3.000000000000000000 ) ) ;
#10074 = AXIS2_PLACEMENT_3D ( 'NONE', #2343, #9384, #6453 ) ;
#10075 = EDGE_CURVE ( 'NONE', #7993, #9263, #6156, .T. ) ;
#10076 = CARTESIAN_POINT ( 'NONE',  ( 134.8369999999999891, 52.32260000000000133, 3.000000000000000000 ) ) ;
#10077 = CARTESIAN_POINT ( 'NONE',  ( 88.34470000000000312, 78.87189999999999657, 3.000000000000000000 ) ) ;
#10078 = CARTESIAN_POINT ( 'NONE',  ( 26.43220000000000169, 26.77250000000000085, 3.000000000000000000 ) ) ;
#10079 = CARTESIAN_POINT ( 'NONE',  ( 73.76900000000000546, 97.92189999999999372, 3.000000000000000000 ) ) ;
#10080 = EDGE_CURVE ( 'NONE', #7086, #718, #3020, .T. ) ;
#10081 = EDGE_LOOP ( 'NONE', ( #1462, #11816, #3719, #9298 ) ) ;
#10082 = AXIS2_PLACEMENT_3D ( 'NONE', #2092, #6992, #5828 ) ;
#10083 = ORIENTED_EDGE ( 'NONE', *, *, #3679, .T. ) ;
#10084 = LINE ( 'NONE', #7020, #4836 ) ;
#10085 = AXIS2_PLACEMENT_3D ( 'NONE', #11760, #7577, #11630 ) ;
#10086 = ORIENTED_EDGE ( 'NONE', *, *, #9914, .T. ) ;
#10087 = AXIS2_PLACEMENT_3D ( 'NONE', #12248, #10284, #11268 ) ;
#10088 = DIRECTION ( 'NONE',  ( -1.000000000000000000, 0.000000000000000000, 0.000000000000000000 ) ) ;
#10089 = ORIENTED_EDGE ( 'NONE', *, *, #3336, .T. ) ;
#10090 = FACE_OUTER_BOUND ( 'NONE', #8841, .T. ) ;
#10091 = DIRECTION ( 'NONE',  ( 0.000000000000000000, -0.000000000000000000, -1.000000000000000000 ) ) ;
#10092 = LINE ( 'NONE', #3117, #4529 ) ;
#10093 = CARTESIAN_POINT ( 'NONE',  ( 83.58220000000000027, 112.4980000000000047, 0.000000000000000000 ) ) ;
#10094 = DIRECTION ( 'NONE',  ( 1.000000000000000000, 0.000000000000000000, 0.000000000000000000 ) ) ;
#10095 = VECTOR ( 'NONE', #6278, 1000.000000000000000 ) ;
#10096 = DIRECTION ( 'NONE',  ( 0.000000000000000000, 1.000000000000000000, -0.000000000000000000 ) ) ;
#10097 = ADVANCED_FACE ( 'NONE', ( #9934 ), #12086, .T. ) ;
#10099 = ORIENTED_EDGE ( 'NONE', *, *, #8960, .F. ) ;
#10098 = DIRECTION ( 'NONE',  ( 1.000000000000000000, 0.000000000000000000, 0.000000000000000000 ) ) ;
#10100 = EDGE_CURVE ( 'NONE', #10486, #10026, #11111, .T. ) ;
#10101 = VECTOR ( 'NONE', #1312, 1000.000000000000000 ) ;
#10102 = ORIENTED_EDGE ( 'NONE', *, *, #8181, .T. ) ;
#10103 = CARTESIAN_POINT ( 'NONE',  ( 143.9689999999999941, 88.62170000000001835, 0.000000000000000000 ) ) ;
#10104 = ORIENTED_EDGE ( 'NONE', *, *, #5404, .T. ) ;
#10105 = ORIENTED_EDGE ( 'NONE', *, *, #2353, .T. ) ;
#10106 = ORIENTED_EDGE ( 'NONE', *, *, #10241, .T. ) ;
#10107 = CARTESIAN_POINT ( 'NONE',  ( 112.1569999999999965, 59.82189999999999941, 3.000000000000000000 ) ) ;
#10108 = LINE ( 'NONE', #10179, #9607 ) ;
#10109 = CARTESIAN_POINT ( 'NONE',  ( 32.05040000000000333, 20.25169999999999959, 3.000000000000000000 ) ) ;
#10110 = DIRECTION ( 'NONE',  ( 0.000000000000000000, 1.000000000000000000, 0.000000000000000000 ) ) ;
#10111 = VECTOR ( 'NONE', #6701, 1000.000000000000000 ) ;
#10112 = CARTESIAN_POINT ( 'NONE',  ( 83.58220000000000027, 40.77190000000000225, 3.000000000000000000 ) ) ;
#10113 = ADVANCED_FACE ( 'NONE', ( #133 ), #10004, .T. ) ;
#10114 = LINE ( 'NONE', #2938, #9759 ) ;
#10115 = FACE_OUTER_BOUND ( 'NONE', #2865, .T. ) ;
#10116 = ORIENTED_EDGE ( 'NONE', *, *, #126, .F. ) ;
#10117 = DIRECTION ( 'NONE',  ( 0.000000000000000000, -1.000000000000000000, 0.000000000000000000 ) ) ;
#10118 = ORIENTED_EDGE ( 'NONE', *, *, #9328, .F. ) ;
#10119 = ORIENTED_EDGE ( 'NONE', *, *, #9917, .T. ) ;
#10120 = EDGE_LOOP ( 'NONE', ( #6461, #11314, #12230, #11006 ) ) ;
#10121 = VECTOR ( 'NONE', #8255, 1000.000000000000000 ) ;
#10122 = DIRECTION ( 'NONE',  ( -0.000000000000000000, -0.000000000000000000, -1.000000000000000000 ) ) ;
#10123 = EDGE_CURVE ( 'NONE', #718, #9132, #10981, .T. ) ;
#10124 = CARTESIAN_POINT ( 'NONE',  ( 143.1119999999999948, 50.52170000000000272, 3.000000000000000000 ) ) ;
#10125 = DIRECTION ( 'NONE',  ( 1.000000000000000000, -0.000000000000000000, -0.000000000000000000 ) ) ;
#10126 = FACE_OUTER_BOUND ( 'NONE', #1090, .T. ) ;
#10127 = VECTOR ( 'NONE', #992, 1000.000000000000000 ) ;
#10128 = LINE ( 'NONE', #132, #10602 ) ;
#10129 = LINE ( 'NONE', #3089, #5960 ) ;
#10130 = CARTESIAN_POINT ( 'NONE',  ( 160.7949999999999875, 21.95950000000000557, 0.000000000000000000 ) ) ;
#10131 = EDGE_CURVE ( 'NONE', #4102, #10757, #68, .T. ) ;
#10132 = CARTESIAN_POINT ( 'NONE',  ( 78.53149999999999409, 26.77250000000000085, 0.000000000000000000 ) ) ;
#10133 = EDGE_LOOP ( 'NONE', ( #8485, #3991, #10086, #11511 ) ) ;
#10134 = EDGE_LOOP ( 'NONE', ( #490, #4812, #9570, #10039 ) ) ;
#10136 = VERTEX_POINT ( 'NONE', #1050 ) ;
#10135 = DIRECTION ( 'NONE',  ( -0.000000000000000000, 1.000000000000000000, -0.000000000000000000 ) ) ;
#10137 = VECTOR ( 'NONE', #8683, 1000.000000000000000 ) ;
#10138 = EDGE_CURVE ( 'NONE', #3866, #2369, #1968, .T. ) ;
#10139 = FACE_OUTER_BOUND ( 'NONE', #5638, .T. ) ;
#10140 = VERTEX_POINT ( 'NONE', #1247 ) ;
#10141 = DIRECTION ( 'NONE',  ( -0.000000000000000000, -0.000000000000000000, -1.000000000000000000 ) ) ;
#10142 = LINE ( 'NONE', #5383, #12802 ) ;
#10143 = DIRECTION ( 'NONE',  ( -0.000000000000000000, 0.000000000000000000, -1.000000000000000000 ) ) ;
#10144 = VECTOR ( 'NONE', #12287, 1000.000000000000000 ) ;
#10145 = LINE ( 'NONE', #1133, #6196 ) ;
#10146 = VECTOR ( 'NONE', #4033, 1000.000000000000000 ) ;
#10147 = DIRECTION ( 'NONE',  ( 0.000000000000000000, -1.000000000000000000, 0.000000000000000000 ) ) ;
#10148 = ORIENTED_EDGE ( 'NONE', *, *, #4321, .F. ) ;
#10149 = EDGE_CURVE ( 'NONE', #2247, #10920, #10129, .T. ) ;
#10150 = EDGE_LOOP ( 'NONE', ( #12557, #5450, #9191, #5040 ) ) ;
#10151 = LINE ( 'NONE', #3173, #10047 ) ;
#10152 = ORIENTED_EDGE ( 'NONE', *, *, #9267, .F. ) ;
#10153 = EDGE_CURVE ( 'NONE', #1576, #12263, #5241, .T. ) ;
#10154 = VECTOR ( 'NONE', #11206, 1000.000000000000000 ) ;
#10155 = CARTESIAN_POINT ( 'NONE',  ( 202.3569999999999993, 40.77190000000000225, 3.000000000000000000 ) ) ;
#10156 = ORIENTED_EDGE ( 'NONE', *, *, #12253, .T. ) ;
#10157 = DIRECTION ( 'NONE',  ( 0.000000000000000000, -0.000000000000000000, -1.000000000000000000 ) ) ;
#10158 = CIRCLE ( 'NONE', #6404, 1.250000000000001110 ) ;
#10159 = LINE ( 'NONE', #1212, #1478 ) ;
#10160 = DIRECTION ( 'NONE',  ( 0.000000000000000000, 1.000000000000000000, 0.000000000000000000 ) ) ;
#10161 = EDGE_CURVE ( 'NONE', #3097, #816, #5182, .T. ) ;
#10162 = DIRECTION ( 'NONE',  ( 0.000000000000000000, 1.000000000000000000, -0.000000000000000000 ) ) ;
#10163 = CARTESIAN_POINT ( 'NONE',  ( 161.0180000000000007, 84.15269999999999584, 3.000000000000000000 ) ) ;
#10164 = EDGE_CURVE ( 'NONE', #10629, #3245, #4068, .T. ) ;
#10165 = VECTOR ( 'NONE', #1715, 1000.000000000000000 ) ;
#10166 = VECTOR ( 'NONE', #6305, 1000.000000000000000 ) ;
#10167 = LINE ( 'NONE', #4361, #5790 ) ;
#10168 = EDGE_CURVE ( 'NONE', #6413, #7638, #4195, .T. ) ;
#10170 = VERTEX_POINT ( 'NONE', #11046 ) ;
#10169 = DIRECTION ( 'NONE',  ( 1.000000000000000000, -0.000000000000000000, -0.000000000000000000 ) ) ;
#10171 = VECTOR ( 'NONE', #9273, 1000.000000000000000 ) ;
#10172 = ORIENTED_EDGE ( 'NONE', *, *, #2655, .T. ) ;
#10173 = CARTESIAN_POINT ( 'NONE',  ( 54.12530000000000285, 20.25169999999999959, 3.000000000000000000 ) ) ;
#10174 = ORIENTED_EDGE ( 'NONE', *, *, #10853, .T. ) ;
#10175 = VERTEX_POINT ( 'NONE', #2100 ) ;
#10176 = EDGE_LOOP ( 'NONE', ( #9405, #2224, #3077, #931 ) ) ;
#10177 = DIRECTION ( 'NONE',  ( -0.000000000000000000, -0.000000000000000000, -1.000000000000000000 ) ) ;
#10178 = VECTOR ( 'NONE', #12020, 1000.000000000000000 ) ;
#10179 = CARTESIAN_POINT ( 'NONE',  ( 166.2119999999999891, 55.12149999999999750, 3.000000000000000000 ) ) ;
#10180 = PLANE ( 'NONE',  #1520 ) ;
#10181 = DIRECTION ( 'NONE',  ( 0.000000000000000000, 0.000000000000000000, 1.000000000000000000 ) ) ;
#10182 = EDGE_CURVE ( 'NONE', #11660, #6128, #8961, .T. ) ;
#10183 = ADVANCED_FACE ( 'NONE', ( #11893 ), #3218, .T. ) ;
#10184 = LINE ( 'NONE', #1231, #12564 ) ;
#10185 = PLANE ( 'NONE',  #164 ) ;
#10186 = CIRCLE ( 'NONE', #2045, 0.5000000000000004441 ) ;
#10187 = CARTESIAN_POINT ( 'NONE',  ( 138.9430000000000121, 84.15269999999999584, 3.000000000000000000 ) ) ;
#10188 = EDGE_LOOP ( 'NONE', ( #5647, #10068, #4663, #2058 ) ) ;
#10189 = CARTESIAN_POINT ( 'NONE',  ( 143.1119999999999948, 50.52170000000000272, 0.000000000000000000 ) ) ;
#10190 = ORIENTED_EDGE ( 'NONE', *, *, #2664, .T. ) ;
#10191 = EDGE_LOOP ( 'NONE', ( #4367, #5983 ) ) ;
#10192 = ORIENTED_EDGE ( 'NONE', *, *, #7103, .F. ) ;
#10193 = FACE_OUTER_BOUND ( 'NONE', #5699, .T. ) ;
#10194 = EDGE_CURVE ( 'NONE', #4271, #10234, #10913, .T. ) ;
#10195 = CARTESIAN_POINT ( 'NONE',  ( 102.6320000000000050, 126.4969999999999999, 3.000000000000000000 ) ) ;
#10196 = CARTESIAN_POINT ( 'NONE',  ( 24.47530000000000072, 14.22269999999999968, 3.000000000000000000 ) ) ;
#10197 = LINE ( 'NONE', #3283, #9961 ) ;
#10198 = LINE ( 'NONE', #1499, #7471 ) ;
#10199 = CARTESIAN_POINT ( 'NONE',  ( 143.9689999999999941, 84.15269999999999584, 3.000000000000000000 ) ) ;
#10200 = CARTESIAN_POINT ( 'NONE',  ( 139.8630000000000280, 46.05270000000000152, 0.000000000000000000 ) ) ;
#10201 = CARTESIAN_POINT ( 'NONE',  ( 142.2439999999999998, 97.37229999999999563, 0.000000000000000000 ) ) ;
#10202 = ORIENTED_EDGE ( 'NONE', *, *, #3012, .F. ) ;
#10203 = ORIENTED_EDGE ( 'NONE', *, *, #4721, .T. ) ;
#10205 = ORIENTED_EDGE ( 'NONE', *, *, #5175, .T. ) ;
#10204 = CARTESIAN_POINT ( 'NONE',  ( 78.53149999999999409, 26.77250000000000085, 3.000000000000000000 ) ) ;
#10206 = CARTESIAN_POINT ( 'NONE',  ( 121.6820000000000022, 112.4980000000000047, 3.000000000000000000 ) ) ;
#10207 = ORIENTED_EDGE ( 'NONE', *, *, #5348, .F. ) ;
#10208 = EDGE_CURVE ( 'NONE', #10216, #7990, #4, .T. ) ;
#10209 = PLANE ( 'NONE',  #7026 ) ;
#10210 = DIRECTION ( 'NONE',  ( 0.000000000000000000, -1.000000000000000000, 0.000000000000000000 ) ) ;
#10211 = PLANE ( 'NONE',  #11632 ) ;
#10212 = DIRECTION ( 'NONE',  ( -1.000000000000000000, 0.000000000000000000, 0.000000000000000000 ) ) ;
#10213 = EDGE_CURVE ( 'NONE', #6688, #10801, #6534, .T. ) ;
#10214 = CARTESIAN_POINT ( 'NONE',  ( 97.86830000000000496, 97.92189999999999372, 3.000000000000000000 ) ) ;
#10215 = ORIENTED_EDGE ( 'NONE', *, *, #12311, .T. ) ;
#10216 = VERTEX_POINT ( 'NONE', #1439 ) ;
#10217 = ORIENTED_EDGE ( 'NONE', *, *, #9251, .F. ) ;
#10218 = DIRECTION ( 'NONE',  ( 1.000000000000000000, 0.000000000000000000, -0.000000000000000000 ) ) ;
#10219 = ORIENTED_EDGE ( 'NONE', *, *, #1929, .F. ) ;
#10220 = LINE ( 'NONE', #1270, #7244 ) ;
#10221 = DIRECTION ( 'NONE',  ( 1.000000000000000000, 0.000000000000000000, -0.000000000000000000 ) ) ;
#10222 = ADVANCED_FACE ( 'NONE', ( #11304 ), #4391, .T. ) ;
#10223 = CARTESIAN_POINT ( 'NONE',  ( 47.57529999999999859, 7.722520000000000273, 3.000000000000000000 ) ) ;
#10224 = DIRECTION ( 'NONE',  ( -0.000000000000000000, -0.000000000000000000, -1.000000000000000000 ) ) ;
#10225 = DIRECTION ( 'NONE',  ( -0.000000000000000000, -1.000000000000000000, -0.000000000000000000 ) ) ;
#10226 = EDGE_CURVE ( 'NONE', #3874, #10450, #9401, .T. ) ;
#10227 = CARTESIAN_POINT ( 'NONE',  ( 121.3940000000000055, 64.87269999999999470, 3.000000000000000000 ) ) ;
#10229 = EDGE_LOOP ( 'NONE', ( #4695, #9853, #8137, #6002 ) ) ;
#10228 = VERTEX_POINT ( 'NONE', #6347 ) ;
#10230 = ORIENTED_EDGE ( 'NONE', *, *, #11294, .F. ) ;
#10231 = DIRECTION ( 'NONE',  ( 0.000000000000000000, -1.000000000000000000, 0.000000000000000000 ) ) ;
#10232 = VERTEX_POINT ( 'NONE', #2427 ) ;
#10233 = VERTEX_POINT ( 'NONE', #6471 ) ;
#10234 = VERTEX_POINT ( 'NONE', #257 ) ;
#10235 = CARTESIAN_POINT ( 'NONE',  ( 12.14470000000000205, 64.87269999999999470, 3.000000000000000000 ) ) ;
#10236 = DIRECTION ( 'NONE',  ( -0.000000000000000000, -1.000000000000000000, -0.000000000000000000 ) ) ;
#10237 = EDGE_CURVE ( 'NONE', #6816, #1732, #1567, .T. ) ;
#10238 = LINE ( 'NONE', #9004, #5082 ) ;
#10239 = LINE ( 'NONE', #8283, #11714 ) ;
#10240 = LINE ( 'NONE', #1292, #9643 ) ;
#10241 = EDGE_CURVE ( 'NONE', #1939, #1142, #12221, .T. ) ;
#10242 = CARTESIAN_POINT ( 'NONE',  ( 160.3619999999999948, 58.35159999999999769, 3.000000000000000000 ) ) ;
#10243 = AXIS2_PLACEMENT_3D ( 'NONE', #6201, #8408, #5157 ) ;
#10244 = CARTESIAN_POINT ( 'NONE',  ( 97.86830000000000496, 83.92270000000000607, 0.000000000000000000 ) ) ;
#10245 = ORIENTED_EDGE ( 'NONE', *, *, #12604, .F. ) ;
#10246 = DIRECTION ( 'NONE',  ( -0.000000000000000000, 1.000000000000000000, -0.000000000000000000 ) ) ;
#10247 = ORIENTED_EDGE ( 'NONE', *, *, #5645, .F. ) ;
#10248 = EDGE_CURVE ( 'NONE', #5186, #6421, #453, .T. ) ;
#10249 = VERTEX_POINT ( 'NONE', #5368 ) ;
#10250 = VERTEX_POINT ( 'NONE', #7449 ) ;
#10251 = ADVANCED_FACE ( 'NONE', ( #4329 ), #3408, .T. ) ;
#10252 = PLANE ( 'NONE',  #484 ) ;
#10253 = CARTESIAN_POINT ( 'NONE',  ( 55.85040000000000049, 7.952670000000000350, 0.000000000000000000 ) ) ;
#10254 = AXIS2_PLACEMENT_3D ( 'NONE', #5070, #1138, #9046 ) ;
#10255 = LINE ( 'NONE', #1497, #12545 ) ;
#10256 = CARTESIAN_POINT ( 'NONE',  ( 141.5879999999999939, 58.35159999999999769, 3.000000000000000000 ) ) ;
#10257 = VECTOR ( 'NONE', #2066, 1000.000000000000000 ) ;
#10258 = DIRECTION ( 'NONE',  ( -0.000000000000000000, 1.000000000000000000, -0.000000000000000000 ) ) ;
#10259 = CARTESIAN_POINT ( 'NONE',  ( 145.4930000000000234, 83.92270000000000607, 3.000000000000000000 ) ) ;
#10260 = CARTESIAN_POINT ( 'NONE',  ( 71.67600000000000193, 7.722520000000000273, 0.000000000000000000 ) ) ;
#10261 = CARTESIAN_POINT ( 'NONE',  ( 150.2570000000000050, 78.87189999999999657, 0.000000000000000000 ) ) ;
#10262 = ORIENTED_EDGE ( 'NONE', *, *, #6820, .F. ) ;
#10263 = ORIENTED_EDGE ( 'NONE', *, *, #12689, .F. ) ;
#10265 = ORIENTED_EDGE ( 'NONE', *, *, #2640, .T. ) ;
#10264 = CARTESIAN_POINT ( 'NONE',  ( 0.09392999999999207539, 109.9710000000000036, 0.000000000000000000 ) ) ;
#10266 = CARTESIAN_POINT ( 'NONE',  ( 178.5440000000000111, 16.95949999999999847, 3.000000000000000000 ) ) ;
#10267 = VERTEX_POINT ( 'NONE', #2489 ) ;
#10268 = DIRECTION ( 'NONE',  ( -0.000000000000000000, 1.000000000000000000, -0.000000000000000000 ) ) ;
#10269 = DIRECTION ( 'NONE',  ( 9.106159978880878627E-17, -1.000000000000000000, 0.000000000000000000 ) ) ;
#10270 =( LENGTH_UNIT ( ) NAMED_UNIT ( * ) SI_UNIT ( .MILLI., .METRE. ) );
#10271 = VECTOR ( 'NONE', #12493, 1000.000000000000000 ) ;
#10272 = CARTESIAN_POINT ( 'NONE',  ( 130.9190000000000111, 83.92270000000000607, 3.000000000000000000 ) ) ;
#10273 = EDGE_CURVE ( 'NONE', #4216, #6797, #7266, .T. ) ;
#10274 = DIRECTION ( 'NONE',  ( -0.000000000000000000, -0.000000000000000000, -1.000000000000000000 ) ) ;
#10275 = VERTEX_POINT ( 'NONE', #12286 ) ;
#10276 = ORIENTED_EDGE ( 'NONE', *, *, #4002, .T. ) ;
#10277 = ORIENTED_EDGE ( 'NONE', *, *, #10572, .F. ) ;
#10278 = LINE ( 'NONE', #5393, #12251 ) ;
#10279 = ORIENTED_EDGE ( 'NONE', *, *, #9697, .T. ) ;
#10280 = CARTESIAN_POINT ( 'NONE',  ( 55.00719999999999743, 59.82189999999999941, 3.000000000000000000 ) ) ;
#10281 = VECTOR ( 'NONE', #3196, 1000.000000000000000 ) ;
#10282 = EDGE_CURVE ( 'NONE', #12386, #1277, #10447, .T. ) ;
#10283 = DIRECTION ( 'NONE',  ( -1.000000000000000000, 0.000000000000000000, 0.000000000000000000 ) ) ;
#10284 = DIRECTION ( 'NONE',  ( 0.000000000000000000, 0.000000000000000000, 1.000000000000000000 ) ) ;
#10285 = DIRECTION ( 'NONE',  ( 1.000000000000000000, 0.000000000000000000, 0.000000000000000000 ) ) ;
#10286 = LINE ( 'NONE', #224, #9946 ) ;
#10287 = VECTOR ( 'NONE', #3760, 1000.000000000000000 ) ;
#10289 = VERTEX_POINT ( 'NONE', #6283 ) ;
#10288 = ORIENTED_EDGE ( 'NONE', *, *, #12704, .T. ) ;
#10290 = VERTEX_POINT ( 'NONE', #12479 ) ;
#10291 = ADVANCED_FACE ( 'NONE', ( #9276 ), #325, .T. ) ;
#10292 = DIRECTION ( 'NONE',  ( 0.000000000000000000, 1.000000000000000000, 0.000000000000000000 ) ) ;
#10293 = ORIENTED_EDGE ( 'NONE', *, *, #365, .T. ) ;
#10294 = VERTEX_POINT ( 'NONE', #8304 ) ;
#10295 = ORIENTED_EDGE ( 'NONE', *, *, #10805, .T. ) ;
#10296 = CARTESIAN_POINT ( 'NONE',  ( 165.3880000000000052, 55.12149999999999750, 3.000000000000000000 ) ) ;
#10297 = EDGE_CURVE ( 'NONE', #9080, #10250, #3349, .T. ) ;
#10298 = CARTESIAN_POINT ( 'NONE',  ( 83.58220000000000027, 40.77190000000000225, 3.000000000000000000 ) ) ;
#10299 = AXIS2_PLACEMENT_3D ( 'NONE', #2756, #10717, #1768 ) ;
#10300 = CARTESIAN_POINT ( 'NONE',  ( 167.7680000000000007, 90.42260000000000275, 3.000000000000000000 ) ) ;
#10301 = DIRECTION ( 'NONE',  ( -0.000000000000000000, -0.000000000000000000, -1.000000000000000000 ) ) ;
#10302 = DIRECTION ( 'NONE',  ( 0.000000000000000000, 0.000000000000000000, 1.000000000000000000 ) ) ;
#10303 = CARTESIAN_POINT ( 'NONE',  ( 166.2119999999999891, 55.12149999999999750, 0.000000000000000000 ) ) ;
#10304 = VECTOR ( 'NONE', #1443, 1000.000000000000000 ) ;
#10305 = CARTESIAN_POINT ( 'NONE',  ( 137.2179999999999893, 90.42260000000000275, 0.000000000000000000 ) ) ;
#10306 = VERTEX_POINT ( 'NONE', #2549 ) ;
#10307 = DIRECTION ( 'NONE',  ( 0.000000000000000000, -0.000000000000000000, 1.000000000000000000 ) ) ;
#10308 = ORIENTED_EDGE ( 'NONE', *, *, #9059, .T. ) ;
#10309 = ORIENTED_EDGE ( 'NONE', *, *, #9719, .F. ) ;
#10310 = EDGE_LOOP ( 'NONE', ( #2607, #3884, #7206, #10647 ) ) ;
#10311 = DIRECTION ( 'NONE',  ( 0.000000000000000000, 0.000000000000000000, 1.000000000000000000 ) ) ;
#10312 = EDGE_CURVE ( 'NONE', #9768, #2856, #12409, .T. ) ;
#10313 = FACE_OUTER_BOUND ( 'NONE', #12141, .T. ) ;
#10314 = VECTOR ( 'NONE', #297, 1000.000000000000000 ) ;
#10315 = CARTESIAN_POINT ( 'NONE',  ( 73.76900000000000546, 83.92270000000000607, 0.000000000000000000 ) ) ;
#10316 = LINE ( 'NONE', #392, #3493 ) ;
#10317 = EDGE_CURVE ( 'NONE', #9753, #1394, #4454, .T. ) ;
#10318 = CARTESIAN_POINT ( 'NONE',  ( 158.6370000000000005, 58.35159999999999769, 3.000000000000000000 ) ) ;
#10319 = DIRECTION ( 'NONE',  ( -1.000000000000000000, 0.000000000000000000, 0.000000000000000000 ) ) ;
#10320 = CARTESIAN_POINT ( 'NONE',  ( 35.95720000000000027, 59.82189999999999941, 3.000000000000000000 ) ) ;
#10321 = VECTOR ( 'NONE', #2116, 1000.000000000000000 ) ;
#10322 = LINE ( 'NONE', #10261, #8440 ) ;
#10323 = VERTEX_POINT ( 'NONE', #1372 ) ;
#10324 = ORIENTED_EDGE ( 'NONE', *, *, #5829, .F. ) ;
#10325 = VECTOR ( 'NONE', #2592, 1000.000000000000000 ) ;
#10327 = ORIENTED_EDGE ( 'NONE', *, *, #338, .T. ) ;
#10326 = DIRECTION ( 'NONE',  ( 1.000000000000000000, 0.000000000000000000, 0.000000000000000000 ) ) ;
#10328 = CARTESIAN_POINT ( 'NONE',  ( 24.47530000000000072, 14.22269999999999968, 0.000000000000000000 ) ) ;
#10329 = VERTEX_POINT ( 'NONE', #9346 ) ;
#10330 = VECTOR ( 'NONE', #4515, 1000.000000000000000 ) ;
#10331 = EDGE_CURVE ( 'NONE', #7713, #7273, #394, .T. ) ;
#10332 = CYLINDRICAL_SURFACE ( 'NONE', #11824, 1.250000000000001110 ) ;
#10333 = DIRECTION ( 'NONE',  ( -1.000000000000000000, 0.000000000000000000, 0.000000000000000000 ) ) ;
#10334 = ADVANCED_FACE ( 'NONE', ( #11551 ), #1695, .F. ) ;
#10335 = CARTESIAN_POINT ( 'NONE',  ( 121.3940000000000055, 78.87189999999999657, 3.000000000000000000 ) ) ;
#10336 = EDGE_CURVE ( 'NONE', #998, #8369, #10773, .T. ) ;
#10337 = FACE_OUTER_BOUND ( 'NONE', #4877, .T. ) ;
#10338 = CARTESIAN_POINT ( 'NONE',  ( 25.30079999999999885, 20.25169999999999959, 3.000000000000000000 ) ) ;
#10339 = VECTOR ( 'NONE', #5481, 1000.000000000000000 ) ;
#10340 = ORIENTED_EDGE ( 'NONE', *, *, #2957, .T. ) ;
#10341 = ORIENTED_EDGE ( 'NONE', *, *, #11069, .T. ) ;
#10342 = ORIENTED_EDGE ( 'NONE', *, *, #1291, .F. ) ;
#10343 = PLANE ( 'NONE',  #9123 ) ;
#10344 = EDGE_LOOP ( 'NONE', ( #367, #959, #8738, #9790 ) ) ;
#10345 = FACE_BOUND ( 'NONE', #11001, .T. ) ;
#10346 = ADVANCED_FACE ( 'NONE', ( #2618 ), #6602, .T. ) ;
#10347 = ADVANCED_FACE ( 'NONE', ( #7830 ), #777, .T. ) ;
#10348 = LINE ( 'NONE', #4549, #8681 ) ;
#10349 = VECTOR ( 'NONE', #676, 1000.000000000000000 ) ;
#10350 = DIRECTION ( 'NONE',  ( -0.000000000000000000, -0.000000000000000000, -1.000000000000000000 ) ) ;
#10351 = AXIS2_PLACEMENT_3D ( 'NONE', #3503, #7412, #287 ) ;
#10352 = LINE ( 'NONE', #12628, #3713 ) ;
#10354 = ORIENTED_EDGE ( 'NONE', *, *, #8334, .F. ) ;
#10353 = ORIENTED_EDGE ( 'NONE', *, *, #683, .T. ) ;
#10355 = ADVANCED_FACE ( 'NONE', ( #10837 ), #9596, .T. ) ;
#10356 = EDGE_LOOP ( 'NONE', ( #8203, #6606, #2077, #1762 ) ) ;
#10357 = CARTESIAN_POINT ( 'NONE',  ( 160.3619999999999948, 46.05270000000000152, 3.000000000000000000 ) ) ;
#10358 = ORIENTED_EDGE ( 'NONE', *, *, #5889, .T. ) ;
#10359 = ORIENTED_EDGE ( 'NONE', *, *, #8798, .F. ) ;
#10360 = VECTOR ( 'NONE', #6742, 1000.000000000000000 ) ;
#10361 = ORIENTED_EDGE ( 'NONE', *, *, #4176, .T. ) ;
#10362 = CARTESIAN_POINT ( 'NONE',  ( 83.58220000000000027, 126.4969999999999999, 3.000000000000000000 ) ) ;
#10363 = CARTESIAN_POINT ( 'NONE',  ( 95.48710000000001230, 21.72200000000000131, 3.000000000000000000 ) ) ;
#10364 = DIRECTION ( 'NONE',  ( 1.000000000000000000, 0.000000000000000000, 0.000000000000000000 ) ) ;
#10365 = VECTOR ( 'NONE', #100, 1000.000000000000000 ) ;
#10366 = PLANE ( 'NONE',  #1707 ) ;
#10367 = VECTOR ( 'NONE', #4803, 1000.000000000000000 ) ;
#10368 = EDGE_CURVE ( 'NONE', #5743, #1314, #2745, .T. ) ;
#10369 = LINE ( 'NONE', #4309, #2981 ) ;
#10370 = VECTOR ( 'NONE', #11677, 1000.000000000000000 ) ;
#10371 = DIRECTION ( 'NONE',  ( -0.000000000000000000, -0.000000000000000000, -1.000000000000000000 ) ) ;
#10372 = LINE ( 'NONE', #1425, #3047 ) ;
#10373 = EDGE_CURVE ( 'NONE', #9767, #6413, #1826, .T. ) ;
#10374 = VERTEX_POINT ( 'NONE', #6794 ) ;
#10375 = FACE_OUTER_BOUND ( 'NONE', #7406, .T. ) ;
#10376 = COLOUR_RGB ( '',0.7921568627450980005, 0.8196078431372548767, 0.9333333333333333481 ) ;
#10377 = ORIENTED_EDGE ( 'NONE', *, *, #10248, .F. ) ;
#10378 = VERTEX_POINT ( 'NONE', #3862 ) ;
#10379 = ORIENTED_EDGE ( 'NONE', *, *, #1577, .F. ) ;
#10380 = CARTESIAN_POINT ( 'NONE',  ( 161.0180000000000007, 93.22150000000000603, 3.000000000000000000 ) ) ;
#10381 = AXIS2_PLACEMENT_3D ( 'NONE', #5720, #871, #8847 ) ;
#10382 = LINE ( 'NONE', #3279, #10095 ) ;
#10383 = CARTESIAN_POINT ( 'NONE',  ( 159.5449999999999875, 21.95950000000000557, 3.000000000000000000 ) ) ;
#10384 = DIRECTION ( 'NONE',  ( -1.000000000000000000, -0.000000000000000000, -0.000000000000000000 ) ) ;
#10385 = AXIS2_PLACEMENT_3D ( 'NONE', #324, #11179, #2234 ) ;
#10386 = CARTESIAN_POINT ( 'NONE',  ( 102.3439999999999941, 78.87189999999999657, 3.000000000000000000 ) ) ;
#10387 = DIRECTION ( 'NONE',  ( 1.000000000000000000, -0.000000000000000000, -0.000000000000000000 ) ) ;
#10388 = CARTESIAN_POINT ( 'NONE',  ( 159.4939999999999998, 112.4980000000000047, 3.000000000000000000 ) ) ;
#10389 = EDGE_CURVE ( 'NONE', #7358, #6671, #7008, .T. ) ;
#10390 = LINE ( 'NONE', #455, #2656 ) ;
#10391 = ORIENTED_EDGE ( 'NONE', *, *, #8110, .F. ) ;
#10392 = PLANE ( 'NONE',  #9260 ) ;
#10393 = EDGE_LOOP ( 'NONE', ( #2733, #8192, #1867, #6571 ) ) ;
#10394 = VERTEX_POINT ( 'NONE', #2882 ) ;
#10395 = DIRECTION ( 'NONE',  ( 0.000000000000000000, 1.000000000000000000, 0.000000000000000000 ) ) ;
#10397 = ORIENTED_EDGE ( 'NONE', *, *, #4821, .T. ) ;
#10396 = DIRECTION ( 'NONE',  ( -0.000000000000000000, -0.000000000000000000, -1.000000000000000000 ) ) ;
#10398 = AXIS2_PLACEMENT_3D ( 'NONE', #9516, #10561, #9581 ) ;
#10399 = EDGE_CURVE ( 'NONE', #2416, #7147, #6861, .T. ) ;
#10400 = VECTOR ( 'NONE', #11467, 1000.000000000000000 ) ;
#10401 = CARTESIAN_POINT ( 'NONE',  ( 97.58150000000000546, 126.4969999999999999, 3.000000000000000000 ) ) ;
#10402 = ORIENTED_EDGE ( 'NONE', *, *, #5108, .T. ) ;
#10403 = ADVANCED_FACE ( 'NONE', ( #7635 ), #1758, .T. ) ;
#10404 = FACE_OUTER_BOUND ( 'NONE', #2289, .T. ) ;
#10405 = PLANE ( 'NONE',  #673 ) ;
#10406 = CARTESIAN_POINT ( 'NONE',  ( 95.48710000000001230, 7.722520000000000273, 3.000000000000000000 ) ) ;
#10407 = CARTESIAN_POINT ( 'NONE',  ( 202.3569999999999993, 59.82189999999999941, 3.000000000000000000 ) ) ;
#10408 = PLANE ( 'NONE',  #5325 ) ;
#10409 = EDGE_LOOP ( 'NONE', ( #7168, #8754, #5433, #11135 ) ) ;
#10410 = EDGE_LOOP ( 'NONE', ( #12354, #9206, #4880, #8785 ) ) ;
#10411 = CIRCLE ( 'NONE', #4789, 1.250000000000001110 ) ;
#10412 = EDGE_LOOP ( 'NONE', ( #5028, #11555, #7235, #11497 ) ) ;
#10413 = EDGE_CURVE ( 'NONE', #2689, #6643, #5820, .T. ) ;
#10414 = LINE ( 'NONE', #8454, #9535 ) ;
#10415 = VERTEX_POINT ( 'NONE', #10640 ) ;
#10416 = FACE_BOUND ( 'NONE', #11668, .T. ) ;
#10417 = CARTESIAN_POINT ( 'NONE',  ( 27.02609999999999957, 6.972859999999999836, 3.000000000000000000 ) ) ;
#10418 = DIRECTION ( 'NONE',  ( -1.000000000000000000, 0.000000000000000000, 0.000000000000000000 ) ) ;
#10419 = FACE_OUTER_BOUND ( 'NONE', #9793, .T. ) ;
#10421 = ORIENTED_EDGE ( 'NONE', *, *, #10100, .F. ) ;
#10420 = ORIENTED_EDGE ( 'NONE', *, *, #12288, .F. ) ;
#10422 = EDGE_CURVE ( 'NONE', #6244, #3784, #1633, .T. ) ;
#10423 = ORIENTED_EDGE ( 'NONE', *, *, #11414, .T. ) ;
#10424 = CARTESIAN_POINT ( 'NONE',  ( 47.57529999999999859, 12.42159999999999975, 3.000000000000000000 ) ) ;
#10425 = ORIENTED_EDGE ( 'NONE', *, *, #1687, .T. ) ;
#10426 = ORIENTED_EDGE ( 'NONE', *, *, #3813, .T. ) ;
#10427 = CARTESIAN_POINT ( 'NONE',  ( 32.05040000000000333, 7.952670000000000350, 3.000000000000000000 ) ) ;
#10428 = LINE ( 'NONE', #1546, #7321 ) ;
#10429 = CARTESIAN_POINT ( 'NONE',  ( 59.76970000000000027, 83.92270000000000607, 3.000000000000000000 ) ) ;
#10430 = CARTESIAN_POINT ( 'NONE',  ( 40.71970000000000312, 97.92189999999999372, 3.000000000000000000 ) ) ;
#10431 = LINE ( 'NONE', #378, #11544 ) ;
#10432 = LINE ( 'NONE', #6330, #1424 ) ;
#10433 = DIRECTION ( 'NONE',  ( 0.000000000000000000, 0.000000000000000000, -1.000000000000000000 ) ) ;
#10434 = EDGE_CURVE ( 'NONE', #9165, #1220, #6664, .T. ) ;
#10435 = ORIENTED_EDGE ( 'NONE', *, *, #1037, .F. ) ;
#10436 = LINE ( 'NONE', #8483, #12395 ) ;
#10437 = ORIENTED_EDGE ( 'NONE', *, *, #8087, .F. ) ;
#10438 = VERTEX_POINT ( 'NONE', #707 ) ;
#10439 = VERTEX_POINT ( 'NONE', #12666 ) ;
#10440 = PLANE ( 'NONE',  #8149 ) ;
#10441 = VECTOR ( 'NONE', #5556, 1000.000000000000000 ) ;
#10442 = CARTESIAN_POINT ( 'NONE',  ( 54.12530000000000285, 7.952670000000000350, 3.000000000000000000 ) ) ;
#10443 = CARTESIAN_POINT ( 'NONE',  ( 162.7429999999999950, 84.15269999999999584, 0.000000000000000000 ) ) ;
#10444 = EDGE_CURVE ( 'NONE', #1605, #4629, #4707, .T. ) ;
#10445 = LINE ( 'NONE', #7504, #4128 ) ;
#10446 = DIRECTION ( 'NONE',  ( -0.000000000000000000, 0.000000000000000000, -1.000000000000000000 ) ) ;
#10447 = LINE ( 'NONE', #11245, #10330 ) ;
#10448 = DIRECTION ( 'NONE',  ( 1.000000000000000000, -0.000000000000000000, -0.000000000000000000 ) ) ;
#10449 = DIRECTION ( 'NONE',  ( -0.000000000000000000, -0.000000000000000000, -1.000000000000000000 ) ) ;
#10450 = VERTEX_POINT ( 'NONE', #7702 ) ;
#10451 = LINE ( 'NONE', #12867, #9062 ) ;
#10452 = ORIENTED_EDGE ( 'NONE', *, *, #4037, .F. ) ;
#10453 = ORIENTED_EDGE ( 'NONE', *, *, #10624, .T. ) ;
#10454 = CARTESIAN_POINT ( 'NONE',  ( 49.95649999999999835, 59.82189999999999941, 0.000000000000000000 ) ) ;
#10455 = AXIS2_PLACEMENT_3D ( 'NONE', #5918, #9891, #9826 ) ;
#10456 = AXIS2_PLACEMENT_3D ( 'NONE', #11889, #3085, #12879 ) ;
#10457 = EDGE_CURVE ( 'NONE', #4946, #2318, #4305, .T. ) ;
#10459 = ORIENTED_EDGE ( 'NONE', *, *, #8805, .F. ) ;
#10458 = DIRECTION ( 'NONE',  ( -0.000000000000000000, -0.000000000000000000, -1.000000000000000000 ) ) ;
#10460 = DIRECTION ( 'NONE',  ( -0.000000000000000000, 1.000000000000000000, -0.000000000000000000 ) ) ;
#10461 = ORIENTED_EDGE ( 'NONE', *, *, #3256, .F. ) ;
#10462 = VECTOR ( 'NONE', #11425, 1000.000000000000000 ) ;
#10463 = FACE_OUTER_BOUND ( 'NONE', #10535, .T. ) ;
#10464 = EDGE_CURVE ( 'NONE', #10749, #6832, #12728, .T. ) ;
#10465 = CARTESIAN_POINT ( 'NONE',  ( 160.7949999999999875, 102.9218999999999937, 0.000000000000000000 ) ) ;
#10466 = DIRECTION ( 'NONE',  ( -0.000000000000000000, -0.000000000000000000, -1.000000000000000000 ) ) ;
#10467 = FILL_AREA_STYLE ('',( #8448 ) ) ;
#10468 = DIRECTION ( 'NONE',  ( -0.000000000000000000, -0.000000000000000000, -1.000000000000000000 ) ) ;
#10469 = FACE_OUTER_BOUND ( 'NONE', #2639, .T. ) ;
#10470 = ORIENTED_EDGE ( 'NONE', *, *, #5365, .F. ) ;
#10471 = ORIENTED_EDGE ( 'NONE', *, *, #11008, .T. ) ;
#10472 = CARTESIAN_POINT ( 'NONE',  ( 145.4950000000000045, 16.95949999999999847, 0.000000000000000000 ) ) ;
#10473 = ORIENTED_EDGE ( 'NONE', *, *, #1034, .T. ) ;
#10474 = FACE_BOUND ( 'NONE', #4824, .T. ) ;
#10475 = EDGE_CURVE ( 'NONE', #9586, #10329, #9143, .T. ) ;
#10476 = CARTESIAN_POINT ( 'NONE',  ( 138.9430000000000121, 96.45159999999999911, 3.000000000000000000 ) ) ;
#10477 = VECTOR ( 'NONE', #9610, 1000.000000000000000 ) ;
#10478 = CARTESIAN_POINT ( 'NONE',  ( 188.3569999999999993, 26.77250000000000085, 0.000000000000000000 ) ) ;
#10479 = DIRECTION ( 'NONE',  ( 1.000000000000000000, 0.000000000000000000, 0.000000000000000000 ) ) ;
#10480 = VECTOR ( 'NONE', #1122, 1000.000000000000000 ) ;
#10481 = ADVANCED_FACE ( 'NONE', ( #12006 ), #10897, .T. ) ;
#10483 = ORIENTED_EDGE ( 'NONE', *, *, #7618, .F. ) ;
#10482 = VERTEX_POINT ( 'NONE', #7113 ) ;
#10484 = VERTEX_POINT ( 'NONE', #8094 ) ;
#10485 = CARTESIAN_POINT ( 'NONE',  ( 187.8569299999999771, 131.5209999999999866, 0.000000000000000000 ) ) ;
#10486 = VERTEX_POINT ( 'NONE', #2084 ) ;
#10487 = EDGE_LOOP ( 'NONE', ( #12318, #298, #4787, #5101 ) ) ;
#10488 = LINE ( 'NONE', #622, #3657 ) ;
#10489 = CARTESIAN_POINT ( 'NONE',  ( 142.2439999999999998, 96.45159999999999911, 3.000000000000000000 ) ) ;
#10490 = CARTESIAN_POINT ( 'NONE',  ( 92.81900000000000261, 83.92270000000000607, 0.000000000000000000 ) ) ;
#10491 = CARTESIAN_POINT ( 'NONE',  ( 119.3010000000000019, 21.72200000000000131, 3.000000000000000000 ) ) ;
#10492 = EDGE_CURVE ( 'NONE', #6951, #1204, #1951, .T. ) ;
#10493 = DIRECTION ( 'NONE',  ( -0.000000000000000000, -1.000000000000000000, -0.000000000000000000 ) ) ;
#10494 = ADVANCED_FACE ( 'NONE', ( #12864 ), #9919, .T. ) ;
#10495 = ADVANCED_FACE ( 'NONE', ( #10115 ), #7959, .T. ) ;
#10496 = DIRECTION ( 'NONE',  ( 1.000000000000000000, 0.000000000000000000, -0.000000000000000000 ) ) ;
#10497 = VERTEX_POINT ( 'NONE', #6075 ) ;
#10498 = CARTESIAN_POINT ( 'NONE',  ( 109.4879999999999995, 7.722520000000000273, 0.000000000000000000 ) ) ;
#10499 = ORIENTED_EDGE ( 'NONE', *, *, #8323, .F. ) ;
#10500 = VERTEX_POINT ( 'NONE', #975 ) ;
#10501 = AXIS2_PLACEMENT_3D ( 'NONE', #5174, #6276, #1174 ) ;
#10502 = EDGE_LOOP ( 'NONE', ( #424, #9234, #12853, #10829 ) ) ;
#10503 = VECTOR ( 'NONE', #2823, 1000.000000000000000 ) ;
#10504 = CARTESIAN_POINT ( 'NONE',  ( 141.5879999999999939, 50.52170000000000272, 3.000000000000000000 ) ) ;
#10505 = VECTOR ( 'NONE', #5252, 1000.000000000000000 ) ;
#10506 = CARTESIAN_POINT ( 'NONE',  ( 95.48710000000001230, 7.722520000000000273, 0.000000000000000000 ) ) ;
#10507 = CARTESIAN_POINT ( 'NONE',  ( 14.38192999999999344, 62.34100000000002240, 3.000000000000000000 ) ) ;
#10508 = EDGE_CURVE ( 'NONE', #10934, #7038, #4976, .T. ) ;
#10509 = AXIS2_PLACEMENT_3D ( 'NONE', #12931, #978, #8096 ) ;
#10510 = CARTESIAN_POINT ( 'NONE',  ( 185.9759999999999991, 112.4980000000000047, 3.000000000000000000 ) ) ;
#10511 = LINE ( 'NONE', #4838, #7670 ) ;
#10512 = VECTOR ( 'NONE', #5816, 1000.000000000000000 ) ;
#10513 = DIRECTION ( 'NONE',  ( 0.000000000000000000, 0.000000000000000000, -1.000000000000000000 ) ) ;
#10514 = LINE ( 'NONE', #5689, #8911 ) ;
#10515 = ORIENTED_EDGE ( 'NONE', *, *, #145, .F. ) ;
#10516 = CARTESIAN_POINT ( 'NONE',  ( 166.2119999999999891, 52.32260000000000133, 3.000000000000000000 ) ) ;
#10517 = ORIENTED_EDGE ( 'NONE', *, *, #8498, .T. ) ;
#10518 = ORIENTED_EDGE ( 'NONE', *, *, #7260, .F. ) ;
#10519 = EDGE_CURVE ( 'NONE', #3309, #6232, #3072, .T. ) ;
#10520 = CARTESIAN_POINT ( 'NONE',  ( 202.3569999999999993, 40.77190000000000225, 0.000000000000000000 ) ) ;
#10521 = VECTOR ( 'NONE', #12122, 1000.000000000000000 ) ;
#10523 = ORIENTED_EDGE ( 'NONE', *, *, #11899, .F. ) ;
#10522 = CARTESIAN_POINT ( 'NONE',  ( 135.6819999999999879, 112.4980000000000047, 0.000000000000000000 ) ) ;
#10524 = DIRECTION ( 'NONE',  ( 1.000000000000000000, -0.000000000000000000, -0.000000000000000000 ) ) ;
#10525 = ORIENTED_EDGE ( 'NONE', *, *, #4736, .T. ) ;
#10526 = CARTESIAN_POINT ( 'NONE',  ( 2.619650000000000478, 83.92270000000000607, 0.000000000000000000 ) ) ;
#10527 = CARTESIAN_POINT ( 'NONE',  ( 97.58150000000000546, 26.77250000000000085, 3.000000000000000000 ) ) ;
#10528 = CARTESIAN_POINT ( 'NONE',  ( 9.618929999999993541, 62.34100000000002240, 3.000000000000000000 ) ) ;
#10529 = CIRCLE ( 'NONE', #12200, 1.250000000000001110 ) ;
#10530 = EDGE_CURVE ( 'NONE', #8983, #12585, #2939, .T. ) ;
#10531 = LINE ( 'NONE', #10407, #1580 ) ;
#10532 = CARTESIAN_POINT ( 'NONE',  ( 74.05719999999999459, 45.82269999999999754, 3.000000000000000000 ) ) ;
#10533 = PLANE ( 'NONE',  #7826 ) ;
#10534 = VECTOR ( 'NONE', #8927, 1000.000000000000000 ) ;
#10535 = EDGE_LOOP ( 'NONE', ( #3274, #10668, #3128, #10425 ) ) ;
#10536 = EDGE_CURVE ( 'NONE', #4351, #5693, #3202, .T. ) ;
#10537 = ORIENTED_EDGE ( 'NONE', *, *, #10530, .F. ) ;
#10538 = VECTOR ( 'NONE', #9675, 1000.000000000000000 ) ;
#10539 = LINE ( 'NONE', #5590, #3299 ) ;
#10540 = VECTOR ( 'NONE', #6538, 1000.000000000000000 ) ;
#10541 = ORIENTED_EDGE ( 'NONE', *, *, #5998, .F. ) ;
#10542 = FACE_BOUND ( 'NONE', #11626, .T. ) ;
#10543 = DIRECTION ( 'NONE',  ( -0.000000000000000000, -0.000000000000000000, -1.000000000000000000 ) ) ;
#10544 = CARTESIAN_POINT ( 'NONE',  ( 108.6319299999999828, -2.065918000000003474, 0.000000000000000000 ) ) ;
#10545 = CARTESIAN_POINT ( 'NONE',  ( 49.95649999999999835, 45.82269999999999754, 3.000000000000000000 ) ) ;
#10546 = VECTOR ( 'NONE', #11165, 1000.000000000000000 ) ;
#10547 = EDGE_CURVE ( 'NONE', #4747, #6175, #5166, .T. ) ;
#10549 = VERTEX_POINT ( 'NONE', #11878 ) ;
#10548 = VERTEX_POINT ( 'NONE', #4907 ) ;
#10550 = ADVANCED_FACE ( 'NONE', ( #11031 ), #183, .T. ) ;
#10551 = VERTEX_POINT ( 'NONE', #10052 ) ;
#10552 = DIRECTION ( 'NONE',  ( -0.000000000000000000, -0.000000000000000000, -1.000000000000000000 ) ) ;
#10553 = ORIENTED_EDGE ( 'NONE', *, *, #2915, .T. ) ;
#10554 = EDGE_LOOP ( 'NONE', ( #802, #11389, #653, #10089 ) ) ;
#10555 = CARTESIAN_POINT ( 'NONE',  ( 109.4879999999999995, 7.722520000000000273, 0.000000000000000000 ) ) ;
#10556 = ADVANCED_FACE ( 'NONE', ( #9010 ), #5036, .T. ) ;
#10557 = FACE_OUTER_BOUND ( 'NONE', #5764, .T. ) ;
#10558 = DIRECTION ( 'NONE',  ( 0.000000000000000000, 0.000000000000000000, -1.000000000000000000 ) ) ;
#10559 = PLANE ( 'NONE',  #10051 ) ;
#10560 = EDGE_CURVE ( 'NONE', #1832, #5395, #3137, .T. ) ;
#10561 = DIRECTION ( 'NONE',  ( -0.000000000000000000, -0.000000000000000000, 1.000000000000000000 ) ) ;
#10562 = VECTOR ( 'NONE', #7067, 1000.000000000000000 ) ;
#10563 = CARTESIAN_POINT ( 'NONE',  ( 40.71970000000000312, 83.92270000000000607, 3.000000000000000000 ) ) ;
#10564 = VECTOR ( 'NONE', #10014, 1000.000000000000000 ) ;
#10565 = ORIENTED_EDGE ( 'NONE', *, *, #8639, .F. ) ;
#10566 = LINE ( 'NONE', #8670, #3870 ) ;
#10567 = ORIENTED_EDGE ( 'NONE', *, *, #3632, .F. ) ;
#10568 = ORIENTED_EDGE ( 'NONE', *, *, #12342, .T. ) ;
#10569 = VERTEX_POINT ( 'NONE', #4118 ) ;
#10570 = CARTESIAN_POINT ( 'NONE',  ( 25.30079999999999885, 17.02149999999999963, 3.000000000000000000 ) ) ;
#10571 = VECTOR ( 'NONE', #3970, 1000.000000000000000 ) ;
#10572 = EDGE_CURVE ( 'NONE', #10920, #678, #8154, .T. ) ;
#10573 = CARTESIAN_POINT ( 'NONE',  ( 130.9190000000000111, 97.92189999999999372, 3.000000000000000000 ) ) ;
#10574 = EDGE_CURVE ( 'NONE', #2383, #4616, #8882, .T. ) ;
#10575 = DIRECTION ( 'NONE',  ( 0.000000000000000000, 0.000000000000000000, 1.000000000000000000 ) ) ;
#10576 = VECTOR ( 'NONE', #12284, 1000.000000000000000 ) ;
#10577 = PLANE ( 'NONE',  #11625 ) ;
#10578 = LINE ( 'NONE', #12727, #11011 ) ;
#10579 = VECTOR ( 'NONE', #503, 1000.000000000000000 ) ;
#10580 = DIRECTION ( 'NONE',  ( 0.000000000000000000, 1.000000000000000000, 0.000000000000000000 ) ) ;
#10581 = VECTOR ( 'NONE', #8006, 1000.000000000000000 ) ;
#10582 = CARTESIAN_POINT ( 'NONE',  ( 107.1070000000000135, 45.82269999999999754, 3.000000000000000000 ) ) ;
#10583 = LINE ( 'NONE', #2688, #10727 ) ;
#10584 = EDGE_LOOP ( 'NONE', ( #1962, #12785, #9144, #8076 ) ) ;
#10585 = ORIENTED_EDGE ( 'NONE', *, *, #12393, .F. ) ;
#10586 = EDGE_CURVE ( 'NONE', #1277, #1943, #1357, .T. ) ;
#10587 = CIRCLE ( 'NONE', #8297, 1.250000000000001110 ) ;
#10588 = DIRECTION ( 'NONE',  ( -1.000000000000000000, 0.000000000000000000, 0.000000000000000000 ) ) ;
#10589 = DIRECTION ( 'NONE',  ( 0.000000000000000000, 1.000000000000000000, -0.000000000000000000 ) ) ;
#10590 = DIRECTION ( 'NONE',  ( 0.000000000000000000, -0.000000000000000000, -1.000000000000000000 ) ) ;
#10591 = EDGE_LOOP ( 'NONE', ( #861, #10985, #4371, #9827 ) ) ;
#10592 = AXIS2_PLACEMENT_3D ( 'NONE', #7928, #2253, #12900 ) ;
#10593 = DIRECTION ( 'NONE',  ( -1.000000000000000000, 0.000000000000000000, 0.000000000000000000 ) ) ;
#10594 = CARTESIAN_POINT ( 'NONE',  ( 83.29399999999999693, 64.87269999999999470, 3.000000000000000000 ) ) ;
#10595 = LINE ( 'NONE', #536, #12363 ) ;
#10596 = ADVANCED_FACE ( 'NONE', ( #7368 ), #9330, .T. ) ;
#10597 = CARTESIAN_POINT ( 'NONE',  ( 157.1129999999999995, 45.82269999999999754, 0.000000000000000000 ) ) ;
#10598 = DIRECTION ( 'NONE',  ( 0.000000000000000000, 0.000000000000000000, 1.000000000000000000 ) ) ;
#10599 = LINE ( 'NONE', #727, #7236 ) ;
#10600 = APPLICATION_CONTEXT ( 'automotive_design' ) ;
#10601 = LINE ( 'NONE', #4539, #6991 ) ;
#10602 = VECTOR ( 'NONE', #7065, 1000.000000000000000 ) ;
#10603 = VERTEX_POINT ( 'NONE', #9262 ) ;
#10605 = ORIENTED_EDGE ( 'NONE', *, *, #9032, .F. ) ;
#10604 = ORIENTED_EDGE ( 'NONE', *, *, #3622, .F. ) ;
#10606 = CARTESIAN_POINT ( 'NONE',  ( 145.4930000000000234, 88.62170000000001835, 3.000000000000000000 ) ) ;
#10607 = ORIENTED_EDGE ( 'NONE', *, *, #2855, .F. ) ;
#10608 = CARTESIAN_POINT ( 'NONE',  ( 134.8369999999999891, 46.05270000000000152, 0.000000000000000000 ) ) ;
#10609 = DIRECTION ( 'NONE',  ( -0.000000000000000000, -0.000000000000000000, -1.000000000000000000 ) ) ;
#10610 = FACE_OUTER_BOUND ( 'NONE', #10356, .T. ) ;
#10611 = ADVANCED_FACE ( 'NONE', ( #2288 ), #5352, .T. ) ;
#10612 = DIRECTION ( 'NONE',  ( -0.000000000000000000, -0.000000000000000000, -1.000000000000000000 ) ) ;
#10614 = ORIENTED_EDGE ( 'NONE', *, *, #4302, .T. ) ;
#10613 = VERTEX_POINT ( 'NONE', #381 ) ;
#10615 = VERTEX_POINT ( 'NONE', #8289 ) ;
#10616 = DIRECTION ( 'NONE',  ( 0.000000000000000000, 1.000000000000000000, 0.000000000000000000 ) ) ;
#10617 = VERTEX_POINT ( 'NONE', #10244 ) ;
#10618 = ORIENTED_EDGE ( 'NONE', *, *, #8130, .F. ) ;
#10619 = EDGE_CURVE ( 'NONE', #10056, #7388, #3394, .T. ) ;
#10620 = DIRECTION ( 'NONE',  ( 0.000000000000000000, 0.000000000000000000, 1.000000000000000000 ) ) ;
#10621 = DIRECTION ( 'NONE',  ( 0.000000000000000000, -1.000000000000000000, 0.000000000000000000 ) ) ;
#10622 = DIRECTION ( 'NONE',  ( -1.000000000000000000, -0.000000000000000000, -0.000000000000000000 ) ) ;
#10623 = CARTESIAN_POINT ( 'NONE',  ( 23.40692999999999557, 42.79100000000001813, 3.000000000000000000 ) ) ;
#10624 = EDGE_CURVE ( 'NONE', #4815, #1029, #12205, .T. ) ;
#10625 = CARTESIAN_POINT ( 'NONE',  ( 202.3569999999999993, 64.87269999999999470, 3.000000000000000000 ) ) ;
#10626 = ORIENTED_EDGE ( 'NONE', *, *, #4412, .F. ) ;
#10627 = VERTEX_POINT ( 'NONE', #11288 ) ;
#10628 = CARTESIAN_POINT ( 'NONE',  ( 164.5449999999999875, 22.01000000000000156, 0.000000000000000000 ) ) ;
#10629 = VERTEX_POINT ( 'NONE', #3271 ) ;
#10630 = VERTEX_POINT ( 'NONE', #2221 ) ;
#10631 = ORIENTED_EDGE ( 'NONE', *, *, #8598, .T. ) ;
#10632 = EDGE_CURVE ( 'NONE', #2022, #10216, #9454, .T. ) ;
#10633 = DIRECTION ( 'NONE',  ( -0.000000000000000000, 1.000000000000000000, -0.000000000000000000 ) ) ;
#10634 = LINE ( 'NONE', #700, #12185 ) ;
#10635 = ADVANCED_FACE ( 'NONE', ( #7250 ), #1295, .T. ) ;
#10636 = DIRECTION ( 'NONE',  ( 9.106159978880878627E-17, -1.000000000000000000, 0.000000000000000000 ) ) ;
#10637 = CARTESIAN_POINT ( 'NONE',  ( 166.0440000000000111, 84.15269999999999584, 3.000000000000000000 ) ) ;
#10638 = PLANE ( 'NONE',  #11848 ) ;
#10639 = EDGE_CURVE ( 'NONE', #2992, #3039, #3337, .T. ) ;
#10640 = CARTESIAN_POINT ( 'NONE',  ( 128.8259999999999934, 26.77250000000000085, 3.000000000000000000 ) ) ;
#10641 = EDGE_CURVE ( 'NONE', #12064, #262, #3522, .T. ) ;
#10642 = LINE ( 'NONE', #8684, #8284 ) ;
#10643 = ORIENTED_EDGE ( 'NONE', *, *, #10619, .T. ) ;
#10644 = DIRECTION ( 'NONE',  ( 0.000000000000000000, -1.000000000000000000, 0.000000000000000000 ) ) ;
#10645 = ORIENTED_EDGE ( 'NONE', *, *, #1434, .F. ) ;
#10646 = ORIENTED_EDGE ( 'NONE', *, *, #4482, .F. ) ;
#10647 = ORIENTED_EDGE ( 'NONE', *, *, #1641, .T. ) ;
#10648 =( NAMED_UNIT ( * ) SI_UNIT ( $, .STERADIAN. ) SOLID_ANGLE_UNIT ( ) );
#10649 = PLANE ( 'NONE',  #11059 ) ;
#10650 = DIRECTION ( 'NONE',  ( 0.000000000000000000, -0.000000000000000000, 1.000000000000000000 ) ) ;
#10651 = ORIENTED_EDGE ( 'NONE', *, *, #3800, .F. ) ;
#10652 = VECTOR ( 'NONE', #8473, 1000.000000000000000 ) ;
#10653 = CARTESIAN_POINT ( 'NONE',  ( 209.8830000000000098, -4.565917999999999921, 0.000000000000000000 ) ) ;
#10654 = DIRECTION ( 'NONE',  ( -0.000000000000000000, -0.000000000000000000, -1.000000000000000000 ) ) ;
#10655 = CARTESIAN_POINT ( 'NONE',  ( 162.7429999999999950, 84.15269999999999584, 3.000000000000000000 ) ) ;
#10656 = CARTESIAN_POINT ( 'NONE',  ( 134.8369999999999891, 55.12149999999999750, 3.000000000000000000 ) ) ;
#10657 = EDGE_CURVE ( 'NONE', #8209, #5932, #7493, .T. ) ;
#10658 = DIRECTION ( 'NONE',  ( -0.000000000000000000, -0.000000000000000000, -1.000000000000000000 ) ) ;
#10659 = CARTESIAN_POINT ( 'NONE',  ( 33.57589999999999719, 7.722520000000000273, 0.000000000000000000 ) ) ;
#10660 = EDGE_CURVE ( 'NONE', #7872, #12522, #310, .T. ) ;
#10661 = VECTOR ( 'NONE', #9737, 1000.000000000000000 ) ;
#10662 = PLANE ( 'NONE',  #1352 ) ;
#10663 = ORIENTED_EDGE ( 'NONE', *, *, #10586, .F. ) ;
#10665 = ORIENTED_EDGE ( 'NONE', *, *, #189, .F. ) ;
#10664 = ORIENTED_EDGE ( 'NONE', *, *, #8056, .T. ) ;
#10666 = CIRCLE ( 'NONE', #2777, 1.250000000000001110 ) ;
#10667 = FACE_BOUND ( 'NONE', #8725, .T. ) ;
#10668 = ORIENTED_EDGE ( 'NONE', *, *, #11380, .F. ) ;
#10669 = CARTESIAN_POINT ( 'NONE',  ( 109.4879999999999995, 21.72200000000000131, 3.000000000000000000 ) ) ;
#10670 = VECTOR ( 'NONE', #6897, 1000.000000000000000 ) ;
#10671 = CARTESIAN_POINT ( 'NONE',  ( 97.86830000000000496, 97.92189999999999372, 0.000000000000000000 ) ) ;
#10672 = CARTESIAN_POINT ( 'NONE',  ( 33.57589999999999719, 7.722520000000000273, 3.000000000000000000 ) ) ;
#10673 = EDGE_CURVE ( 'NONE', #5791, #5260, #5417, .T. ) ;
#10674 = DIRECTION ( 'NONE',  ( -1.000000000000000000, -0.000000000000000000, -0.000000000000000000 ) ) ;
#10675 = VECTOR ( 'NONE', #239, 1000.000000000000000 ) ;
#10676 = DIRECTION ( 'NONE',  ( 1.000000000000000000, 0.000000000000000000, 0.000000000000000000 ) ) ;
#10678 = ORIENTED_EDGE ( 'NONE', *, *, #7780, .T. ) ;
#10677 = ORIENTED_EDGE ( 'NONE', *, *, #1522, .T. ) ;
#10679 = ORIENTED_EDGE ( 'NONE', *, *, #2202, .F. ) ;
#10680 = CARTESIAN_POINT ( 'NONE',  ( 141.5879999999999939, 50.52170000000000272, 0.000000000000000000 ) ) ;
#10681 = ORIENTED_EDGE ( 'NONE', *, *, #7446, .T. ) ;
#10682 = EDGE_CURVE ( 'NONE', #6396, #10378, #10761, .T. ) ;
#10683 = ORIENTED_EDGE ( 'NONE', *, *, #12547, .T. ) ;
#10684 = CARTESIAN_POINT ( 'NONE',  ( 143.9689999999999941, 93.22150000000000603, 3.000000000000000000 ) ) ;
#10685 = DIRECTION ( 'NONE',  ( -0.000000000000000000, -0.000000000000000000, -1.000000000000000000 ) ) ;
#10686 = VECTOR ( 'NONE', #9030, 1000.000000000000000 ) ;
#10687 = DIRECTION ( 'NONE',  ( -0.000000000000000000, -1.000000000000000000, -0.000000000000000000 ) ) ;
#10688 = DIRECTION ( 'NONE',  ( -0.000000000000000000, -0.000000000000000000, -1.000000000000000000 ) ) ;
#10689 = DIRECTION ( 'NONE',  ( 0.000000000000000000, 0.000000000000000000, -1.000000000000000000 ) ) ;
#10690 = EDGE_CURVE ( 'NONE', #667, #6832, #10372, .T. ) ;
#10691 = AXIS2_PLACEMENT_3D ( 'NONE', #10155, #10088, #5072 ) ;
#10692 = VERTEX_POINT ( 'NONE', #11233 ) ;
#10693 = ORIENTED_EDGE ( 'NONE', *, *, #2613, .T. ) ;
#10694 = CARTESIAN_POINT ( 'NONE',  ( 92.81900000000000261, 97.92189999999999372, 3.000000000000000000 ) ) ;
#10695 = ORIENTED_EDGE ( 'NONE', *, *, #218, .F. ) ;
#10696 = ORIENTED_EDGE ( 'NONE', *, *, #6795, .F. ) ;
#10697 = VERTEX_POINT ( 'NONE', #438 ) ;
#10698 = EDGE_CURVE ( 'NONE', #10840, #3324, #8414, .T. ) ;
#10699 = DIRECTION ( 'NONE',  ( -1.000000000000000000, 0.000000000000000000, 0.000000000000000000 ) ) ;
#10700 = CARTESIAN_POINT ( 'NONE',  ( 69.00650000000000261, 45.82269999999999754, 3.000000000000000000 ) ) ;
#10701 = VECTOR ( 'NONE', #1032, 1000.000000000000000 ) ;
#10702 = PLANE ( 'NONE',  #12754 ) ;
#10703 = LINE ( 'NONE', #3974, #2038 ) ;
#10704 = FACE_OUTER_BOUND ( 'NONE', #11994, .T. ) ;
#10705 = CARTESIAN_POINT ( 'NONE',  ( 54.12530000000000285, 7.952670000000000350, 3.000000000000000000 ) ) ;
#10706 = LINE ( 'NONE', #1827, #1806 ) ;
#10707 = VERTEX_POINT ( 'NONE', #7432 ) ;
#10708 = CARTESIAN_POINT ( 'NONE',  ( 45.48219999999999885, 26.77250000000000085, 0.000000000000000000 ) ) ;
#10709 = VECTOR ( 'NONE', #7712, 1000.000000000000000 ) ;
#10710 = ORIENTED_EDGE ( 'NONE', *, *, #12471, .F. ) ;
#10711 = ADVANCED_FACE ( 'NONE', ( #11415 ), #1919, .T. ) ;
#10712 = CIRCLE ( 'NONE', #5920, 1.250000000000001110 ) ;
#10713 = ORIENTED_EDGE ( 'NONE', *, *, #4927, .F. ) ;
#10714 = VERTEX_POINT ( 'NONE', #20 ) ;
#10715 = CARTESIAN_POINT ( 'NONE',  ( 88.34470000000000312, 64.87269999999999470, 0.000000000000000000 ) ) ;
#10716 = PLANE ( 'NONE',  #12077 ) ;
#10717 = DIRECTION ( 'NONE',  ( -1.000000000000000000, 0.000000000000000000, 0.000000000000000000 ) ) ;
#10718 = ORIENTED_EDGE ( 'NONE', *, *, #6773, .T. ) ;
#10719 = EDGE_CURVE ( 'NONE', #12007, #3442, #9955, .T. ) ;
#10720 = LINE ( 'NONE', #5832, #4000 ) ;
#10721 = LINE ( 'NONE', #10594, #7864 ) ;
#10722 = VECTOR ( 'NONE', #12472, 1000.000000000000000 ) ;
#10723 = LINE ( 'NONE', #4791, #11105 ) ;
#10724 = DIRECTION ( 'NONE',  ( -0.000000000000000000, -1.000000000000000000, -0.000000000000000000 ) ) ;
#10725 = CARTESIAN_POINT ( 'NONE',  ( 55.00719999999999743, 45.82269999999999754, 3.000000000000000000 ) ) ;
#10726 = LINE ( 'NONE', #4925, #12881 ) ;
#10727 = VECTOR ( 'NONE', #6798, 1000.000000000000000 ) ;
#10728 = CARTESIAN_POINT ( 'NONE',  ( 159.5449999999999875, 21.95950000000000557, -7.000000000000000000 ) ) ;
#10729 = ORIENTED_EDGE ( 'NONE', *, *, #7956, .F. ) ;
#10731 = ORIENTED_EDGE ( 'NONE', *, *, #12468, .F. ) ;
#10730 = PLANE ( 'NONE',  #1931 ) ;
#10732 = DIRECTION ( 'NONE',  ( -0.000000000000000000, -0.000000000000000000, -1.000000000000000000 ) ) ;
#10733 = ORIENTED_EDGE ( 'NONE', *, *, #1744, .F. ) ;
#10734 = DIRECTION ( 'NONE',  ( 1.000000000000000000, 0.000000000000000000, -0.000000000000000000 ) ) ;
#10735 = EDGE_CURVE ( 'NONE', #9922, #7347, #5614, .T. ) ;
#10736 = EDGE_CURVE ( 'NONE', #2589, #8507, #6521, .T. ) ;
#10737 = AXIS2_PLACEMENT_3D ( 'NONE', #425, #5216, #2399 ) ;
#10738 = LINE ( 'NONE', #807, #12018 ) ;
#10739 = CARTESIAN_POINT ( 'NONE',  ( 45.48219999999999885, 112.4980000000000047, 3.000000000000000000 ) ) ;
#10740 = DIRECTION ( 'NONE',  ( 1.000000000000000000, -0.000000000000000000, -0.000000000000000000 ) ) ;
#10741 = DIRECTION ( 'NONE',  ( -0.000000000000000000, -0.000000000000000000, 1.000000000000000000 ) ) ;
#10743 = ORIENTED_EDGE ( 'NONE', *, *, #1711, .T. ) ;
#10742 = VERTEX_POINT ( 'NONE', #2602 ) ;
#10744 = AXIS2_PLACEMENT_3D ( 'NONE', #8384, #8320, #9423 ) ;
#10745 = ORIENTED_EDGE ( 'NONE', *, *, #7139, .T. ) ;
#10746 = DIRECTION ( 'NONE',  ( -0.000000000000000000, -0.000000000000000000, -1.000000000000000000 ) ) ;
#10747 = ORIENTED_EDGE ( 'NONE', *, *, #6423, .T. ) ;
#10748 = EDGE_CURVE ( 'NONE', #3566, #12891, #12520, .T. ) ;
#10749 = VERTEX_POINT ( 'NONE', #811 ) ;
#10750 = PLANE ( 'NONE',  #11572 ) ;
#10751 = LINE ( 'NONE', #2982, #1271 ) ;
#10752 = PLANE ( 'NONE',  #4243 ) ;
#10753 = VECTOR ( 'NONE', #9156, 1000.000000000000000 ) ;
#10754 = DIRECTION ( 'NONE',  ( 1.000000000000000000, 2.218304324340536070E-17, 0.000000000000000000 ) ) ;
#10755 = CARTESIAN_POINT ( 'NONE',  ( 5.856929999999982428, 134.0210000000000150, 0.000000000000000000 ) ) ;
#10756 = ORIENTED_EDGE ( 'NONE', *, *, #11599, .F. ) ;
#10757 = VERTEX_POINT ( 'NONE', #9582 ) ;
#10758 = VECTOR ( 'NONE', #846, 1000.000000000000000 ) ;
#10759 = LINE ( 'NONE', #7621, #11151 ) ;
#10760 = VERTEX_POINT ( 'NONE', #3580 ) ;
#10761 = CIRCLE ( 'NONE', #3672, 1.250000000000001110 ) ;
#10762 = ORIENTED_EDGE ( 'NONE', *, *, #433, .F. ) ;
#10763 = ORIENTED_EDGE ( 'NONE', *, *, #1274, .F. ) ;
#10764 = EDGE_LOOP ( 'NONE', ( #3290, #4200, #5679, #11062 ) ) ;
#10765 = CARTESIAN_POINT ( 'NONE',  ( 32.05040000000000333, 12.42159999999999975, 3.000000000000000000 ) ) ;
#10766 = PLANE ( 'NONE',  #5103 ) ;
#10767 = EDGE_CURVE ( 'NONE', #1344, #8482, #5344, .T. ) ;
#10768 = CARTESIAN_POINT ( 'NONE',  ( 168.5929999999999893, 90.42260000000000275, 0.000000000000000000 ) ) ;
#10769 = AXIS2_PLACEMENT_3D ( 'NONE', #12699, #2780, #2913 ) ;
#10770 = AXIS2_PLACEMENT_3D ( 'NONE', #4207, #8117, #5002 ) ;
#10771 = EDGE_CURVE ( 'NONE', #10438, #3969, #9886, .T. ) ;
#10772 = DIRECTION ( 'NONE',  ( -0.000000000000000000, 0.000000000000000000, -1.000000000000000000 ) ) ;
#10773 = LINE ( 'NONE', #7763, #10959 ) ;
#10774 = CARTESIAN_POINT ( 'NONE',  ( 69.29470000000000596, 78.87189999999999657, 0.000000000000000000 ) ) ;
#10775 = EDGE_LOOP ( 'NONE', ( #2816, #6255, #9855, #5533 ) ) ;
#10776 = LINE ( 'NONE', #7833, #7392 ) ;
#10777 = ORIENTED_EDGE ( 'NONE', *, *, #12849, .T. ) ;
#10778 = ORIENTED_EDGE ( 'NONE', *, *, #2140, .F. ) ;
#10779 = VECTOR ( 'NONE', #11920, 1000.000000000000000 ) ;
#10780 = ORIENTED_EDGE ( 'NONE', *, *, #1137, .T. ) ;
#10781 = LINE ( 'NONE', #12602, #29 ) ;
#10782 = DIRECTION ( 'NONE',  ( -0.000000000000000000, -0.000000000000000000, -1.000000000000000000 ) ) ;
#10783 = VECTOR ( 'NONE', #5702, 1000.000000000000000 ) ;
#10784 = CARTESIAN_POINT ( 'NONE',  ( 4.356929999999991310, 110.4710000000000036, 3.000000000000000000 ) ) ;
#10785 = ORIENTED_EDGE ( 'NONE', *, *, #7659, .T. ) ;
#10786 = EDGE_CURVE ( 'NONE', #4809, #7884, #4567, .T. ) ;
#10787 = LINE ( 'NONE', #9800, #1063 ) ;
#10788 = LINE ( 'NONE', #5833, #4739 ) ;
#10789 = VECTOR ( 'NONE', #3812, 1000.000000000000000 ) ;
#10790 = LINE ( 'NONE', #6809, #12145 ) ;
#10791 = ADVANCED_FACE ( 'NONE', ( #10867 ), #5914, .T. ) ;
#10792 = CIRCLE ( 'NONE', #7871, 1.250000000000001110 ) ;
#10793 = CARTESIAN_POINT ( 'NONE',  ( 165.3880000000000052, 46.05270000000000152, 3.000000000000000000 ) ) ;
#10794 = CARTESIAN_POINT ( 'NONE',  ( 45.19400000000000261, 64.87269999999999470, 3.000000000000000000 ) ) ;
#10795 = CARTESIAN_POINT ( 'NONE',  ( 55.00719999999999743, 59.82189999999999941, 3.000000000000000000 ) ) ;
#10796 = AXIS2_PLACEMENT_3D ( 'NONE', #10163, #5079, #11211 ) ;
#10797 = LINE ( 'NONE', #9807, #935 ) ;
#10798 = ADVANCED_FACE ( 'NONE', ( #4808 ), #8974, .T. ) ;
#10799 = ORIENTED_EDGE ( 'NONE', *, *, #9809, .F. ) ;
#10801 = VERTEX_POINT ( 'NONE', #5006 ) ;
#10800 = EDGE_LOOP ( 'NONE', ( #7055, #2241, #2002, #8509 ) ) ;
#10802 = VECTOR ( 'NONE', #10724, 1000.000000000000000 ) ;
#10803 = CARTESIAN_POINT ( 'NONE',  ( 55.00719999999999743, 59.82189999999999941, 0.000000000000000000 ) ) ;
#10804 = ORIENTED_EDGE ( 'NONE', *, *, #11885, .T. ) ;
#10805 = EDGE_CURVE ( 'NONE', #11806, #10613, #1619, .T. ) ;
#10806 = DIRECTION ( 'NONE',  ( 0.000000000000000000, 0.000000000000000000, 1.000000000000000000 ) ) ;
#10807 = CARTESIAN_POINT ( 'NONE',  ( 140.4439999999999884, 78.87189999999999657, 3.000000000000000000 ) ) ;
#10808 = CARTESIAN_POINT ( 'NONE',  ( 102.6320000000000050, 126.4969999999999999, 3.000000000000000000 ) ) ;
#10809 = DIRECTION ( 'NONE',  ( -0.000000000000000000, -0.000000000000000000, -1.000000000000000000 ) ) ;
#10810 = VECTOR ( 'NONE', #3215, 1000.000000000000000 ) ;
#10811 = CARTESIAN_POINT ( 'NONE',  ( 188.3569999999999993, 78.87189999999999657, 3.000000000000000000 ) ) ;
#10812 = CARTESIAN_POINT ( 'NONE',  ( 141.5879999999999939, 55.12149999999999750, 3.000000000000000000 ) ) ;
#10814 = ORIENTED_EDGE ( 'NONE', *, *, #449, .F. ) ;
#10813 = ORIENTED_EDGE ( 'NONE', *, *, #5273, .F. ) ;
#10815 = ADVANCED_FACE ( 'NONE', ( #3960 ), #5977, .T. ) ;
#10816 = ORIENTED_EDGE ( 'NONE', *, *, #6586, .F. ) ;
#10817 = DIRECTION ( 'NONE',  ( -1.000000000000000000, 0.000000000000000000, 0.000000000000000000 ) ) ;
#10818 = ORIENTED_EDGE ( 'NONE', *, *, #3801, .F. ) ;
#10819 = ORIENTED_EDGE ( 'NONE', *, *, #8300, .T. ) ;
#10820 = DIRECTION ( 'NONE',  ( -1.000000000000000000, -0.000000000000000000, -0.000000000000000000 ) ) ;
#10821 = LINE ( 'NONE', #1803, #2528 ) ;
#10822 = CARTESIAN_POINT ( 'NONE',  ( 145.4930000000000234, 83.92270000000000607, 3.000000000000000000 ) ) ;
#10823 = PLANE ( 'NONE',  #12791 ) ;
#10824 = EDGE_CURVE ( 'NONE', #11236, #7857, #4022, .T. ) ;
#10825 = DIRECTION ( 'NONE',  ( 1.000000000000000000, 0.000000000000000000, 0.000000000000000000 ) ) ;
#10826 = ORIENTED_EDGE ( 'NONE', *, *, #9303, .T. ) ;
#10827 = ORIENTED_EDGE ( 'NONE', *, *, #11327, .T. ) ;
#10828 = LINE ( 'NONE', #8803, #6778 ) ;
#10829 = ORIENTED_EDGE ( 'NONE', *, *, #9824, .F. ) ;
#10830 = EDGE_LOOP ( 'NONE', ( #530, #1317, #5420, #1793 ) ) ;
#10831 = VERTEX_POINT ( 'NONE', #10812 ) ;
#10832 = LINE ( 'NONE', #9844, #2478 ) ;
#10833 = DIRECTION ( 'NONE',  ( 0.000000000000000000, 1.000000000000000000, 0.000000000000000000 ) ) ;
#10834 = LINE ( 'NONE', #9071, #4423 ) ;
#10835 = ADVANCED_FACE ( 'NONE', ( #1008 ), #9518, .T. ) ;
#10836 = CARTESIAN_POINT ( 'NONE',  ( 50.82469999999999999, 20.25169999999999959, 3.000000000000000000 ) ) ;
#10837 = FACE_OUTER_BOUND ( 'NONE', #159, .T. ) ;
#10838 = ORIENTED_EDGE ( 'NONE', *, *, #5381, .T. ) ;
#10839 = CARTESIAN_POINT ( 'NONE',  ( 142.8249999999999886, 26.77250000000000085, 3.000000000000000000 ) ) ;
#10840 = VERTEX_POINT ( 'NONE', #572 ) ;
#10841 = VERTEX_POINT ( 'NONE', #4874 ) ;
#10842 = ORIENTED_EDGE ( 'NONE', *, *, #8525, .T. ) ;
#10843 = CARTESIAN_POINT ( 'NONE',  ( 143.1119999999999948, 59.82189999999999941, 3.000000000000000000 ) ) ;
#10844 = PLANE ( 'NONE',  #2417 ) ;
#10845 = ADVANCED_FACE ( 'NONE', ( #8850 ), #3897, .T. ) ;
#10846 = CARTESIAN_POINT ( 'NONE',  ( 159.4939999999999998, 112.4980000000000047, 0.000000000000000000 ) ) ;
#10847 = ORIENTED_EDGE ( 'NONE', *, *, #11510, .T. ) ;
#10848 = DIRECTION ( 'NONE',  ( 1.000000000000000000, 0.000000000000000000, -0.000000000000000000 ) ) ;
#10849 = LINE ( 'NONE', #5112, #761 ) ;
#10850 = CARTESIAN_POINT ( 'NONE',  ( 59.48149999999999693, 126.4969999999999999, 3.000000000000000000 ) ) ;
#10851 = FACE_OUTER_BOUND ( 'NONE', #4284, .T. ) ;
#10852 = LINE ( 'NONE', #3678, #10165 ) ;
#10853 = EDGE_CURVE ( 'NONE', #1877, #7138, #1263, .T. ) ;
#10854 = DIRECTION ( 'NONE',  ( 0.000000000000000000, 0.000000000000000000, 1.000000000000000000 ) ) ;
#10855 = ORIENTED_EDGE ( 'NONE', *, *, #1086, .T. ) ;
#10857 = ORIENTED_EDGE ( 'NONE', *, *, #11514, .T. ) ;
#10856 = PLANE ( 'NONE',  #11727 ) ;
#10858 = ADVANCED_FACE ( 'NONE', ( #9233 ), #11061, .T. ) ;
#10859 = FACE_BOUND ( 'NONE', #11493, .T. ) ;
#10860 = ORIENTED_EDGE ( 'NONE', *, *, #11213, .F. ) ;
#10861 = LINE ( 'NONE', #1913, #4746 ) ;
#10862 = LINE ( 'NONE', #6169, #12862 ) ;
#10863 = LINE ( 'NONE', #10994, #4254 ) ;
#10864 = LINE ( 'NONE', #2846, #3092 ) ;
#10865 = VECTOR ( 'NONE', #3450, 1000.000000000000000 ) ;
#10866 = CYLINDRICAL_SURFACE ( 'NONE', #4312, 1.250000000000001110 ) ;
#10867 = FACE_OUTER_BOUND ( 'NONE', #12921, .T. ) ;
#10869 = ORIENTED_EDGE ( 'NONE', *, *, #2110, .T. ) ;
#10868 = VERTEX_POINT ( 'NONE', #12237 ) ;
#10870 = EDGE_LOOP ( 'NONE', ( #2191, #4091 ) ) ;
#10871 = CARTESIAN_POINT ( 'NONE',  ( 145.4930000000000234, 83.92270000000000607, 0.000000000000000000 ) ) ;
#10872 = ORIENTED_EDGE ( 'NONE', *, *, #3669, .T. ) ;
#10873 = EDGE_CURVE ( 'NONE', #6730, #10617, #7082, .T. ) ;
#10874 = ORIENTED_EDGE ( 'NONE', *, *, #4020, .T. ) ;
#10875 = VECTOR ( 'NONE', #11064, 1000.000000000000000 ) ;
#10876 = CARTESIAN_POINT ( 'NONE',  ( 27.02609999999999957, 6.972859999999999836, 3.000000000000000000 ) ) ;
#10877 = DIRECTION ( 'NONE',  ( 1.000000000000000000, -0.000000000000000000, -0.000000000000000000 ) ) ;
#10878 = LINE ( 'NONE', #755, #681 ) ;
#10879 = ADVANCED_FACE ( 'NONE', ( #7281 ), #8057, .T. ) ;
#10880 = VECTOR ( 'NONE', #6981, 1000.000000000000000 ) ;
#10881 = FACE_OUTER_BOUND ( 'NONE', #5037, .T. ) ;
#10882 = DIRECTION ( 'NONE',  ( -1.000000000000000000, 0.000000000000000000, 0.000000000000000000 ) ) ;
#10883 = ORIENTED_EDGE ( 'NONE', *, *, #1865, .T. ) ;
#10884 = VERTEX_POINT ( 'NONE', #9107 ) ;
#10885 = CARTESIAN_POINT ( 'NONE',  ( 109.4879999999999995, 7.722520000000000273, 3.000000000000000000 ) ) ;
#10886 = VERTEX_POINT ( 'NONE', #11259 ) ;
#10887 = ORIENTED_EDGE ( 'NONE', *, *, #6953, .F. ) ;
#10888 = EDGE_LOOP ( 'NONE', ( #2524, #8952, #8273, #4652 ) ) ;
#10889 = CARTESIAN_POINT ( 'NONE',  ( 96.60692999999997710, 131.5209999999999866, 0.000000000000000000 ) ) ;
#10890 = LINE ( 'NONE', #1947, #6695 ) ;
#10891 = EDGE_CURVE ( 'NONE', #6377, #9777, #152, .T. ) ;
#10892 = CARTESIAN_POINT ( 'NONE',  ( 7.382159999999999833, 112.4980000000000047, 3.000000000000000000 ) ) ;
#10893 = EDGE_CURVE ( 'NONE', #2383, #9108, #11972, .T. ) ;
#10894 = EDGE_CURVE ( 'NONE', #4104, #1678, #7989, .T. ) ;
#10895 = AXIS2_PLACEMENT_3D ( 'NONE', #11635, #2699, #8631 ) ;
#10896 = DIRECTION ( 'NONE',  ( -1.000000000000000000, 0.000000000000000000, 0.000000000000000000 ) ) ;
#10897 = PLANE ( 'NONE',  #1790 ) ;
#10898 = EDGE_LOOP ( 'NONE', ( #9685, #554, #10473, #3261, #6805, #299, #478, #8838, #1010, #8956, #6315, #4558, #10953, #2462, #629, #12607, #8687, #6913, #5905, #12734, #8082, #12382, #1169, #3637, #4911, #577, #9601, #11705, #7658, #11588, #7544, #2349, #8099, #4965, #3598, #2454, #8706, #3060, #12188, #12671, #8820, #7768, #12241, #6242 ) ) ;
#10899 = CARTESIAN_POINT ( 'NONE',  ( 19.38192999999999699, 102.9218999999999937, 3.000000000000000000 ) ) ;
#10900 = VERTEX_POINT ( 'NONE', #4150 ) ;
#10901 = VERTEX_POINT ( 'NONE', #2186 ) ;
#10902 = EDGE_LOOP ( 'NONE', ( #11934, #7511, #10172, #7153 ) ) ;
#10903 = LINE ( 'NONE', #10843, #5254 ) ;
#10904 = VECTOR ( 'NONE', #7685, 1000.000000000000000 ) ;
#10905 = DIRECTION ( 'NONE',  ( 0.000000000000000000, -0.000000000000000000, -1.000000000000000000 ) ) ;
#10906 = EDGE_CURVE ( 'NONE', #1460, #11659, #3036, .T. ) ;
#10907 = EDGE_CURVE ( 'NONE', #11053, #6421, #4213, .T. ) ;
#10908 = CARTESIAN_POINT ( 'NONE',  ( 45.48219999999999885, 126.4969999999999999, 3.000000000000000000 ) ) ;
#10909 = ORIENTED_EDGE ( 'NONE', *, *, #4861, .F. ) ;
#10910 = CARTESIAN_POINT ( 'NONE',  ( 14.88192999999999699, 43.29100000000002524, 0.000000000000000000 ) ) ;
#10911 = CARTESIAN_POINT ( 'NONE',  ( 83.29399999999999693, 64.87269999999999470, 3.000000000000000000 ) ) ;
#10912 = CARTESIAN_POINT ( 'NONE',  ( 30.32509999999999906, 6.972859999999999836, 3.000000000000000000 ) ) ;
#10913 = LINE ( 'NONE', #5962, #10127 ) ;
#10914 = CARTESIAN_POINT ( 'NONE',  ( 107.3819299999999828, -2.065918000000003474, 0.000000000000000000 ) ) ;
#10915 = VECTOR ( 'NONE', #8198, 1000.000000000000000 ) ;
#10916 = ADVANCED_FACE ( 'NONE', ( #12101 ), #7017, .T. ) ;
#10917 = DIRECTION ( 'NONE',  ( 1.000000000000000000, -0.000000000000000000, -0.000000000000000000 ) ) ;
#10918 = EDGE_LOOP ( 'NONE', ( #6145, #2676 ) ) ;
#10920 = VERTEX_POINT ( 'NONE', #10079 ) ;
#10919 = CARTESIAN_POINT ( 'NONE',  ( 50.82469999999999999, 21.17220000000000368, 3.000000000000000000 ) ) ;
#10921 = FACE_BOUND ( 'NONE', #3413, .T. ) ;
#10922 = ORIENTED_EDGE ( 'NONE', *, *, #10060, .T. ) ;
#10923 = AXIS2_PLACEMENT_3D ( 'NONE', #595, #7840, #10590 ) ;
#10924 = EDGE_CURVE ( 'NONE', #1364, #664, #10998, .T. ) ;
#10925 = PLANE ( 'NONE',  #10770 ) ;
#10926 = DIRECTION ( 'NONE',  ( -0.000000000000000000, -1.000000000000000000, -0.000000000000000000 ) ) ;
#10927 = DIRECTION ( 'NONE',  ( 0.000000000000000000, 0.000000000000000000, -1.000000000000000000 ) ) ;
#10928 = VECTOR ( 'NONE', #12583, 1000.000000000000000 ) ;
#10929 = CARTESIAN_POINT ( 'NONE',  ( 158.6370000000000005, 46.05270000000000152, 0.000000000000000000 ) ) ;
#10930 = EDGE_CURVE ( 'NONE', #12277, #3058, #2056, .T. ) ;
#10931 = DIRECTION ( 'NONE',  ( -0.000000000000000000, 0.000000000000000000, -1.000000000000000000 ) ) ;
#10933 = ORIENTED_EDGE ( 'NONE', *, *, #9450, .T. ) ;
#10932 = ORIENTED_EDGE ( 'NONE', *, *, #9682, .F. ) ;
#10934 = VERTEX_POINT ( 'NONE', #8122 ) ;
#10935 = DIRECTION ( 'NONE',  ( -0.000000000000000000, 1.000000000000000000, -0.000000000000000000 ) ) ;
#10936 = ORIENTED_EDGE ( 'NONE', *, *, #11054, .T. ) ;
#10937 = DIRECTION ( 'NONE',  ( 0.000000000000000000, 1.000000000000000000, -0.000000000000000000 ) ) ;
#10938 = VECTOR ( 'NONE', #5616, 1000.000000000000000 ) ;
#10939 = ORIENTED_EDGE ( 'NONE', *, *, #7831, .T. ) ;
#10940 = DIRECTION ( 'NONE',  ( 0.000000000000000000, -1.000000000000000000, 0.000000000000000000 ) ) ;
#10941 = DIRECTION ( 'NONE',  ( -1.000000000000000000, 0.000000000000000000, 0.000000000000000000 ) ) ;
#10942 = CARTESIAN_POINT ( 'NONE',  ( 139.8630000000000280, 46.05270000000000152, 3.000000000000000000 ) ) ;
#10943 = CARTESIAN_POINT ( 'NONE',  ( 25.30079999999999885, 7.952670000000000350, 3.000000000000000000 ) ) ;
#10944 = ADVANCED_FACE ( 'NONE', ( #9042 ), #85, .T. ) ;
#10945 = LINE ( 'NONE', #166, #5176 ) ;
#10946 = EDGE_CURVE ( 'NONE', #8257, #1142, #5130, .T. ) ;
#10947 = CARTESIAN_POINT ( 'NONE',  ( 14.38192999999999699, 24.24100000000002453, 3.000000000000000000 ) ) ;
#10948 = AXIS2_PLACEMENT_3D ( 'NONE', #210, #9295, #5257 ) ;
#10949 = ORIENTED_EDGE ( 'NONE', *, *, #162, .F. ) ;
#10950 = ORIENTED_EDGE ( 'NONE', *, *, #4607, .T. ) ;
#10951 = DIRECTION ( 'NONE',  ( -1.000000000000000000, -0.000000000000000000, -0.000000000000000000 ) ) ;
#10952 = AXIS2_PLACEMENT_3D ( 'NONE', #10684, #5732, #10620 ) ;
#10953 = ORIENTED_EDGE ( 'NONE', *, *, #9523, .T. ) ;
#10954 = EDGE_CURVE ( 'NONE', #7569, #12841, #1202, .T. ) ;
#10955 = ORIENTED_EDGE ( 'NONE', *, *, #5294, .F. ) ;
#10956 = ORIENTED_EDGE ( 'NONE', *, *, #9290, .F. ) ;
#10957 = ADVANCED_FACE ( 'NONE', ( #9171 ), #12169, .T. ) ;
#10958 = FACE_OUTER_BOUND ( 'NONE', #349, .T. ) ;
#10959 = VECTOR ( 'NONE', #4581, 1000.000000000000000 ) ;
#10960 = CARTESIAN_POINT ( 'NONE',  ( 189.1069299999999771, 131.5209999999999866, 3.000000000000000000 ) ) ;
#10961 = ADVANCED_FACE ( 'NONE', ( #5585 ), #2509, .T. ) ;
#10962 = LINE ( 'NONE', #2011, #2988 ) ;
#10963 = DIRECTION ( 'NONE',  ( -0.000000000000000000, 1.000000000000000000, -0.000000000000000000 ) ) ;
#10964 = CARTESIAN_POINT ( 'NONE',  ( 134.8369999999999891, 55.12149999999999750, 3.000000000000000000 ) ) ;
#10965 = VECTOR ( 'NONE', #7930, 1000.000000000000000 ) ;
#10966 = CARTESIAN_POINT ( 'NONE',  ( 160.3619999999999948, 59.27230000000000132, 3.000000000000000000 ) ) ;
#10967 = ORIENTED_EDGE ( 'NONE', *, *, #1239, .F. ) ;
#10968 = LINE ( 'NONE', #9990, #2390 ) ;
#10969 = EDGE_LOOP ( 'NONE', ( #140, #6952, #10683, #3229 ) ) ;
#10970 = ORIENTED_EDGE ( 'NONE', *, *, #3227, .F. ) ;
#10971 = ORIENTED_EDGE ( 'NONE', *, *, #339, .T. ) ;
#10972 = EDGE_CURVE ( 'NONE', #5153, #2060, #2381, .T. ) ;
#10973 = EDGE_CURVE ( 'NONE', #10020, #3325, #2447, .T. ) ;
#10974 = DIRECTION ( 'NONE',  ( -1.000000000000000000, 0.000000000000000000, 0.000000000000000000 ) ) ;
#10975 = DIRECTION ( 'NONE',  ( 0.000000000000000000, -0.000000000000000000, -1.000000000000000000 ) ) ;
#10976 = ORIENTED_EDGE ( 'NONE', *, *, #3378, .T. ) ;
#10977 = CARTESIAN_POINT ( 'NONE',  ( 163.6630000000000109, 46.05270000000000152, 0.000000000000000000 ) ) ;
#10978 = VECTOR ( 'NONE', #5126, 1000.000000000000000 ) ;
#10979 = DIRECTION ( 'NONE',  ( -1.000000000000000000, 0.000000000000000000, 0.000000000000000000 ) ) ;
#10980 = CARTESIAN_POINT ( 'NONE',  ( 178.5440000000000111, 36.00939999999999941, 3.000000000000000000 ) ) ;
#10981 = LINE ( 'NONE', #10064, #9088 ) ;
#10982 = CARTESIAN_POINT ( 'NONE',  ( 33.57589999999999719, 21.72200000000000131, 3.000000000000000000 ) ) ;
#10983 = ADVANCED_FACE ( 'NONE', ( #10469 ), #4410, .T. ) ;
#10984 = CARTESIAN_POINT ( 'NONE',  ( 50.82469999999999999, 6.972859999999999836, 0.000000000000000000 ) ) ;
#10985 = ORIENTED_EDGE ( 'NONE', *, *, #8195, .F. ) ;
#10986 = VECTOR ( 'NONE', #12165, 1000.000000000000000 ) ;
#10988 = VERTEX_POINT ( 'NONE', #11571 ) ;
#10987 = CARTESIAN_POINT ( 'NONE',  ( 157.1129999999999995, 50.52170000000000272, 3.000000000000000000 ) ) ;
#10989 = FACE_BOUND ( 'NONE', #10764, .T. ) ;
#10990 = ORIENTED_EDGE ( 'NONE', *, *, #11471, .T. ) ;
#10991 = AXIS2_PLACEMENT_3D ( 'NONE', #4891, #12056, #10882 ) ;
#10992 = VECTOR ( 'NONE', #1333, 1000.000000000000000 ) ;
#10993 = DIRECTION ( 'NONE',  ( -0.000000000000000000, -0.000000000000000000, -1.000000000000000000 ) ) ;
#10994 = CARTESIAN_POINT ( 'NONE',  ( 69.00650000000000261, 45.82269999999999754, 0.000000000000000000 ) ) ;
#10995 = VECTOR ( 'NONE', #6252, 1000.000000000000000 ) ;
#10996 = DIRECTION ( 'NONE',  ( 0.000000000000000000, -0.000000000000000000, -1.000000000000000000 ) ) ;
#10997 = DIRECTION ( 'NONE',  ( -0.000000000000000000, -1.000000000000000000, -0.000000000000000000 ) ) ;
#10998 = LINE ( 'NONE', #275, #4287 ) ;
#10999 = AXIS2_PLACEMENT_3D ( 'NONE', #5835, #3747, #4596 ) ;
#11000 = ORIENTED_EDGE ( 'NONE', *, *, #9590, .T. ) ;
#11001 = EDGE_LOOP ( 'NONE', ( #1268, #3853, #3920, #1988 ) ) ;
#11002 = DIRECTION ( 'NONE',  ( -0.000000000000000000, -0.000000000000000000, -1.000000000000000000 ) ) ;
#11003 = ORIENTED_EDGE ( 'NONE', *, *, #10946, .T. ) ;
#11004 = AXIS2_PLACEMENT_3D ( 'NONE', #11145, #5268, #9056 ) ;
#11005 = DIRECTION ( 'NONE',  ( 0.000000000000000000, 0.000000000000000000, 1.000000000000000000 ) ) ;
#11006 = ORIENTED_EDGE ( 'NONE', *, *, #7047, .T. ) ;
#11007 = DIRECTION ( 'NONE',  ( -1.000000000000000000, -0.000000000000000000, -0.000000000000000000 ) ) ;
#11008 = EDGE_CURVE ( 'NONE', #9780, #8442, #1150, .T. ) ;
#11009 = LINE ( 'NONE', #5860, #6909 ) ;
#11010 = DIRECTION ( 'NONE',  ( 1.000000000000000000, 0.000000000000000000, -0.000000000000000000 ) ) ;
#11011 = VECTOR ( 'NONE', #2742, 1000.000000000000000 ) ;
#11012 = LINE ( 'NONE', #7029, #10257 ) ;
#11013 = CARTESIAN_POINT ( 'NONE',  ( 40.43149999999999977, 40.77190000000000225, 3.000000000000000000 ) ) ;
#11014 = CARTESIAN_POINT ( 'NONE',  ( 121.6820000000000022, 112.4980000000000047, 3.000000000000000000 ) ) ;
#11016 = EDGE_LOOP ( 'NONE', ( #781, #9429, #5271, #9192 ) ) ;
#11015 = DIRECTION ( 'NONE',  ( -0.000000000000000000, -0.000000000000000000, 1.000000000000000000 ) ) ;
#11017 = ORIENTED_EDGE ( 'NONE', *, *, #990, .T. ) ;
#11018 = ADVANCED_FACE ( 'NONE', ( #3615 ), #10408, .T. ) ;
#11019 = CARTESIAN_POINT ( 'NONE',  ( 89.42529999999999291, 14.24100000000001920, -7.000000000000000000 ) ) ;
#11020 = VECTOR ( 'NONE', #5227, 1000.000000000000000 ) ;
#11021 = ORIENTED_EDGE ( 'NONE', *, *, #5142, .F. ) ;
#11022 = EDGE_LOOP ( 'NONE', ( #2587, #7040, #5525, #244 ) ) ;
#11023 = VECTOR ( 'NONE', #4304, 1000.000000000000000 ) ;
#11024 = ORIENTED_EDGE ( 'NONE', *, *, #8237, .F. ) ;
#11025 = CARTESIAN_POINT ( 'NONE',  ( 142.8249999999999886, 26.77250000000000085, 0.000000000000000000 ) ) ;
#11026 = CARTESIAN_POINT ( 'NONE',  ( 163.6630000000000109, 59.27230000000000132, 3.000000000000000000 ) ) ;
#11027 = LINE ( 'NONE', #9256, #6746 ) ;
#11028 = LINE ( 'NONE', #3000, #1099 ) ;
#11029 = DIRECTION ( 'NONE',  ( 0.000000000000000000, 1.000000000000000000, -0.000000000000000000 ) ) ;
#11030 = CARTESIAN_POINT ( 'NONE',  ( 30.90660000000000451, 59.82189999999999941, 3.000000000000000000 ) ) ;
#11031 = FACE_OUTER_BOUND ( 'NONE', #7706, .T. ) ;
#11032 = VERTEX_POINT ( 'NONE', #2637 ) ;
#11033 = DIRECTION ( 'NONE',  ( -0.000000000000000000, -0.000000000000000000, 1.000000000000000000 ) ) ;
#11034 = VECTOR ( 'NONE', #10782, 1000.000000000000000 ) ;
#11035 = ORIENTED_EDGE ( 'NONE', *, *, #4251, .T. ) ;
#11036 = ORIENTED_EDGE ( 'NONE', *, *, #7079, .T. ) ;
#11037 = ORIENTED_EDGE ( 'NONE', *, *, #9183, .T. ) ;
#11038 = CARTESIAN_POINT ( 'NONE',  ( 26.43220000000000169, 126.4969999999999999, 3.000000000000000000 ) ) ;
#11039 = EDGE_CURVE ( 'NONE', #10760, #9700, #6492, .T. ) ;
#11040 = FACE_OUTER_BOUND ( 'NONE', #300, .T. ) ;
#11041 = PLANE ( 'NONE',  #6501 ) ;
#11042 = FACE_OUTER_BOUND ( 'NONE', #3918, .T. ) ;
#11043 = EDGE_CURVE ( 'NONE', #6525, #9780, #604, .T. ) ;
#11044 = EDGE_CURVE ( 'NONE', #9632, #4493, #1457, .T. ) ;
#11045 = LINE ( 'NONE', #4133, #12901 ) ;
#11046 = CARTESIAN_POINT ( 'NONE',  ( 166.0440000000000111, 96.45159999999999911, 0.000000000000000000 ) ) ;
#11047 = CARTESIAN_POINT ( 'NONE',  ( 49.95649999999999835, 59.82189999999999941, 3.000000000000000000 ) ) ;
#11048 = CARTESIAN_POINT ( 'NONE',  ( 206.1330000000000098, 35.43408199999999653, 0.000000000000000000 ) ) ;
#11049 = ORIENTED_EDGE ( 'NONE', *, *, #11767, .T. ) ;
#11051 = ORIENTED_EDGE ( 'NONE', *, *, #8285, .F. ) ;
#11050 = CARTESIAN_POINT ( 'NONE',  ( 21.38169999999999860, 126.4969999999999999, 3.000000000000000000 ) ) ;
#11052 = DIRECTION ( 'NONE',  ( -0.000000000000000000, -0.000000000000000000, -1.000000000000000000 ) ) ;
#11053 = VERTEX_POINT ( 'NONE', #6623 ) ;
#11054 = EDGE_CURVE ( 'NONE', #7187, #7359, #10601, .T. ) ;
#11055 = FACE_OUTER_BOUND ( 'NONE', #5229, .T. ) ;
#11056 = CARTESIAN_POINT ( 'NONE',  ( 143.1119999999999948, 59.82189999999999941, 0.000000000000000000 ) ) ;
#11057 = EDGE_CURVE ( 'NONE', #3635, #3206, #12431, .T. ) ;
#11058 = LINE ( 'NONE', #1261, #5599 ) ;
#11059 = AXIS2_PLACEMENT_3D ( 'NONE', #12605, #10589, #1835 ) ;
#11060 = DIRECTION ( 'NONE',  ( 0.000000000000000000, -0.000000000000000000, -1.000000000000000000 ) ) ;
#11061 = CYLINDRICAL_SURFACE ( 'NONE', #11788, 1.000000000000000888 ) ;
#11062 = ORIENTED_EDGE ( 'NONE', *, *, #873, .T. ) ;
#11063 = ORIENTED_EDGE ( 'NONE', *, *, #11908, .F. ) ;
#11064 = DIRECTION ( 'NONE',  ( -0.000000000000000000, -0.000000000000000000, -1.000000000000000000 ) ) ;
#11065 = EDGE_LOOP ( 'NONE', ( #216, #10950, #615, #4908 ) ) ;
#11066 = CARTESIAN_POINT ( 'NONE',  ( 136.5620000000000118, 59.27230000000000132, 3.000000000000000000 ) ) ;
#11067 = ORIENTED_EDGE ( 'NONE', *, *, #2763, .T. ) ;
#11068 = DIRECTION ( 'NONE',  ( 0.000000000000000000, 1.000000000000000000, 0.000000000000000000 ) ) ;
#11069 = EDGE_CURVE ( 'NONE', #3902, #12538, #1391, .T. ) ;
#11070 = PLANE ( 'NONE',  #5666 ) ;
#11071 = VECTOR ( 'NONE', #6005, 1000.000000000000000 ) ;
#11072 = PLANE ( 'NONE',  #3061 ) ;
#11073 = DIRECTION ( 'NONE',  ( 0.000000000000000000, 0.000000000000000000, 1.000000000000000000 ) ) ;
#11074 = DIRECTION ( 'NONE',  ( -0.000000000000000000, -0.000000000000000000, -1.000000000000000000 ) ) ;
#11075 = FACE_OUTER_BOUND ( 'NONE', #5569, .T. ) ;
#11077 = ORIENTED_EDGE ( 'NONE', *, *, #4519, .F. ) ;
#11076 = CARTESIAN_POINT ( 'NONE',  ( 142.8249999999999886, 40.77190000000000225, 3.000000000000000000 ) ) ;
#11078 = ADVANCED_FACE ( 'NONE', ( #539 ), #11321, .T. ) ;
#11079 = CIRCLE ( 'NONE', #5457, 1.250000000000001110 ) ;
#11080 = ORIENTED_EDGE ( 'NONE', *, *, #12704, .F. ) ;
#11081 = VECTOR ( 'NONE', #9930, 1000.000000000000000 ) ;
#11082 = LINE ( 'NONE', #10103, #1141 ) ;
#11083 = ORIENTED_EDGE ( 'NONE', *, *, #12393, .T. ) ;
#11084 = VERTEX_POINT ( 'NONE', #4474 ) ;
#11085 = ORIENTED_EDGE ( 'NONE', *, *, #6277, .T. ) ;
#11086 = DIRECTION ( 'NONE',  ( -0.000000000000000000, 1.000000000000000000, -0.000000000000000000 ) ) ;
#11087 = VECTOR ( 'NONE', #1351, 1000.000000000000000 ) ;
#11088 = DIRECTION ( 'NONE',  ( -1.000000000000000000, 0.000000000000000000, 0.000000000000000000 ) ) ;
#11089 = DIRECTION ( 'NONE',  ( -0.000000000000000000, 1.000000000000000000, -0.000000000000000000 ) ) ;
#11090 = DIRECTION ( 'NONE',  ( 0.000000000000000000, 1.000000000000000000, 0.000000000000000000 ) ) ;
#11091 = VECTOR ( 'NONE', #2920, 1000.000000000000000 ) ;
#11092 = EDGE_CURVE ( 'NONE', #5885, #5743, #3552, .T. ) ;
#11093 = FACE_OUTER_BOUND ( 'NONE', #4060, .T. ) ;
#11094 = CARTESIAN_POINT ( 'NONE',  ( 141.5879999999999939, 46.05270000000000152, 0.000000000000000000 ) ) ;
#11095 = VECTOR ( 'NONE', #4956, 1000.000000000000000 ) ;
#11096 = DIRECTION ( 'NONE',  ( 0.000000000000000000, -0.000000000000000000, -1.000000000000000000 ) ) ;
#11097 = EDGE_CURVE ( 'NONE', #9301, #1223, #7470, .T. ) ;
#11098 = VERTEX_POINT ( 'NONE', #8516 ) ;
#11099 = DIRECTION ( 'NONE',  ( 1.000000000000000000, 0.000000000000000000, 0.000000000000000000 ) ) ;
#11100 = ORIENTED_EDGE ( 'NONE', *, *, #37, .T. ) ;
#11101 = VERTEX_POINT ( 'NONE', #12498 ) ;
#11102 = ORIENTED_EDGE ( 'NONE', *, *, #12660, .T. ) ;
#11103 = DIRECTION ( 'NONE',  ( 0.000000000000000000, 1.000000000000000000, -0.000000000000000000 ) ) ;
#11104 = DIRECTION ( 'NONE',  ( 0.000000000000000000, -0.000000000000000000, -1.000000000000000000 ) ) ;
#11105 = VECTOR ( 'NONE', #4178, 1000.000000000000000 ) ;
#11106 = CARTESIAN_POINT ( 'NONE',  ( 160.3619999999999948, 58.35159999999999769, 3.000000000000000000 ) ) ;
#11107 = FACE_OUTER_BOUND ( 'NONE', #3129, .T. ) ;
#11108 = ADVANCED_FACE ( 'NONE', ( #7527 ), #10533, .T. ) ;
#11109 = DIRECTION ( 'NONE',  ( -1.000000000000000000, -0.000000000000000000, -0.000000000000000000 ) ) ;
#11110 = ADVANCED_FACE ( 'NONE', ( #5899 ), #10662, .T. ) ;
#11111 = LINE ( 'NONE', #7001, #7415 ) ;
#11112 = CARTESIAN_POINT ( 'NONE',  ( 50.82469999999999999, 7.952670000000000350, 0.000000000000000000 ) ) ;
#11113 = CARTESIAN_POINT ( 'NONE',  ( 159.5449999999999875, 21.95950000000000557, 3.000000000000000000 ) ) ;
#11114 = AXIS2_PLACEMENT_3D ( 'NONE', #6516, #8474, #3517 ) ;
#11115 = EDGE_LOOP ( 'NONE', ( #7202, #10022, #12834, #906 ) ) ;
#11116 = VECTOR ( 'NONE', #9272, 1000.000000000000000 ) ;
#11118 = ORIENTED_EDGE ( 'NONE', *, *, #6484, .F. ) ;
#11117 = PLANE ( 'NONE',  #2562 ) ;
#11119 = EDGE_CURVE ( 'NONE', #4042, #4745, #2704, .T. ) ;
#11120 = FACE_BOUND ( 'NONE', #11478, .T. ) ;
#11121 = VERTEX_POINT ( 'NONE', #3948 ) ;
#11122 = ADVANCED_FACE ( 'NONE', ( #8705 ), #7720, .T. ) ;
#11123 = EDGE_CURVE ( 'NONE', #10868, #3526, #11640, .T. ) ;
#11124 = CARTESIAN_POINT ( 'NONE',  ( 141.5879999999999939, 58.35159999999999769, 3.000000000000000000 ) ) ;
#11125 = AXIS2_PLACEMENT_3D ( 'NONE', #3842, #5017, #6846 ) ;
#11126 = DIRECTION ( 'NONE',  ( 0.000000000000000000, 0.000000000000000000, 1.000000000000000000 ) ) ;
#11127 = FACE_OUTER_BOUND ( 'NONE', #6176, .T. ) ;
#11128 = PLANE ( 'NONE',  #343 ) ;
#11129 = DIRECTION ( 'NONE',  ( -0.000000000000000000, -0.000000000000000000, -1.000000000000000000 ) ) ;
#11130 = VERTEX_POINT ( 'NONE', #5708 ) ;
#11131 = AXIS2_PLACEMENT_3D ( 'NONE', #3466, #7376, #3209 ) ;
#11132 = ORIENTED_EDGE ( 'NONE', *, *, #5117, .T. ) ;
#11133 = DIRECTION ( 'NONE',  ( -0.000000000000000000, 1.000000000000000000, -0.000000000000000000 ) ) ;
#11134 = VECTOR ( 'NONE', #1961, 1000.000000000000000 ) ;
#11135 = ORIENTED_EDGE ( 'NONE', *, *, #627, .T. ) ;
#11136 = EDGE_CURVE ( 'NONE', #2321, #12402, #7657, .T. ) ;
#11138 = EDGE_CURVE ( 'NONE', #11053, #6730, #5773, .T. ) ;
#11137 = CARTESIAN_POINT ( 'NONE',  ( 35.95720000000000027, 45.82269999999999754, 0.000000000000000000 ) ) ;
#11139 = ORIENTED_EDGE ( 'NONE', *, *, #6889, .T. ) ;
#11140 = CARTESIAN_POINT ( 'NONE',  ( 209.8830000000000098, -3.565917999999999477, 3.000000000000000000 ) ) ;
#11141 = CARTESIAN_POINT ( 'NONE',  ( 143.9689999999999941, 93.22150000000000603, 3.000000000000000000 ) ) ;
#11142 = VECTOR ( 'NONE', #3410, 1000.000000000000000 ) ;
#11143 = DIRECTION ( 'NONE',  ( 0.000000000000000000, 1.000000000000000000, 0.000000000000000000 ) ) ;
#11144 = LINE ( 'NONE', #6441, #12578 ) ;
#11145 = CARTESIAN_POINT ( 'NONE',  ( 93.10720000000000596, 45.82269999999999754, 3.000000000000000000 ) ) ;
#11146 = VECTOR ( 'NONE', #3132, 1000.000000000000000 ) ;
#11147 = CARTESIAN_POINT ( 'NONE',  ( 165.3880000000000052, 55.12149999999999750, 3.000000000000000000 ) ) ;
#11149 = EDGE_LOOP ( 'NONE', ( #60, #3496, #9783, #8818 ) ) ;
#11148 = DIRECTION ( 'NONE',  ( 0.000000000000000000, 0.000000000000000000, 1.000000000000000000 ) ) ;
#11150 = EDGE_CURVE ( 'NONE', #1748, #4718, #9747, .T. ) ;
#11151 = VECTOR ( 'NONE', #6654, 1000.000000000000000 ) ;
#11152 = VERTEX_POINT ( 'NONE', #3883 ) ;
#11153 = LINE ( 'NONE', #1088, #11162 ) ;
#11154 = ORIENTED_EDGE ( 'NONE', *, *, #306, .T. ) ;
#11155 = ORIENTED_EDGE ( 'NONE', *, *, #7822, .F. ) ;
#11156 = ORIENTED_EDGE ( 'NONE', *, *, #2389, .T. ) ;
#11157 = LINE ( 'NONE', #1416, #6443 ) ;
#11158 = DIRECTION ( 'NONE',  ( -0.000000000000000000, -0.000000000000000000, -1.000000000000000000 ) ) ;
#11159 = DIRECTION ( 'NONE',  ( 1.000000000000000000, 0.000000000000000000, -0.000000000000000000 ) ) ;
#11160 = DIRECTION ( 'NONE',  ( -0.000000000000000000, -0.000000000000000000, -1.000000000000000000 ) ) ;
#11161 = PRODUCT_RELATED_PRODUCT_CATEGORY ( 'part', '', ( #7015 ) ) ;
#11162 = VECTOR ( 'NONE', #9064, 1000.000000000000000 ) ;
#11163 = CARTESIAN_POINT ( 'NONE',  ( 142.2439999999999998, 96.45159999999999911, 0.000000000000000000 ) ) ;
#11164 = DIRECTION ( 'NONE',  ( 1.000000000000000000, 0.000000000000000000, -0.000000000000000000 ) ) ;
#11165 = DIRECTION ( 'NONE',  ( -0.000000000000000000, -0.000000000000000000, -1.000000000000000000 ) ) ;
#11166 = EDGE_LOOP ( 'NONE', ( #2372, #89, #10036, #7436 ) ) ;
#11167 = CARTESIAN_POINT ( 'NONE',  ( 164.5449999999999875, 2.960030000000000161, 3.000000000000000000 ) ) ;
#11168 = ORIENTED_EDGE ( 'NONE', *, *, #10492, .F. ) ;
#11169 = ORIENTED_EDGE ( 'NONE', *, *, #76, .T. ) ;
#11170 = VERTEX_POINT ( 'NONE', #5965 ) ;
#11171 = AXIS2_PLACEMENT_3D ( 'NONE', #3751, #12686, #6749 ) ;
#11172 = EDGE_CURVE ( 'NONE', #1238, #155, #11836, .T. ) ;
#11173 = CARTESIAN_POINT ( 'NONE',  ( 78.53149999999999409, 112.4980000000000047, 0.000000000000000000 ) ) ;
#11174 = DIRECTION ( 'NONE',  ( 1.000000000000000000, -0.000000000000000000, -0.000000000000000000 ) ) ;
#11175 = CARTESIAN_POINT ( 'NONE',  ( 162.7429999999999950, 97.37229999999999563, 0.000000000000000000 ) ) ;
#11176 = ADVANCED_FACE ( 'NONE', ( #928 ), #2900, .T. ) ;
#11177 = LINE ( 'NONE', #8232, #12661 ) ;
#11178 = VECTOR ( 'NONE', #3472, 1000.000000000000000 ) ;
#11179 = DIRECTION ( 'NONE',  ( 0.000000000000000000, -1.000000000000000000, 0.000000000000000000 ) ) ;
#11180 = DIRECTION ( 'NONE',  ( 0.000000000000000000, 1.000000000000000000, -0.000000000000000000 ) ) ;
#11181 = DIRECTION ( 'NONE',  ( 1.000000000000000000, 0.000000000000000000, 0.000000000000000000 ) ) ;
#11182 = FACE_OUTER_BOUND ( 'NONE', #6734, .T. ) ;
#11183 = ORIENTED_EDGE ( 'NONE', *, *, #3049, .T. ) ;
#11184 = ORIENTED_EDGE ( 'NONE', *, *, #4783, .F. ) ;
#11185 = ADVANCED_FACE ( 'NONE', ( #6878 ), #1905, .T. ) ;
#11187 = VERTEX_POINT ( 'NONE', #7916 ) ;
#11186 = CARTESIAN_POINT ( 'NONE',  ( 92.81900000000000261, 97.92189999999999372, 0.000000000000000000 ) ) ;
#11188 = AXIS2_PLACEMENT_3D ( 'NONE', #8552, #5688, #12534 ) ;
#11189 = FACE_BOUND ( 'NONE', #2495, .T. ) ;
#11190 = EDGE_LOOP ( 'NONE', ( #10152, #8919, #9365, #8867 ) ) ;
#11191 = EDGE_CURVE ( 'NONE', #10136, #605, #2958, .T. ) ;
#11192 = CARTESIAN_POINT ( 'NONE',  ( 7.382159999999999833, 126.4969999999999999, 3.000000000000000000 ) ) ;
#11193 = LINE ( 'NONE', #1387, #3845 ) ;
#11194 = LINE ( 'NONE', #3103, #8931 ) ;
#11195 = VECTOR ( 'NONE', #8432, 1000.000000000000000 ) ;
#11196 = DIRECTION ( 'NONE',  ( 0.000000000000000000, -1.000000000000000000, 0.000000000000000000 ) ) ;
#11197 = AXIS2_PLACEMENT_3D ( 'NONE', #547, #8523, #10283 ) ;
#11198 = CARTESIAN_POINT ( 'NONE',  ( 137.2179999999999893, 93.22150000000000603, 0.000000000000000000 ) ) ;
#11199 = ORIENTED_EDGE ( 'NONE', *, *, #4473, .T. ) ;
#11200 = ORIENTED_EDGE ( 'NONE', *, *, #3131, .F. ) ;
#11201 = ADVANCED_FACE ( 'NONE', ( #662 ), #4661, .F. ) ;
#11202 = VERTEX_POINT ( 'NONE', #1778 ) ;
#11203 = VECTOR ( 'NONE', #4228, 1000.000000000000000 ) ;
#11204 = DIRECTION ( 'NONE',  ( -1.000000000000000000, 0.000000000000000000, 0.000000000000000000 ) ) ;
#11205 = ORIENTED_EDGE ( 'NONE', *, *, #3724, .F. ) ;
#11206 = DIRECTION ( 'NONE',  ( 0.000000000000000000, -1.000000000000000000, 0.000000000000000000 ) ) ;
#11207 = EDGE_CURVE ( 'NONE', #8083, #6109, #10529, .T. ) ;
#11208 = FACE_OUTER_BOUND ( 'NONE', #8827, .T. ) ;
#11209 = CARTESIAN_POINT ( 'NONE',  ( 139.8630000000000280, 58.35159999999999769, 3.000000000000000000 ) ) ;
#11210 = CARTESIAN_POINT ( 'NONE',  ( 27.02609999999999957, 7.952670000000000350, 3.000000000000000000 ) ) ;
#11211 = DIRECTION ( 'NONE',  ( 0.000000000000000000, -0.000000000000000000, 1.000000000000000000 ) ) ;
#11212 = VECTOR ( 'NONE', #5994, 1000.000000000000000 ) ;
#11213 = EDGE_CURVE ( 'NONE', #397, #8554, #7785, .T. ) ;
#11214 = VECTOR ( 'NONE', #12693, 1000.000000000000000 ) ;
#11215 = LINE ( 'NONE', #2271, #9533 ) ;
#11216 = EDGE_CURVE ( 'NONE', #6247, #12467, #10797, .T. ) ;
#11218 = VERTEX_POINT ( 'NONE', #4858 ) ;
#11217 = ORIENTED_EDGE ( 'NONE', *, *, #12870, .F. ) ;
#11219 = VECTOR ( 'NONE', #9568, 1000.000000000000000 ) ;
#11220 = VERTEX_POINT ( 'NONE', #6 ) ;
#11221 = DIRECTION ( 'NONE',  ( -1.000000000000000000, 0.000000000000000000, 0.000000000000000000 ) ) ;
#11222 = EDGE_LOOP ( 'NONE', ( #7374, #5465, #679, #12932 ) ) ;
#11223 = ORIENTED_EDGE ( 'NONE', *, *, #5354, .T. ) ;
#11224 = ORIENTED_EDGE ( 'NONE', *, *, #5299, .F. ) ;
#11225 = CARTESIAN_POINT ( 'NONE',  ( 159.4939999999999998, 83.92270000000000607, 0.000000000000000000 ) ) ;
#11226 = VECTOR ( 'NONE', #4922, 1000.000000000000000 ) ;
#11227 = LINE ( 'NONE', #7241, #850 ) ;
#11228 = CARTESIAN_POINT ( 'NONE',  ( 108.6319299999999828, -2.065918000000003474, 0.000000000000000000 ) ) ;
#11229 = DIRECTION ( 'NONE',  ( 0.000000000000000000, -1.000000000000000000, 0.000000000000000000 ) ) ;
#11230 = DIRECTION ( 'NONE',  ( 1.000000000000000000, -0.000000000000000000, -0.000000000000000000 ) ) ;
#11231 = LINE ( 'NONE', #1293, #9977 ) ;
#11232 = AXIS2_PLACEMENT_3D ( 'NONE', #1165, #5165, #3928 ) ;
#11233 = CARTESIAN_POINT ( 'NONE',  ( 163.6630000000000109, 58.35159999999999769, 3.000000000000000000 ) ) ;
#11234 = ORIENTED_EDGE ( 'NONE', *, *, #4902, .T. ) ;
#11235 = DIRECTION ( 'NONE',  ( -0.000000000000000000, -0.000000000000000000, 1.000000000000000000 ) ) ;
#11236 = VERTEX_POINT ( 'NONE', #11247 ) ;
#11237 = ORIENTED_EDGE ( 'NONE', *, *, #3783, .T. ) ;
#11238 = ORIENTED_EDGE ( 'NONE', *, *, #9846, .T. ) ;
#11239 = DIRECTION ( 'NONE',  ( -0.000000000000000000, -0.000000000000000000, -1.000000000000000000 ) ) ;
#11240 = DIRECTION ( 'NONE',  ( 0.000000000000000000, -0.000000000000000000, -1.000000000000000000 ) ) ;
#11241 = LINE ( 'NONE', #253, #8404 ) ;
#11242 = EDGE_CURVE ( 'NONE', #5870, #1639, #12836, .T. ) ;
#11243 = CARTESIAN_POINT ( 'NONE',  ( 0.5939299999999920754, 109.9710000000000036, 3.000000000000000000 ) ) ;
#11244 = PLANE ( 'NONE',  #4764 ) ;
#11245 = CARTESIAN_POINT ( 'NONE',  ( 69.29470000000000596, 64.87269999999999470, 3.000000000000000000 ) ) ;
#11246 = DIRECTION ( 'NONE',  ( 0.000000000000000000, -1.000000000000000000, 0.000000000000000000 ) ) ;
#11247 = CARTESIAN_POINT ( 'NONE',  ( 49.10099999999999909, 17.02149999999999963, 0.000000000000000000 ) ) ;
#11248 = ORIENTED_EDGE ( 'NONE', *, *, #436, .F. ) ;
#11249 = VERTEX_POINT ( 'NONE', #8042 ) ;
#11250 = EDGE_CURVE ( 'NONE', #6332, #10020, #11958, .T. ) ;
#11252 = EDGE_LOOP ( 'NONE', ( #4664, #6750, #2355, #2338 ) ) ;
#11251 = PLANE ( 'NONE',  #5026 ) ;
#11253 = CARTESIAN_POINT ( 'NONE',  ( 140.4439999999999884, 78.87189999999999657, 3.000000000000000000 ) ) ;
#11254 = ORIENTED_EDGE ( 'NONE', *, *, #13, .T. ) ;
#11255 = DIRECTION ( 'NONE',  ( 0.000000000000000000, -0.000000000000000000, -1.000000000000000000 ) ) ;
#11256 = DIRECTION ( 'NONE',  ( 0.000000000000000000, 0.000000000000000000, -1.000000000000000000 ) ) ;
#11257 = EDGE_CURVE ( 'NONE', #10233, #6850, #12023, .T. ) ;
#11258 = LINE ( 'NONE', #6300, #2014 ) ;
#11259 = CARTESIAN_POINT ( 'NONE',  ( 69.29470000000000596, 78.87189999999999657, 0.000000000000000000 ) ) ;
#11260 = ORIENTED_EDGE ( 'NONE', *, *, #6780, .F. ) ;
#11261 = ADVANCED_FACE ( 'NONE', ( #3023 ), #6159, .T. ) ;
#11262 = VERTEX_POINT ( 'NONE', #2303 ) ;
#11263 = VERTEX_POINT ( 'NONE', #2171 ) ;
#11264 = CARTESIAN_POINT ( 'NONE',  ( 202.3569999999999993, 97.92189999999999372, 3.000000000000000000 ) ) ;
#11265 = ORIENTED_EDGE ( 'NONE', *, *, #1205, .F. ) ;
#11266 = CARTESIAN_POINT ( 'NONE',  ( 142.2439999999999998, 96.45159999999999911, 3.000000000000000000 ) ) ;
#11267 = FACE_OUTER_BOUND ( 'NONE', #1410, .T. ) ;
#11268 = DIRECTION ( 'NONE',  ( 1.000000000000000000, 0.000000000000000000, 0.000000000000000000 ) ) ;
#11269 = CARTESIAN_POINT ( 'NONE',  ( 102.6320000000000050, 40.77190000000000225, 3.000000000000000000 ) ) ;
#11270 = DIRECTION ( 'NONE',  ( 1.000000000000000000, 0.000000000000000000, 0.000000000000000000 ) ) ;
#11271 = EDGE_CURVE ( 'NONE', #6450, #9922, #995, .T. ) ;
#11273 = ORIENTED_EDGE ( 'NONE', *, *, #10368, .T. ) ;
#11272 = ORIENTED_EDGE ( 'NONE', *, *, #9433, .T. ) ;
#11274 = ORIENTED_EDGE ( 'NONE', *, *, #4016, .T. ) ;
#11275 = LINE ( 'NONE', #6317, #4489 ) ;
#11276 = EDGE_LOOP ( 'NONE', ( #6482, #3852, #12500, #5041 ) ) ;
#11277 = EDGE_LOOP ( 'NONE', ( #2979, #8418, #11540, #9352 ) ) ;
#11278 = ORIENTED_EDGE ( 'NONE', *, *, #5098, .F. ) ;
#11279 = AXIS2_PLACEMENT_3D ( 'NONE', #7304, #4239, #12197 ) ;
#11280 = DIRECTION ( 'NONE',  ( -0.000000000000000000, -0.000000000000000000, 1.000000000000000000 ) ) ;
#11281 = EDGE_CURVE ( 'NONE', #3239, #8807, #4078, .T. ) ;
#11282 = CARTESIAN_POINT ( 'NONE',  ( 119.3010000000000019, 21.72200000000000131, 3.000000000000000000 ) ) ;
#11283 = FACE_OUTER_BOUND ( 'NONE', #5758, .T. ) ;
#11284 = CARTESIAN_POINT ( 'NONE',  ( 6.606929999999981540, 131.5209999999999866, 0.000000000000000000 ) ) ;
#11285 = CARTESIAN_POINT ( 'NONE',  ( 126.1569999999999965, 45.82269999999999754, 3.000000000000000000 ) ) ;
#11286 = LINE ( 'NONE', #6208, #6010 ) ;
#11287 = VECTOR ( 'NONE', #5701, 1000.000000000000000 ) ;
#11288 = CARTESIAN_POINT ( 'NONE',  ( 95.48710000000001230, 7.722520000000000273, 3.000000000000000000 ) ) ;
#11289 = ORIENTED_EDGE ( 'NONE', *, *, #8056, .F. ) ;
#11290 = CARTESIAN_POINT ( 'NONE',  ( 95.48710000000001230, 7.722520000000000273, 0.000000000000000000 ) ) ;
#11291 = ORIENTED_EDGE ( 'NONE', *, *, #6071, .T. ) ;
#11292 = VERTEX_POINT ( 'NONE', #7003 ) ;
#11293 = VERTEX_POINT ( 'NONE', #10984 ) ;
#11294 = EDGE_CURVE ( 'NONE', #6671, #4946, #9220, .T. ) ;
#11295 = LINE ( 'NONE', #1240, #7172 ) ;
#11296 = EDGE_CURVE ( 'NONE', #7922, #12716, #2408, .T. ) ;
#11297 = FACE_OUTER_BOUND ( 'NONE', #5355, .T. ) ;
#11298 = EDGE_CURVE ( 'NONE', #9187, #9475, #4071, .T. ) ;
#11299 = VECTOR ( 'NONE', #2820, 1000.000000000000000 ) ;
#11300 = PLANE ( 'NONE',  #6920 ) ;
#11301 = DIRECTION ( 'NONE',  ( -0.000000000000000000, -0.000000000000000000, -1.000000000000000000 ) ) ;
#11302 = VECTOR ( 'NONE', #10754, 1000.000000000000000 ) ;
#11303 = DIRECTION ( 'NONE',  ( 1.000000000000000000, 9.106159978880878627E-17, -0.000000000000000000 ) ) ;
#11304 = FACE_OUTER_BOUND ( 'NONE', #1555, .T. ) ;
#11305 = PLANE ( 'NONE',  #1380 ) ;
#11306 = CARTESIAN_POINT ( 'NONE',  ( 134.8369999999999891, 55.12149999999999750, 0.000000000000000000 ) ) ;
#11307 = ORIENTED_EDGE ( 'NONE', *, *, #6026, .T. ) ;
#11308 = ORIENTED_EDGE ( 'NONE', *, *, #10153, .T. ) ;
#11309 = EDGE_CURVE ( 'NONE', #1471, #8322, #9938, .T. ) ;
#11310 = EDGE_CURVE ( 'NONE', #10603, #6907, #7269, .T. ) ;
#11312 = ORIENTED_EDGE ( 'NONE', *, *, #10080, .T. ) ;
#11311 = CARTESIAN_POINT ( 'NONE',  ( 178.5440000000000111, 36.00939999999999941, 0.000000000000000000 ) ) ;
#11313 = LINE ( 'NONE', #10266, #4058 ) ;
#11314 = ORIENTED_EDGE ( 'NONE', *, *, #338, .F. ) ;
#11315 = VECTOR ( 'NONE', #9351, 1000.000000000000000 ) ;
#11316 = CARTESIAN_POINT ( 'NONE',  ( 19.38193000000000765, 14.24100000000001742, -7.000000000000000000 ) ) ;
#11317 = LINE ( 'NONE', #11056, #3601 ) ;
#11318 = CARTESIAN_POINT ( 'NONE',  ( 0.5939299999999928525, 81.39100000000000534, 3.000000000000000000 ) ) ;
#11319 = VECTOR ( 'NONE', #5163, 1000.000000000000000 ) ;
#11320 = LINE ( 'NONE', #5386, #5985 ) ;
#11321 = PLANE ( 'NONE',  #3880 ) ;
#11322 = ORIENTED_EDGE ( 'NONE', *, *, #10893, .F. ) ;
#11323 = ORIENTED_EDGE ( 'NONE', *, *, #926, .T. ) ;
#11324 = ORIENTED_EDGE ( 'NONE', *, *, #1929, .T. ) ;
#11325 = FACE_OUTER_BOUND ( 'NONE', #11761, .T. ) ;
#11326 = VERTEX_POINT ( 'NONE', #12154 ) ;
#11327 = EDGE_CURVE ( 'NONE', #10548, #2075, #1052, .T. ) ;
#11328 = PLANE ( 'NONE',  #12242 ) ;
#11329 = VECTOR ( 'NONE', #11862, 1000.000000000000000 ) ;
#11330 = CARTESIAN_POINT ( 'NONE',  ( 74.05719999999999459, 45.82269999999999754, 3.000000000000000000 ) ) ;
#11331 = LINE ( 'NONE', #6374, #4890 ) ;
#11332 = EDGE_CURVE ( 'NONE', #8226, #10760, #12090, .T. ) ;
#11333 = DIRECTION ( 'NONE',  ( -0.000000000000000000, 1.000000000000000000, -0.000000000000000000 ) ) ;
#11334 = VECTOR ( 'NONE', #870, 1000.000000000000000 ) ;
#11336 = ORIENTED_EDGE ( 'NONE', *, *, #4580, .T. ) ;
#11335 = ORIENTED_EDGE ( 'NONE', *, *, #7079, .F. ) ;
#11337 = ORIENTED_EDGE ( 'NONE', *, *, #7246, .F. ) ;
#11338 = PLANE ( 'NONE',  #12405 ) ;
#11339 = ORIENTED_EDGE ( 'NONE', *, *, #4256, .T. ) ;
#11340 = ORIENTED_EDGE ( 'NONE', *, *, #12400, .T. ) ;
#11341 = ORIENTED_EDGE ( 'NONE', *, *, #7911, .T. ) ;
#11342 = LINE ( 'NONE', #12127, #7684 ) ;
#11343 = EDGE_CURVE ( 'NONE', #2993, #5007, #2103, .T. ) ;
#11344 = DIRECTION ( 'NONE',  ( 1.000000000000000000, 0.000000000000000000, 0.000000000000000000 ) ) ;
#11345 = VECTOR ( 'NONE', #12295, 1000.000000000000000 ) ;
#11346 = DIRECTION ( 'NONE',  ( 1.000000000000000000, -0.000000000000000000, -0.000000000000000000 ) ) ;
#11347 = DIRECTION ( 'NONE',  ( -0.000000000000000000, -1.000000000000000000, -0.000000000000000000 ) ) ;
#11348 = EDGE_CURVE ( 'NONE', #1314, #10757, #9092, .T. ) ;
#11349 = LINE ( 'NONE', #1421, #12773 ) ;
#11350 = LINE ( 'NONE', #7248, #12687 ) ;
#11351 = ADVANCED_FACE ( 'NONE', ( #1249 ), #8111, .F. ) ;
#11352 = CARTESIAN_POINT ( 'NONE',  ( 83.29399999999999693, 64.87269999999999470, 0.000000000000000000 ) ) ;
#11353 = ORIENTED_EDGE ( 'NONE', *, *, #4366, .F. ) ;
#11354 = DIRECTION ( 'NONE',  ( -0.000000000000000000, -0.000000000000000000, 1.000000000000000000 ) ) ;
#11355 = ORIENTED_EDGE ( 'NONE', *, *, #10161, .F. ) ;
#11356 = ORIENTED_EDGE ( 'NONE', *, *, #6125, .F. ) ;
#11357 = ORIENTED_EDGE ( 'NONE', *, *, #836, .T. ) ;
#11358 = EDGE_CURVE ( 'NONE', #1332, #2661, #9158, .T. ) ;
#11359 = DIRECTION ( 'NONE',  ( -0.000000000000000000, -0.000000000000000000, -1.000000000000000000 ) ) ;
#11360 = CARTESIAN_POINT ( 'NONE',  ( 141.5879999999999939, 58.35159999999999769, 0.000000000000000000 ) ) ;
#11361 = VECTOR ( 'NONE', #42, 1000.000000000000000 ) ;
#11362 = CARTESIAN_POINT ( 'NONE',  ( 162.7429999999999950, 83.17159999999999798, 3.000000000000000000 ) ) ;
#11363 = LINE ( 'NONE', #6405, #6218 ) ;
#11364 = FACE_OUTER_BOUND ( 'NONE', #10188, .T. ) ;
#11365 = DIRECTION ( 'NONE',  ( -0.000000000000000000, -0.000000000000000000, -1.000000000000000000 ) ) ;
#11366 = DIRECTION ( 'NONE',  ( 0.000000000000000000, -0.000000000000000000, -1.000000000000000000 ) ) ;
#11367 = ADVANCED_FACE ( 'NONE', ( #11182 ), #590, .T. ) ;
#11368 = VECTOR ( 'NONE', #10006, 1000.000000000000000 ) ;
#11369 = VERTEX_POINT ( 'NONE', #3351 ) ;
#11370 = DIRECTION ( 'NONE',  ( 1.000000000000000000, 0.000000000000000000, 0.000000000000000000 ) ) ;
#11371 = ORIENTED_EDGE ( 'NONE', *, *, #2915, .F. ) ;
#11372 = EDGE_LOOP ( 'NONE', ( #2814, #11804, #261, #10308 ) ) ;
#11373 = DIRECTION ( 'NONE',  ( 0.000000000000000000, 1.000000000000000000, 0.000000000000000000 ) ) ;
#11375 = ORIENTED_EDGE ( 'NONE', *, *, #7816, .F. ) ;
#11374 = FACE_OUTER_BOUND ( 'NONE', #4766, .T. ) ;
#11376 = LINE ( 'NONE', #12489, #1116 ) ;
#11377 = VERTEX_POINT ( 'NONE', #9348 ) ;
#11378 = PLANE ( 'NONE',  #12451 ) ;
#11379 = DIRECTION ( 'NONE',  ( 0.000000000000000000, -1.000000000000000000, 0.000000000000000000 ) ) ;
#11380 = EDGE_CURVE ( 'NONE', #9750, #371, #6351, .T. ) ;
#11381 = DIRECTION ( 'NONE',  ( -0.000000000000000000, -0.000000000000000000, -1.000000000000000000 ) ) ;
#11382 = CARTESIAN_POINT ( 'NONE',  ( 6.606929999999981540, 131.5209999999999866, 0.000000000000000000 ) ) ;
#11383 = CARTESIAN_POINT ( 'NONE',  ( 145.4930000000000234, 97.92189999999999372, 3.000000000000000000 ) ) ;
#11384 = VECTOR ( 'NONE', #3990, 1000.000000000000000 ) ;
#11385 = EDGE_LOOP ( 'NONE', ( #2277, #2521, #3621, #1620 ) ) ;
#11386 = ORIENTED_EDGE ( 'NONE', *, *, #2907, .T. ) ;
#11387 = VERTEX_POINT ( 'NONE', #524 ) ;
#11388 = LINE ( 'NONE', #6435, #11830 ) ;
#11389 = ORIENTED_EDGE ( 'NONE', *, *, #10241, .F. ) ;
#11390 = FACE_BOUND ( 'NONE', #10870, .T. ) ;
#11391 = LINE ( 'NONE', #11330, #8278 ) ;
#11392 = VECTOR ( 'NONE', #4392, 1000.000000000000000 ) ;
#11393 = DIRECTION ( 'NONE',  ( 1.000000000000000000, 0.000000000000000000, 0.000000000000000000 ) ) ;
#11394 = VECTOR ( 'NONE', #6760, 1000.000000000000000 ) ;
#11395 = CARTESIAN_POINT ( 'NONE',  ( 30.32509999999999906, 20.25169999999999959, 3.000000000000000000 ) ) ;
#11397 = VERTEX_POINT ( 'NONE', #10516 ) ;
#11396 = EDGE_LOOP ( 'NONE', ( #3961, #7396, #677, #5338 ) ) ;
#11398 = VECTOR ( 'NONE', #9965, 1000.000000000000000 ) ;
#11399 = VERTEX_POINT ( 'NONE', #12352 ) ;
#11400 = DIRECTION ( 'NONE',  ( -0.000000000000000000, -0.000000000000000000, -1.000000000000000000 ) ) ;
#11401 = EDGE_LOOP ( 'NONE', ( #2539, #10645, #9858, #5916 ) ) ;
#11402 = AXIS2_PLACEMENT_3D ( 'NONE', #4790, #1582, #11564 ) ;
#11403 = EDGE_CURVE ( 'NONE', #8951, #5934, #1571, .T. ) ;
#11404 = ORIENTED_EDGE ( 'NONE', *, *, #4966, .F. ) ;
#11405 = CARTESIAN_POINT ( 'NONE',  ( 32.05040000000000333, 7.952670000000000350, 3.000000000000000000 ) ) ;
#11406 = CARTESIAN_POINT ( 'NONE',  ( 93.10720000000000596, 45.82269999999999754, 0.000000000000000000 ) ) ;
#11407 = CARTESIAN_POINT ( 'NONE',  ( 160.7949999999999875, 21.95950000000000557, 3.000000000000000000 ) ) ;
#11408 = AXIS2_PLACEMENT_3D ( 'NONE', #3183, #6121, #11270 ) ;
#11409 = CARTESIAN_POINT ( 'NONE',  ( 31.19470000000000098, 64.87269999999999470, 0.000000000000000000 ) ) ;
#11410 = AXIS2_PLACEMENT_3D ( 'NONE', #12161, #6165, #7921 ) ;
#11411 = CARTESIAN_POINT ( 'NONE',  ( 208.8830000000000098, 133.0209999999999866, 3.000000000000000000 ) ) ;
#11412 = AXIS2_PLACEMENT_3D ( 'NONE', #8989, #1275, #7226 ) ;
#11413 = DIRECTION ( 'NONE',  ( -0.000000000000000000, -0.000000000000000000, -1.000000000000000000 ) ) ;
#11414 = EDGE_CURVE ( 'NONE', #7482, #10714, #4520, .T. ) ;
#11415 = FACE_OUTER_BOUND ( 'NONE', #8940, .T. ) ;
#11416 = EDGE_LOOP ( 'NONE', ( #2091, #6864, #6371, #6129 ) ) ;
#11417 = CARTESIAN_POINT ( 'NONE',  ( 163.6630000000000109, 45.07159999999999656, 3.000000000000000000 ) ) ;
#11418 = AXIS2_PLACEMENT_3D ( 'NONE', #1982, #8972, #10927 ) ;
#11419 = ORIENTED_EDGE ( 'NONE', *, *, #9208, .T. ) ;
#11420 = ORIENTED_EDGE ( 'NONE', *, *, #1086, .F. ) ;
#11421 = ORIENTED_EDGE ( 'NONE', *, *, #7835, .T. ) ;
#11422 = ADVANCED_FACE ( 'NONE', ( #12537 ), #11554, .T. ) ;
#11423 = CARTESIAN_POINT ( 'NONE',  ( 30.90660000000000451, 45.82269999999999754, 0.000000000000000000 ) ) ;
#11424 = LINE ( 'NONE', #3467, #11965 ) ;
#11425 = DIRECTION ( 'NONE',  ( -0.000000000000000000, -0.000000000000000000, -1.000000000000000000 ) ) ;
#11426 = CARTESIAN_POINT ( 'NONE',  ( 50.24470000000000169, 78.87189999999999657, 3.000000000000000000 ) ) ;
#11427 = VECTOR ( 'NONE', #5416, 1000.000000000000000 ) ;
#11428 = LINE ( 'NONE', #10386, #4357 ) ;
#11429 = CARTESIAN_POINT ( 'NONE',  ( 45.19400000000000261, 78.87189999999999657, 3.000000000000000000 ) ) ;
#11430 = DIRECTION ( 'NONE',  ( 0.000000000000000000, -0.000000000000000000, -1.000000000000000000 ) ) ;
#11431 = CARTESIAN_POINT ( 'NONE',  ( 14.38192999999999699, 23.74100000000002098, 0.000000000000000000 ) ) ;
#11432 = ORIENTED_EDGE ( 'NONE', *, *, #5348, .T. ) ;
#11433 = LINE ( 'NONE', #396, #286 ) ;
#11434 = ORIENTED_EDGE ( 'NONE', *, *, #1823, .T. ) ;
#11435 = EDGE_CURVE ( 'NONE', #4814, #11263, #4585, .T. ) ;
#11436 = ORIENTED_EDGE ( 'NONE', *, *, #8161, .T. ) ;
#11437 = CARTESIAN_POINT ( 'NONE',  ( 121.6820000000000022, 112.4980000000000047, 0.000000000000000000 ) ) ;
#11439 = ORIENTED_EDGE ( 'NONE', *, *, #1993, .F. ) ;
#11438 = CARTESIAN_POINT ( 'NONE',  ( 137.2179999999999893, 90.42260000000000275, 3.000000000000000000 ) ) ;
#11440 = AXIS2_PLACEMENT_3D ( 'NONE', #832, #4832, #3921 ) ;
#11441 = LINE ( 'NONE', #2501, #6966 ) ;
#11442 = ORIENTED_EDGE ( 'NONE', *, *, #1893, .F. ) ;
#11443 = EDGE_CURVE ( 'NONE', #7540, #3509, #5304, .T. ) ;
#11444 = LINE ( 'NONE', #1516, #3791 ) ;
#11445 = DIRECTION ( 'NONE',  ( 1.000000000000000000, 0.000000000000000000, 0.000000000000000000 ) ) ;
#11446 = CARTESIAN_POINT ( 'NONE',  ( 157.1129999999999995, 50.52170000000000272, 3.000000000000000000 ) ) ;
#11447 = DIRECTION ( 'NONE',  ( -1.000000000000000000, 0.000000000000000000, 0.000000000000000000 ) ) ;
#11448 = CARTESIAN_POINT ( 'NONE',  ( 45.48219999999999885, 26.77250000000000085, 3.000000000000000000 ) ) ;
#11449 = CARTESIAN_POINT ( 'NONE',  ( 16.13192999999999699, -2.065918000000003474, 0.000000000000000000 ) ) ;
#11450 = EDGE_LOOP ( 'NONE', ( #5587, #6938, #3384, #5008 ) ) ;
#11451 = ORIENTED_EDGE ( 'NONE', *, *, #8978, .T. ) ;
#11452 = LINE ( 'NONE', #5324, #568 ) ;
#11453 = ORIENTED_EDGE ( 'NONE', *, *, #6719, .T. ) ;
#11454 = EDGE_CURVE ( 'NONE', #1173, #7075, #10322, .T. ) ;
#11455 = FACE_BOUND ( 'NONE', #8009, .T. ) ;
#11456 = EDGE_CURVE ( 'NONE', #8939, #1156, #11433, .T. ) ;
#11457 = DIRECTION ( 'NONE',  ( -1.000000000000000000, 0.000000000000000000, 0.000000000000000000 ) ) ;
#11458 = DIRECTION ( 'NONE',  ( 1.000000000000000000, 0.000000000000000000, 0.000000000000000000 ) ) ;
#11459 = FACE_OUTER_BOUND ( 'NONE', #12208, .T. ) ;
#11461 = EDGE_LOOP ( 'NONE', ( #10618, #123, #137, #87 ) ) ;
#11460 = ORIENTED_EDGE ( 'NONE', *, *, #10422, .F. ) ;
#11462 = ORIENTED_EDGE ( 'NONE', *, *, #2817, .T. ) ;
#11463 = LINE ( 'NONE', #4429, #10314 ) ;
#11464 = VERTEX_POINT ( 'NONE', #12483 ) ;
#11465 = EDGE_CURVE ( 'NONE', #3058, #4573, #8306, .T. ) ;
#11466 = ORIENTED_EDGE ( 'NONE', *, *, #3977, .T. ) ;
#11467 = DIRECTION ( 'NONE',  ( -0.000000000000000000, 1.000000000000000000, -0.000000000000000000 ) ) ;
#11468 = DIRECTION ( 'NONE',  ( -0.000000000000000000, -0.000000000000000000, 1.000000000000000000 ) ) ;
#11469 = DIRECTION ( 'NONE',  ( -3.642463991552349972E-16, -1.000000000000000000, 0.000000000000000000 ) ) ;
#11470 = DIRECTION ( 'NONE',  ( 0.000000000000000000, 0.000000000000000000, 1.000000000000000000 ) ) ;
#11471 = EDGE_CURVE ( 'NONE', #8208, #12041, #5372, .T. ) ;
#11472 = CARTESIAN_POINT ( 'NONE',  ( 209.8830000000000098, 134.0210000000000150, 3.000000000000000000 ) ) ;
#11473 = VECTOR ( 'NONE', #12542, 1000.000000000000000 ) ;
#11474 = DIRECTION ( 'NONE',  ( -1.000000000000000000, 0.000000000000000000, 0.000000000000000000 ) ) ;
#11475 = ORIENTED_EDGE ( 'NONE', *, *, #2258, .F. ) ;
#11476 = CARTESIAN_POINT ( 'NONE',  ( 9.106929999999980652, 131.5209999999999866, 0.000000000000000000 ) ) ;
#11477 = ORIENTED_EDGE ( 'NONE', *, *, #900, .T. ) ;
#11478 = EDGE_LOOP ( 'NONE', ( #1952, #7332, #7823, #11947 ) ) ;
#11479 = EDGE_LOOP ( 'NONE', ( #4236, #387, #9541, #7932 ) ) ;
#11480 = DIRECTION ( 'NONE',  ( 0.000000000000000000, 0.000000000000000000, 1.000000000000000000 ) ) ;
#11481 = LINE ( 'NONE', #1562, #10722 ) ;
#11482 = EDGE_CURVE ( 'NONE', #2573, #1849, #2366, .T. ) ;
#11483 = LINE ( 'NONE', #8359, #10462 ) ;
#11484 = AXIS2_PLACEMENT_3D ( 'NONE', #6581, #1611, #6647 ) ;
#11485 = DIRECTION ( 'NONE',  ( 0.000000000000000000, 1.000000000000000000, 0.000000000000000000 ) ) ;
#11486 = EDGE_CURVE ( 'NONE', #9099, #11032, #9279, .T. ) ;
#11487 = DIRECTION ( 'NONE',  ( 0.000000000000000000, 1.000000000000000000, 0.000000000000000000 ) ) ;
#11488 = CARTESIAN_POINT ( 'NONE',  ( 49.95649999999999835, 59.82189999999999941, 3.000000000000000000 ) ) ;
#11489 = CARTESIAN_POINT ( 'NONE',  ( 166.2119999999999891, 55.12149999999999750, 3.000000000000000000 ) ) ;
#11490 = ORIENTED_EDGE ( 'NONE', *, *, #4640, .T. ) ;
#11491 = CARTESIAN_POINT ( 'NONE',  ( 145.4930000000000234, 93.22150000000000603, 0.000000000000000000 ) ) ;
#11492 = VERTEX_POINT ( 'NONE', #328 ) ;
#11493 = EDGE_LOOP ( 'NONE', ( #9374, #4303, #11102, #6752 ) ) ;
#11494 = CARTESIAN_POINT ( 'NONE',  ( 5.856929999999982428, 134.0210000000000150, 3.000000000000000000 ) ) ;
#11495 = CIRCLE ( 'NONE', #12344, 1.000000000000000888 ) ;
#11497 = ORIENTED_EDGE ( 'NONE', *, *, #12014, .T. ) ;
#11496 = CARTESIAN_POINT ( 'NONE',  ( 89.46346499999998514, 102.9218999999999937, 3.000000000000000000 ) ) ;
#11498 = DIRECTION ( 'NONE',  ( -0.000000000000000000, -0.000000000000000000, 1.000000000000000000 ) ) ;
#11499 = ORIENTED_EDGE ( 'NONE', *, *, #3800, .T. ) ;
#11500 = VECTOR ( 'NONE', #8231, 1000.000000000000000 ) ;
#11501 = LINE ( 'NONE', #8445, #9616 ) ;
#11502 = DIRECTION ( 'NONE',  ( 1.000000000000000000, -0.000000000000000000, -0.000000000000000000 ) ) ;
#11503 = LINE ( 'NONE', #3549, #5696 ) ;
#11504 = DIRECTION ( 'NONE',  ( -0.000000000000000000, -0.000000000000000000, -1.000000000000000000 ) ) ;
#11505 = FACE_OUTER_BOUND ( 'NONE', #9633, .T. ) ;
#11506 = CARTESIAN_POINT ( 'NONE',  ( 49.10099999999999909, 7.952670000000000350, 0.000000000000000000 ) ) ;
#11507 = DIRECTION ( 'NONE',  ( -1.000000000000000000, 0.000000000000000000, 0.000000000000000000 ) ) ;
#11508 = EDGE_CURVE ( 'NONE', #8674, #11101, #4332, .T. ) ;
#11509 = ORIENTED_EDGE ( 'NONE', *, *, #8747, .F. ) ;
#11510 = EDGE_CURVE ( 'NONE', #8222, #7898, #12592, .T. ) ;
#11511 = ORIENTED_EDGE ( 'NONE', *, *, #6759, .T. ) ;
#11512 = CARTESIAN_POINT ( 'NONE',  ( 157.1129999999999995, 50.52170000000000272, 3.000000000000000000 ) ) ;
#11513 = ORIENTED_EDGE ( 'NONE', *, *, #11150, .T. ) ;
#11514 = EDGE_CURVE ( 'NONE', #332, #6911, #2429, .T. ) ;
#11515 = FACE_BOUND ( 'NONE', #6657, .T. ) ;
#11516 = LINE ( 'NONE', #9370, #9106 ) ;
#11517 = AXIS2_PLACEMENT_3D ( 'NONE', #11696, #3069, #7110 ) ;
#11518 = DIRECTION ( 'NONE',  ( 1.000000000000000000, 0.000000000000000000, 0.000000000000000000 ) ) ;
#11519 = DIRECTION ( 'NONE',  ( -1.000000000000000000, 0.000000000000000000, 0.000000000000000000 ) ) ;
#11520 = VECTOR ( 'NONE', #10396, 1000.000000000000000 ) ;
#11522 = ORIENTED_EDGE ( 'NONE', *, *, #189, .T. ) ;
#11521 = ORIENTED_EDGE ( 'NONE', *, *, #12535, .T. ) ;
#11523 = ADVANCED_FACE ( 'NONE', ( #8435 ), #10392, .T. ) ;
#11524 = EDGE_CURVE ( 'NONE', #9381, #4995, #10451, .T. ) ;
#11525 = ORIENTED_EDGE ( 'NONE', *, *, #984, .T. ) ;
#11526 = CARTESIAN_POINT ( 'NONE',  ( 158.6370000000000005, 50.52170000000000272, 3.000000000000000000 ) ) ;
#11527 = VECTOR ( 'NONE', #5924, 1000.000000000000000 ) ;
#11528 = ORIENTED_EDGE ( 'NONE', *, *, #4025, .T. ) ;
#11529 = VERTEX_POINT ( 'NONE', #10839 ) ;
#11530 = LINE ( 'NONE', #7680, #309 ) ;
#11531 = CARTESIAN_POINT ( 'NONE',  ( 18.13193000000000765, 14.24100000000001742, -7.000000000000000000 ) ) ;
#11532 = CARTESIAN_POINT ( 'NONE',  ( 97.86830000000000496, 83.92270000000000607, 3.000000000000000000 ) ) ;
#11533 = DIRECTION ( 'NONE',  ( -1.000000000000000000, 0.000000000000000000, 0.000000000000000000 ) ) ;
#11534 = CIRCLE ( 'NONE', #9463, 0.5000000000000004441 ) ;
#11535 = EDGE_CURVE ( 'NONE', #10250, #11704, #12598, .T. ) ;
#11536 = DIRECTION ( 'NONE',  ( 0.000000000000000000, 0.000000000000000000, -1.000000000000000000 ) ) ;
#11537 = CARTESIAN_POINT ( 'NONE',  ( 47.57529999999999859, 7.722520000000000273, 3.000000000000000000 ) ) ;
#11538 = VERTEX_POINT ( 'NONE', #6605 ) ;
#11539 = CARTESIAN_POINT ( 'NONE',  ( 55.85040000000000049, 17.02149999999999963, 3.000000000000000000 ) ) ;
#11540 = ORIENTED_EDGE ( 'NONE', *, *, #6820, .T. ) ;
#11541 = VERTEX_POINT ( 'NONE', #5883 ) ;
#11542 = ORIENTED_EDGE ( 'NONE', *, *, #10690, .F. ) ;
#11543 = FACE_OUTER_BOUND ( 'NONE', #1781, .T. ) ;
#11544 = VECTOR ( 'NONE', #9198, 1000.000000000000000 ) ;
#11545 = LINE ( 'NONE', #12589, #11765 ) ;
#11546 = DIRECTION ( 'NONE',  ( -0.000000000000000000, 1.000000000000000000, -0.000000000000000000 ) ) ;
#11547 = AXIS2_PLACEMENT_3D ( 'NONE', #7435, #9521, #574 ) ;
#11548 = DIRECTION ( 'NONE',  ( 0.000000000000000000, 1.000000000000000000, -0.000000000000000000 ) ) ;
#11549 = DIRECTION ( 'NONE',  ( -0.000000000000000000, -0.000000000000000000, -1.000000000000000000 ) ) ;
#11550 = VECTOR ( 'NONE', #4048, 1000.000000000000000 ) ;
#11551 = FACE_OUTER_BOUND ( 'NONE', #8351, .T. ) ;
#11552 = CARTESIAN_POINT ( 'NONE',  ( 71.67600000000000193, 7.722520000000000273, 0.000000000000000000 ) ) ;
#11553 = EDGE_LOOP ( 'NONE', ( #9644, #7204, #444, #9029 ) ) ;
#11554 = PLANE ( 'NONE',  #9467 ) ;
#11555 = ORIENTED_EDGE ( 'NONE', *, *, #10237, .F. ) ;
#11556 = ORIENTED_EDGE ( 'NONE', *, *, #961, .F. ) ;
#11557 = LINE ( 'NONE', #1640, #3166 ) ;
#11558 = VECTOR ( 'NONE', #1540, 1000.000000000000000 ) ;
#11559 = DIRECTION ( 'NONE',  ( 1.000000000000000000, 0.000000000000000000, -0.000000000000000000 ) ) ;
#11560 = EDGE_CURVE ( 'NONE', #12041, #10323, #10776, .T. ) ;
#11561 = DIRECTION ( 'NONE',  ( 0.000000000000000000, 0.000000000000000000, -1.000000000000000000 ) ) ;
#11562 = ORIENTED_EDGE ( 'NONE', *, *, #10013, .F. ) ;
#11563 = DIRECTION ( 'NONE',  ( -0.000000000000000000, -0.000000000000000000, -1.000000000000000000 ) ) ;
#11564 = DIRECTION ( 'NONE',  ( 1.000000000000000000, 0.000000000000000000, 0.000000000000000000 ) ) ;
#11565 = PLANE ( 'NONE',  #6318 ) ;
#11566 = CARTESIAN_POINT ( 'NONE',  ( 157.1129999999999995, 55.12149999999999750, 3.000000000000000000 ) ) ;
#11567 = VECTOR ( 'NONE', #5065, 1000.000000000000000 ) ;
#11568 = LINE ( 'NONE', #10725, #6793 ) ;
#11569 = PLANE ( 'NONE',  #3922 ) ;
#11570 = ADVANCED_FACE ( 'NONE', ( #3933 ), #6668, .T. ) ;
#11571 = CARTESIAN_POINT ( 'NONE',  ( 130.9190000000000111, 97.92189999999999372, 3.000000000000000000 ) ) ;
#11572 = AXIS2_PLACEMENT_3D ( 'NONE', #11860, #4030, #2923 ) ;
#11573 = ORIENTED_EDGE ( 'NONE', *, *, #9427, .F. ) ;
#11575 = EDGE_LOOP ( 'NONE', ( #7041, #3056, #4945, #6669 ) ) ;
#11574 = ORIENTED_EDGE ( 'NONE', *, *, #8221, .T. ) ;
#11576 = VECTOR ( 'NONE', #5496, 1000.000000000000000 ) ;
#11577 = EDGE_CURVE ( 'NONE', #749, #10007, #2749, .T. ) ;
#11578 = FACE_BOUND ( 'NONE', #12930, .T. ) ;
#11579 = EDGE_LOOP ( 'NONE', ( #12447, #5374 ) ) ;
#11580 = FACE_BOUND ( 'NONE', #7328, .T. ) ;
#11581 = CARTESIAN_POINT ( 'NONE',  ( 121.3940000000000055, 64.87269999999999470, 0.000000000000000000 ) ) ;
#11582 = CARTESIAN_POINT ( 'NONE',  ( 89.46346499999998514, 102.9218999999999937, -7.000000000000000000 ) ) ;
#11583 = CARTESIAN_POINT ( 'NONE',  ( 183.5949999999999989, 2.960030000000000161, 0.000000000000000000 ) ) ;
#11584 = VECTOR ( 'NONE', #6331, 1000.000000000000000 ) ;
#11585 = EDGE_CURVE ( 'NONE', #9750, #7872, #11817, .T. ) ;
#11587 = VERTEX_POINT ( 'NONE', #5632 ) ;
#11586 = ORIENTED_EDGE ( 'NONE', *, *, #4275, .T. ) ;
#11588 = ORIENTED_EDGE ( 'NONE', *, *, #11939, .T. ) ;
#11589 = LINE ( 'NONE', #12511, #4280 ) ;
#11590 = ORIENTED_EDGE ( 'NONE', *, *, #4626, .F. ) ;
#11591 = EDGE_CURVE ( 'NONE', #75, #9768, #710, .T. ) ;
#11592 = ORIENTED_EDGE ( 'NONE', *, *, #3652, .T. ) ;
#11593 = FACE_OUTER_BOUND ( 'NONE', #4612, .T. ) ;
#11594 = VECTOR ( 'NONE', #4006, 1000.000000000000000 ) ;
#11595 = DIRECTION ( 'NONE',  ( 1.000000000000000000, 0.000000000000000000, 0.000000000000000000 ) ) ;
#11596 = CARTESIAN_POINT ( 'NONE',  ( 49.10099999999999909, 12.42159999999999975, 3.000000000000000000 ) ) ;
#11597 = EDGE_CURVE ( 'NONE', #4056, #1377, #10583, .T. ) ;
#11598 = CARTESIAN_POINT ( 'NONE',  ( 26.43220000000000169, 126.4969999999999999, 3.000000000000000000 ) ) ;
#11599 = EDGE_CURVE ( 'NONE', #3526, #5797, #7766, .T. ) ;
#11600 = CARTESIAN_POINT ( 'NONE',  ( 25.30079999999999885, 14.22269999999999968, 3.000000000000000000 ) ) ;
#11601 = VECTOR ( 'NONE', #3426, 1000.000000000000000 ) ;
#11602 = ORIENTED_EDGE ( 'NONE', *, *, #7956, .T. ) ;
#11603 = VECTOR ( 'NONE', #9166, 1000.000000000000000 ) ;
#11604 = ORIENTED_EDGE ( 'NONE', *, *, #10873, .F. ) ;
#11605 = CARTESIAN_POINT ( 'NONE',  ( 54.71900000000000119, 83.92270000000000607, 3.000000000000000000 ) ) ;
#11606 = EDGE_LOOP ( 'NONE', ( #6013, #2449 ) ) ;
#11607 = VERTEX_POINT ( 'NONE', #9599 ) ;
#11608 = ORIENTED_EDGE ( 'NONE', *, *, #3489, .F. ) ;
#11609 = CARTESIAN_POINT ( 'NONE',  ( 209.8830000000000098, 134.0210000000000150, 0.000000000000000000 ) ) ;
#11610 = VECTOR ( 'NONE', #9124, 1000.000000000000000 ) ;
#11611 = VECTOR ( 'NONE', #11007, 1000.000000000000000 ) ;
#11612 = CARTESIAN_POINT ( 'NONE',  ( 74.05719999999999459, 45.82269999999999754, 3.000000000000000000 ) ) ;
#11613 = LINE ( 'NONE', #8812, #4839 ) ;
#11614 = VECTOR ( 'NONE', #4404, 1000.000000000000000 ) ;
#11615 = EDGE_CURVE ( 'NONE', #9574, #5341, #2884, .T. ) ;
#11616 = DIRECTION ( 'NONE',  ( 0.000000000000000000, 0.000000000000000000, -1.000000000000000000 ) ) ;
#11617 = CARTESIAN_POINT ( 'NONE',  ( 88.05649999999999977, 45.82269999999999754, 3.000000000000000000 ) ) ;
#11618 = MECHANICAL_DESIGN_GEOMETRIC_PRESENTATION_REPRESENTATION (  '', ( #12892 ), #1203 ) ;
#11619 = DIRECTION ( 'NONE',  ( 0.000000000000000000, 1.000000000000000000, -0.000000000000000000 ) ) ;
#11620 = DIRECTION ( 'NONE',  ( -0.000000000000000000, -0.000000000000000000, -1.000000000000000000 ) ) ;
#11621 = ORIENTED_EDGE ( 'NONE', *, *, #6327, .F. ) ;
#11622 = PLANE ( 'NONE',  #1754 ) ;
#11623 = ORIENTED_EDGE ( 'NONE', *, *, #7630, .F. ) ;
#11624 = ORIENTED_EDGE ( 'NONE', *, *, #4715, .F. ) ;
#11625 = AXIS2_PLACEMENT_3D ( 'NONE', #7565, #11548, #1756 ) ;
#11626 = EDGE_LOOP ( 'NONE', ( #10860, #2974, #10379, #4318 ) ) ;
#11627 = LINE ( 'NONE', #4913, #11299 ) ;
#11628 = CARTESIAN_POINT ( 'NONE',  ( 188.3569999999999993, 83.92270000000000607, 0.000000000000000000 ) ) ;
#11629 = EDGE_CURVE ( 'NONE', #2906, #4800, #8817, .T. ) ;
#11630 = DIRECTION ( 'NONE',  ( 0.000000000000000000, 0.000000000000000000, 1.000000000000000000 ) ) ;
#11631 = ORIENTED_EDGE ( 'NONE', *, *, #12194, .T. ) ;
#11632 = AXIS2_PLACEMENT_3D ( 'NONE', #11906, #12099, #12167 ) ;
#11633 = CARTESIAN_POINT ( 'NONE',  ( 47.57529999999999859, 12.42159999999999975, 3.000000000000000000 ) ) ;
#11634 = LINE ( 'NONE', #2827, #10360 ) ;
#11635 = CARTESIAN_POINT ( 'NONE',  ( 30.32509999999999906, 20.25169999999999959, 3.000000000000000000 ) ) ;
#11636 = DIRECTION ( 'NONE',  ( 0.000000000000000000, 1.000000000000000000, 0.000000000000000000 ) ) ;
#11637 = CARTESIAN_POINT ( 'NONE',  ( 188.3569999999999993, 78.87189999999999657, 3.000000000000000000 ) ) ;
#11638 = FACE_OUTER_BOUND ( 'NONE', #862, .T. ) ;
#11639 = EDGE_CURVE ( 'NONE', #6658, #3797, #12669, .T. ) ;
#11640 = LINE ( 'NONE', #12820, #2201 ) ;
#11641 = VECTOR ( 'NONE', #8551, 1000.000000000000000 ) ;
#11642 = ORIENTED_EDGE ( 'NONE', *, *, #3968, .F. ) ;
#11643 = AXIS2_PLACEMENT_3D ( 'NONE', #2934, #9001, #47 ) ;
#11645 = ORIENTED_EDGE ( 'NONE', *, *, #3577, .T. ) ;
#11644 = ORIENTED_EDGE ( 'NONE', *, *, #8676, .F. ) ;
#11646 = DIRECTION ( 'NONE',  ( 0.000000000000000000, 1.000000000000000000, 0.000000000000000000 ) ) ;
#11647 = VERTEX_POINT ( 'NONE', #3663 ) ;
#11648 = FACE_BOUND ( 'NONE', #11252, .T. ) ;
#11649 = ADVANCED_FACE ( 'NONE', ( #4643 ), #4909, .T. ) ;
#11650 = CARTESIAN_POINT ( 'NONE',  ( 89.46346499999998514, 102.9218999999999937, -7.000000000000000000 ) ) ;
#11651 = CARTESIAN_POINT ( 'NONE',  ( 185.9759999999999991, 112.4980000000000047, 0.000000000000000000 ) ) ;
#11652 = CARTESIAN_POINT ( 'NONE',  ( 69.29470000000000596, 78.87189999999999657, 3.000000000000000000 ) ) ;
#11653 = LINE ( 'NONE', #11784, #8903 ) ;
#11654 = ADVANCED_FACE ( 'NONE', ( #7637 ), #11622, .T. ) ;
#11656 = ORIENTED_EDGE ( 'NONE', *, *, #2389, .F. ) ;
#11655 = ORIENTED_EDGE ( 'NONE', *, *, #2094, .T. ) ;
#11657 = VERTEX_POINT ( 'NONE', #12731 ) ;
#11658 = DIRECTION ( 'NONE',  ( 1.000000000000000000, 0.000000000000000000, 0.000000000000000000 ) ) ;
#11659 = VERTEX_POINT ( 'NONE', #4842 ) ;
#11660 = VERTEX_POINT ( 'NONE', #12799 ) ;
#11661 = CARTESIAN_POINT ( 'NONE',  ( 54.12530000000000285, 21.17220000000000368, 3.000000000000000000 ) ) ;
#11662 = LINE ( 'NONE', #4620, #10652 ) ;
#11663 = CARTESIAN_POINT ( 'NONE',  ( 49.10099999999999909, 20.25169999999999959, 3.000000000000000000 ) ) ;
#11664 = LINE ( 'NONE', #7092, #3806 ) ;
#11665 = EDGE_CURVE ( 'NONE', #1029, #10170, #9661, .T. ) ;
#11666 = CARTESIAN_POINT ( 'NONE',  ( 116.6320000000000192, 26.77250000000000085, 3.000000000000000000 ) ) ;
#11667 = EDGE_LOOP ( 'NONE', ( #2514, #12739, #12193, #6690 ) ) ;
#11668 = EDGE_LOOP ( 'NONE', ( #1067, #5261, #8752, #1280 ) ) ;
#11669 = CARTESIAN_POINT ( 'NONE',  ( 47.57529999999999859, 7.722520000000000273, 3.000000000000000000 ) ) ;
#11670 = VERTEX_POINT ( 'NONE', #10708 ) ;
#11671 = EDGE_CURVE ( 'NONE', #3966, #2047, #3865, .T. ) ;
#11672 = ORIENTED_EDGE ( 'NONE', *, *, #8237, .T. ) ;
#11673 = ORIENTED_EDGE ( 'NONE', *, *, #6026, .F. ) ;
#11674 = CARTESIAN_POINT ( 'NONE',  ( 14.38192999999999522, 43.79100000000002524, 3.000000000000000000 ) ) ;
#11675 = LINE ( 'NONE', #3530, #498 ) ;
#11676 = LINE ( 'NONE', #5749, #7539 ) ;
#11677 = DIRECTION ( 'NONE',  ( 1.000000000000000000, -0.000000000000000000, -0.000000000000000000 ) ) ;
#11678 = CARTESIAN_POINT ( 'NONE',  ( 83.29399999999999693, 64.87269999999999470, 3.000000000000000000 ) ) ;
#11679 = DIRECTION ( 'NONE',  ( 0.000000000000000000, 0.000000000000000000, 1.000000000000000000 ) ) ;
#11680 = DIRECTION ( 'NONE',  ( -0.000000000000000000, -0.000000000000000000, -1.000000000000000000 ) ) ;
#11681 = ORIENTED_EDGE ( 'NONE', *, *, #1684, .T. ) ;
#11682 = DIRECTION ( 'NONE',  ( 0.000000000000000000, -0.000000000000000000, 1.000000000000000000 ) ) ;
#11683 = ORIENTED_EDGE ( 'NONE', *, *, #1301, .F. ) ;
#11684 = VECTOR ( 'NONE', #9716, 1000.000000000000000 ) ;
#11685 = VERTEX_POINT ( 'NONE', #2815 ) ;
#11686 = ORIENTED_EDGE ( 'NONE', *, *, #8204, .F. ) ;
#11687 = DIRECTION ( 'NONE',  ( 1.000000000000000000, 0.000000000000000000, 0.000000000000000000 ) ) ;
#11688 = EDGE_CURVE ( 'NONE', #4119, #397, #2020, .T. ) ;
#11689 = EDGE_CURVE ( 'NONE', #3223, #1579, #2223, .T. ) ;
#11690 = FACE_OUTER_BOUND ( 'NONE', #7529, .T. ) ;
#11691 = DIRECTION ( 'NONE',  ( -1.000000000000000000, 0.000000000000000000, 0.000000000000000000 ) ) ;
#11692 = EDGE_LOOP ( 'NONE', ( #10377, #7590, #8790, #696 ) ) ;
#11693 = VECTOR ( 'NONE', #12388, 1000.000000000000000 ) ;
#11694 = CARTESIAN_POINT ( 'NONE',  ( 158.6370000000000005, 50.52170000000000272, 3.000000000000000000 ) ) ;
#11695 = CARTESIAN_POINT ( 'NONE',  ( 30.90660000000000451, 45.82269999999999754, 0.000000000000000000 ) ) ;
#11696 = CARTESIAN_POINT ( 'NONE',  ( 167.7680000000000007, 96.45159999999999911, 3.000000000000000000 ) ) ;
#11697 = CARTESIAN_POINT ( 'NONE',  ( 138.9430000000000121, 96.45159999999999911, 3.000000000000000000 ) ) ;
#11698 = CARTESIAN_POINT ( 'NONE',  ( 178.5440000000000111, 36.00939999999999941, 3.000000000000000000 ) ) ;
#11699 = DIRECTION ( 'NONE',  ( 1.000000000000000000, 0.000000000000000000, 0.000000000000000000 ) ) ;
#11700 = ADVANCED_FACE ( 'NONE', ( #8950 ), #5947, .T. ) ;
#11701 = VECTOR ( 'NONE', #5178, 1000.000000000000000 ) ;
#11702 = DIRECTION ( 'NONE',  ( -0.000000000000000000, -0.000000000000000000, 1.000000000000000000 ) ) ;
#11703 = VERTEX_POINT ( 'NONE', #7961 ) ;
#11705 = ORIENTED_EDGE ( 'NONE', *, *, #9017, .T. ) ;
#11704 = VERTEX_POINT ( 'NONE', #6211 ) ;
#11706 = VECTOR ( 'NONE', #1290, 1000.000000000000000 ) ;
#11707 = FACE_BOUND ( 'NONE', #1602, .T. ) ;
#11708 = ORIENTED_EDGE ( 'NONE', *, *, #6350, .T. ) ;
#11709 = FACE_OUTER_BOUND ( 'NONE', #7083, .T. ) ;
#11710 = CIRCLE ( 'NONE', #10254, 1.250000000000001110 ) ;
#11711 = CARTESIAN_POINT ( 'NONE',  ( 159.4939999999999998, 83.92270000000000607, 3.000000000000000000 ) ) ;
#11712 = DIRECTION ( 'NONE',  ( 1.000000000000000000, 0.000000000000000000, 0.000000000000000000 ) ) ;
#11713 = FACE_OUTER_BOUND ( 'NONE', #592, .T. ) ;
#11714 = VECTOR ( 'NONE', #4241, 1000.000000000000000 ) ;
#11715 = LINE ( 'NONE', #5721, #8680 ) ;
#11717 = ORIENTED_EDGE ( 'NONE', *, *, #9021, .T. ) ;
#11716 = ORIENTED_EDGE ( 'NONE', *, *, #4888, .F. ) ;
#11718 = PRODUCT_DEFINITION_FORMATION_WITH_SPECIFIED_SOURCE ( '‰ª', '', #7015, .NOT_KNOWN. ) ;
#11719 = VERTEX_POINT ( 'NONE', #7056 ) ;
#11720 = ADVANCED_FACE ( 'NONE', ( #5230 ), #4248, .T. ) ;
#11721 = DIRECTION ( 'NONE',  ( 0.000000000000000000, 1.000000000000000000, 0.000000000000000000 ) ) ;
#11722 = VERTEX_POINT ( 'NONE', #4057 ) ;
#11723 = VERTEX_POINT ( 'NONE', #3074 ) ;
#11724 = CARTESIAN_POINT ( 'NONE',  ( 128.8259999999999934, 26.77250000000000085, 3.000000000000000000 ) ) ;
#11725 = EDGE_CURVE ( 'NONE', #6109, #11959, #11944, .T. ) ;
#11726 = LINE ( 'NONE', #10489, #3989 ) ;
#11727 = AXIS2_PLACEMENT_3D ( 'NONE', #8965, #8906, #7135 ) ;
#11728 = DIRECTION ( 'NONE',  ( 0.000000000000000000, 0.000000000000000000, 1.000000000000000000 ) ) ;
#11729 = CARTESIAN_POINT ( 'NONE',  ( 4.856929999999986869, 133.0209999999999866, 3.000000000000000000 ) ) ;
#11730 = PLANE ( 'NONE',  #2873 ) ;
#11731 = VECTOR ( 'NONE', #9050, 1000.000000000000000 ) ;
#11732 = AXIS2_PLACEMENT_3D ( 'NONE', #1949, #902, #8150 ) ;
#11733 = ORIENTED_EDGE ( 'NONE', *, *, #10906, .F. ) ;
#11734 = ORIENTED_EDGE ( 'NONE', *, *, #11858, .T. ) ;
#11735 = LINE ( 'NONE', #2673, #10928 ) ;
#11736 = ORIENTED_EDGE ( 'NONE', *, *, #9109, .T. ) ;
#11737 = VERTEX_POINT ( 'NONE', #4120 ) ;
#11738 = ORIENTED_EDGE ( 'NONE', *, *, #9933, .F. ) ;
#11739 = ORIENTED_EDGE ( 'NONE', *, *, #6361, .T. ) ;
#11740 = CARTESIAN_POINT ( 'NONE',  ( 32.05040000000000333, 20.25169999999999959, 0.000000000000000000 ) ) ;
#11741 = EDGE_CURVE ( 'NONE', #5218, #1459, #245, .T. ) ;
#11742 = DIRECTION ( 'NONE',  ( 1.000000000000000000, 0.000000000000000000, 0.000000000000000000 ) ) ;
#11743 = VECTOR ( 'NONE', #5094, 1000.000000000000000 ) ;
#11744 = CARTESIAN_POINT ( 'NONE',  ( 97.85692999999997710, 131.5209999999999866, 3.000000000000000000 ) ) ;
#11745 = EDGE_CURVE ( 'NONE', #692, #1413, #4481, .T. ) ;
#11746 = CARTESIAN_POINT ( 'NONE',  ( 159.5449999999999875, 21.95950000000000557, 0.000000000000000000 ) ) ;
#11747 = CARTESIAN_POINT ( 'NONE',  ( 142.2439999999999998, 83.17159999999999798, 0.000000000000000000 ) ) ;
#11748 = AXIS2_PLACEMENT_3D ( 'NONE', #12213, #4446, #10311 ) ;
#11749 = LINE ( 'NONE', #10774, #1195 ) ;
#11750 = EDGE_CURVE ( 'NONE', #9928, #805, #1131, .T. ) ;
#11751 = VERTEX_POINT ( 'NONE', #3992 ) ;
#11752 = DIRECTION ( 'NONE',  ( -0.000000000000000000, -0.000000000000000000, -1.000000000000000000 ) ) ;
#11753 = CIRCLE ( 'NONE', #5722, 1.250000000000001110 ) ;
#11754 = ORIENTED_EDGE ( 'NONE', *, *, #5748, .T. ) ;
#11755 = VECTOR ( 'NONE', #1467, 1000.000000000000000 ) ;
#11756 = ORIENTED_EDGE ( 'NONE', *, *, #4721, .F. ) ;
#11757 = EDGE_LOOP ( 'NONE', ( #8739, #11336, #5155, #12634 ) ) ;
#11758 = LINE ( 'NONE', #845, #5466 ) ;
#11759 = DIRECTION ( 'NONE',  ( -1.000000000000000000, -0.000000000000000000, -0.000000000000000000 ) ) ;
#11760 = CARTESIAN_POINT ( 'NONE',  ( 55.85040000000000049, 7.952670000000000350, 3.000000000000000000 ) ) ;
#11761 = EDGE_LOOP ( 'NONE', ( #9575, #2942, #10777, #7920 ) ) ;
#11762 = CARTESIAN_POINT ( 'NONE',  ( 16.61919999999999931, 83.92270000000000607, 3.000000000000000000 ) ) ;
#11763 = VECTOR ( 'NONE', #4127, 1000.000000000000000 ) ;
#11764 = LINE ( 'NONE', #1709, #10783 ) ;
#11765 = VECTOR ( 'NONE', #1628, 1000.000000000000000 ) ;
#11766 = CARTESIAN_POINT ( 'NONE',  ( 64.24399999999999977, 78.87189999999999657, 0.000000000000000000 ) ) ;
#11767 = EDGE_CURVE ( 'NONE', #9190, #4137, #2941, .T. ) ;
#11768 = CARTESIAN_POINT ( 'NONE',  ( 197.5939999999999941, 2.960030000000000161, 3.000000000000000000 ) ) ;
#11769 = DIRECTION ( 'NONE',  ( 1.000000000000000000, 0.000000000000000000, 0.000000000000000000 ) ) ;
#11770 = FACE_OUTER_BOUND ( 'NONE', #665, .T. ) ;
#11771 = VECTOR ( 'NONE', #2494, 1000.000000000000000 ) ;
#11772 = DIRECTION ( 'NONE',  ( -0.000000000000000000, -1.000000000000000000, -0.000000000000000000 ) ) ;
#11773 = ORIENTED_EDGE ( 'NONE', *, *, #2314, .T. ) ;
#11775 = ORIENTED_EDGE ( 'NONE', *, *, #10182, .F. ) ;
#11774 = ORIENTED_EDGE ( 'NONE', *, *, #3144, .F. ) ;
#11776 = FACE_BOUND ( 'NONE', #3778, .T. ) ;
#11777 = EDGE_LOOP ( 'NONE', ( #3459, #4170, #12254, #5550 ) ) ;
#11778 = FACE_BOUND ( 'NONE', #1221, .T. ) ;
#11779 = ADVANCED_FACE ( 'NONE', ( #1953 ), #3006, .T. ) ;
#11780 = AXIS2_PLACEMENT_3D ( 'NONE', #368, #4368, #3446 ) ;
#11781 = LINE ( 'NONE', #4737, #5154 ) ;
#11782 = LINE ( 'NONE', #10015, #7995 ) ;
#11783 = CARTESIAN_POINT ( 'NONE',  ( 142.2439999999999998, 84.15269999999999584, 3.000000000000000000 ) ) ;
#11784 = CARTESIAN_POINT ( 'NONE',  ( 35.95720000000000027, 59.82189999999999941, 3.000000000000000000 ) ) ;
#11785 = CARTESIAN_POINT ( 'NONE',  ( 187.8569299999999771, 131.5209999999999866, 0.000000000000000000 ) ) ;
#11787 = ORIENTED_EDGE ( 'NONE', *, *, #12771, .F. ) ;
#11786 = ORIENTED_EDGE ( 'NONE', *, *, #4365, .F. ) ;
#11788 = AXIS2_PLACEMENT_3D ( 'NONE', #7146, #2255, #3306 ) ;
#11789 = ORIENTED_EDGE ( 'NONE', *, *, #6167, .F. ) ;
#11790 = DIRECTION ( 'NONE',  ( -0.000000000000000000, -0.000000000000000000, -1.000000000000000000 ) ) ;
#11791 = ORIENTED_EDGE ( 'NONE', *, *, #11123, .F. ) ;
#11792 = ORIENTED_EDGE ( 'NONE', *, *, #11332, .F. ) ;
#11793 = DIRECTION ( 'NONE',  ( 0.000000000000000000, -0.000000000000000000, -1.000000000000000000 ) ) ;
#11794 = ADVANCED_FACE ( 'NONE', ( #6986 ), #9145, .T. ) ;
#11795 = PLANE ( 'NONE',  #3572 ) ;
#11796 = CARTESIAN_POINT ( 'NONE',  ( 102.3439999999999941, 78.87189999999999657, 0.000000000000000000 ) ) ;
#11797 = AXIS2_PLACEMENT_3D ( 'NONE', #3151, #11180, #6225 ) ;
#11798 = DIRECTION ( 'NONE',  ( -0.000000000000000000, -1.000000000000000000, -0.000000000000000000 ) ) ;
#11799 = CARTESIAN_POINT ( 'NONE',  ( 121.6820000000000022, 112.4980000000000047, 3.000000000000000000 ) ) ;
#11800 = ORIENTED_EDGE ( 'NONE', *, *, #1301, .T. ) ;
#11801 = EDGE_CURVE ( 'NONE', #3935, #314, #10968, .T. ) ;
#11802 = VERTEX_POINT ( 'NONE', #1039 ) ;
#11803 = DIRECTION ( 'NONE',  ( 0.000000000000000000, 1.000000000000000000, 0.000000000000000000 ) ) ;
#11804 = ORIENTED_EDGE ( 'NONE', *, *, #8426, .F. ) ;
#11805 = VECTOR ( 'NONE', #6830, 1000.000000000000000 ) ;
#11806 = VERTEX_POINT ( 'NONE', #9012 ) ;
#11807 = ORIENTED_EDGE ( 'NONE', *, *, #10194, .T. ) ;
#11808 = CARTESIAN_POINT ( 'NONE',  ( 18.13192999999999699, 102.9218999999999937, 3.000000000000000000 ) ) ;
#11809 = CARTESIAN_POINT ( 'NONE',  ( 35.66899999999999693, 97.92189999999999372, 3.000000000000000000 ) ) ;
#11810 = DIRECTION ( 'NONE',  ( 0.000000000000000000, 0.000000000000000000, -1.000000000000000000 ) ) ;
#11811 = EDGE_CURVE ( 'NONE', #5997, #1394, #8156, .T. ) ;
#11812 = VECTOR ( 'NONE', #11143, 1000.000000000000000 ) ;
#11813 = LINE ( 'NONE', #9916, #12475 ) ;
#11814 = DIRECTION ( 'NONE',  ( 0.000000000000000000, 0.000000000000000000, -1.000000000000000000 ) ) ;
#11815 = ADVANCED_FACE ( 'NONE', ( #12008 ), #5102, .T. ) ;
#11816 = ORIENTED_EDGE ( 'NONE', *, *, #1907, .T. ) ;
#11817 = LINE ( 'NONE', #7899, #8636 ) ;
#11818 = ORIENTED_EDGE ( 'NONE', *, *, #5673, .F. ) ;
#11819 = ORIENTED_EDGE ( 'NONE', *, *, #5907, .T. ) ;
#11820 = VECTOR ( 'NONE', #8193, 1000.000000000000000 ) ;
#11821 = ORIENTED_EDGE ( 'NONE', *, *, #3435, .T. ) ;
#11822 = LINE ( 'NONE', #6867, #4848 ) ;
#11823 = LINE ( 'NONE', #2889, #7789 ) ;
#11824 = AXIS2_PLACEMENT_3D ( 'NONE', #11316, #6425, #11445 ) ;
#11825 = CARTESIAN_POINT ( 'NONE',  ( 161.0180000000000007, 88.62170000000001835, 0.000000000000000000 ) ) ;
#11826 = ORIENTED_EDGE ( 'NONE', *, *, #8731, .F. ) ;
#11827 = CARTESIAN_POINT ( 'NONE',  ( 85.67529999999999291, 7.722520000000000273, 3.000000000000000000 ) ) ;
#11828 = CARTESIAN_POINT ( 'NONE',  ( 143.9689999999999941, 88.62170000000001835, 3.000000000000000000 ) ) ;
#11829 = AXIS2_PLACEMENT_3D ( 'NONE', #2833, #6813, #6748 ) ;
#11830 = VECTOR ( 'NONE', #5453, 1000.000000000000000 ) ;
#11831 = CARTESIAN_POINT ( 'NONE',  ( 30.90660000000000451, 59.82189999999999941, 0.000000000000000000 ) ) ;
#11832 = ADVANCED_FACE ( 'NONE', ( #3139 ), #7115, .T. ) ;
#11833 = CARTESIAN_POINT ( 'NONE',  ( 7.856929999999980652, 131.5209999999999866, 3.000000000000000000 ) ) ;
#11834 = LINE ( 'NONE', #5644, #5573 ) ;
#11835 = AXIS2_PLACEMENT_3D ( 'NONE', #10510, #4637, #11616 ) ;
#11836 = LINE ( 'NONE', #3680, #5546 ) ;
#11837 = ORIENTED_EDGE ( 'NONE', *, *, #6683, .T. ) ;
#11839 = ORIENTED_EDGE ( 'NONE', *, *, #5681, .T. ) ;
#11838 = CARTESIAN_POINT ( 'NONE',  ( 150.2570000000000050, 64.87269999999999470, 3.000000000000000000 ) ) ;
#11840 = VECTOR ( 'NONE', #12428, 1000.000000000000000 ) ;
#11841 = EDGE_CURVE ( 'NONE', #1345, #11464, #3273, .T. ) ;
#11842 = DIRECTION ( 'NONE',  ( -1.000000000000000000, -0.000000000000000000, -0.000000000000000000 ) ) ;
#11843 = ORIENTED_EDGE ( 'NONE', *, *, #12329, .T. ) ;
#11844 = LINE ( 'NONE', #7726, #12032 ) ;
#11845 = CARTESIAN_POINT ( 'NONE',  ( 183.5949999999999989, 16.95949999999999847, 0.000000000000000000 ) ) ;
#11846 = CARTESIAN_POINT ( 'NONE',  ( 185.9759999999999991, 112.4980000000000047, 3.000000000000000000 ) ) ;
#11847 = CARTESIAN_POINT ( 'NONE',  ( 2.619650000000000478, 83.92270000000000607, 3.000000000000000000 ) ) ;
#11848 = AXIS2_PLACEMENT_3D ( 'NONE', #1693, #7701, #10772 ) ;
#11849 = DIRECTION ( 'NONE',  ( -1.000000000000000000, 0.000000000000000000, 0.000000000000000000 ) ) ;
#11850 = DIRECTION ( 'NONE',  ( 1.821231995776175725E-16, -1.000000000000000000, 0.000000000000000000 ) ) ;
#11852 = ORIENTED_EDGE ( 'NONE', *, *, #968, .F. ) ;
#11851 = ORIENTED_EDGE ( 'NONE', *, *, #11591, .T. ) ;
#11853 = EDGE_LOOP ( 'NONE', ( #2292, #6367, #93, #5272 ) ) ;
#11854 = LINE ( 'NONE', #6955, #11091 ) ;
#11855 = EDGE_CURVE ( 'NONE', #5291, #9312, #313, .T. ) ;
#11856 = ORIENTED_EDGE ( 'NONE', *, *, #9363, .T. ) ;
#11857 = ADVANCED_FACE ( 'NONE', ( #3524 ), #12207, .F. ) ;
#11858 = EDGE_CURVE ( 'NONE', #2499, #9310, #5289, .T. ) ;
#11859 = ORIENTED_EDGE ( 'NONE', *, *, #7246, .T. ) ;
#11860 = CARTESIAN_POINT ( 'NONE',  ( 150.2570000000000050, 78.87189999999999657, 3.000000000000000000 ) ) ;
#11861 = DIRECTION ( 'NONE',  ( -0.000000000000000000, -1.000000000000000000, -0.000000000000000000 ) ) ;
#11862 = DIRECTION ( 'NONE',  ( -0.000000000000000000, -0.000000000000000000, -1.000000000000000000 ) ) ;
#11863 = DIRECTION ( 'NONE',  ( -0.000000000000000000, 1.000000000000000000, -0.000000000000000000 ) ) ;
#11864 = CARTESIAN_POINT ( 'NONE',  ( 130.9190000000000111, 97.92189999999999372, 0.000000000000000000 ) ) ;
#11865 = ORIENTED_EDGE ( 'NONE', *, *, #10632, .T. ) ;
#11866 = EDGE_CURVE ( 'NONE', #8112, #2891, #6271, .T. ) ;
#11867 = ADVANCED_FACE ( 'NONE', ( #4503 ), #12276, .T. ) ;
#11868 = ORIENTED_EDGE ( 'NONE', *, *, #6896, .T. ) ;
#11869 = DIRECTION ( 'NONE',  ( -0.000000000000000000, -0.000000000000000000, 1.000000000000000000 ) ) ;
#11870 = EDGE_LOOP ( 'NONE', ( #1682, #2551, #11308, #9280 ) ) ;
#11871 = ORIENTED_EDGE ( 'NONE', *, *, #2442, .T. ) ;
#11872 = ORIENTED_EDGE ( 'NONE', *, *, #12366, .T. ) ;
#11873 = PLANE ( 'NONE',  #11643 ) ;
#11874 = CARTESIAN_POINT ( 'NONE',  ( 135.6819999999999879, 112.4980000000000047, 3.000000000000000000 ) ) ;
#11875 = LINE ( 'NONE', #970, #12365 ) ;
#11876 = ADVANCED_FACE ( 'NONE', ( #7370 ), #1297, .T. ) ;
#11877 = LINE ( 'NONE', #974, #7887 ) ;
#11878 = CARTESIAN_POINT ( 'NONE',  ( 119.3010000000000019, 7.722520000000000273, 3.000000000000000000 ) ) ;
#11879 = EDGE_LOOP ( 'NONE', ( #2003, #3222, #3113, #825 ) ) ;
#11880 = DIRECTION ( 'NONE',  ( 0.000000000000000000, 0.000000000000000000, 1.000000000000000000 ) ) ;
#11881 = ORIENTED_EDGE ( 'NONE', *, *, #9587, .T. ) ;
#11882 = EDGE_LOOP ( 'NONE', ( #1848, #4301, #980, #5534 ) ) ;
#11883 = ORIENTED_EDGE ( 'NONE', *, *, #9719, .T. ) ;
#11884 = LINE ( 'NONE', #6927, #12541 ) ;
#11885 = EDGE_CURVE ( 'NONE', #10801, #10439, #2413, .T. ) ;
#11886 = DIRECTION ( 'NONE',  ( -0.000000000000000000, -0.000000000000000000, -1.000000000000000000 ) ) ;
#11887 = CARTESIAN_POINT ( 'NONE',  ( 107.3950000000000102, 64.87269999999999470, 3.000000000000000000 ) ) ;
#11888 = ORIENTED_EDGE ( 'NONE', *, *, #11380, .T. ) ;
#11889 = CARTESIAN_POINT ( 'NONE',  ( 202.3569999999999993, 59.82189999999999941, 3.000000000000000000 ) ) ;
#11890 = EDGE_CURVE ( 'NONE', #2729, #1204, #7496, .T. ) ;
#11891 = CARTESIAN_POINT ( 'NONE',  ( 162.7429999999999950, 96.45159999999999911, 3.000000000000000000 ) ) ;
#11892 = DIRECTION ( 'NONE',  ( 0.000000000000000000, -0.000000000000000000, -1.000000000000000000 ) ) ;
#11893 = FACE_OUTER_BOUND ( 'NONE', #4459, .T. ) ;
#11894 = DIRECTION ( 'NONE',  ( 0.000000000000000000, -1.000000000000000000, 0.000000000000000000 ) ) ;
#11895 = DIRECTION ( 'NONE',  ( 0.000000000000000000, -0.000000000000000000, 1.000000000000000000 ) ) ;
#11896 = ORIENTED_EDGE ( 'NONE', *, *, #6486, .F. ) ;
#11898 = ORIENTED_EDGE ( 'NONE', *, *, #4275, .F. ) ;
#11897 = DIRECTION ( 'NONE',  ( -0.000000000000000000, -0.000000000000000000, -1.000000000000000000 ) ) ;
#11899 = EDGE_CURVE ( 'NONE', #12467, #2729, #12464, .T. ) ;
#11900 = FACE_BOUND ( 'NONE', #7088, .T. ) ;
#11901 = ORIENTED_EDGE ( 'NONE', *, *, #377, .F. ) ;
#11902 = FACE_BOUND ( 'NONE', #10918, .T. ) ;
#11903 = ADVANCED_FACE ( 'NONE', ( #384 ), #6460, .T. ) ;
#11904 = CARTESIAN_POINT ( 'NONE',  ( 45.19400000000000261, 64.87269999999999470, 3.000000000000000000 ) ) ;
#11905 = CARTESIAN_POINT ( 'NONE',  ( 134.0130000000000337, 55.12149999999999750, 3.000000000000000000 ) ) ;
#11906 = CARTESIAN_POINT ( 'NONE',  ( 134.8369999999999891, 52.32260000000000133, 3.000000000000000000 ) ) ;
#11907 = VECTOR ( 'NONE', #12180, 1000.000000000000000 ) ;
#11908 = EDGE_CURVE ( 'NONE', #11723, #5340, #10436, .T. ) ;
#11909 = DIRECTION ( 'NONE',  ( 0.000000000000000000, -0.000000000000000000, -1.000000000000000000 ) ) ;
#11910 = CARTESIAN_POINT ( 'NONE',  ( 134.0130000000000337, 55.12149999999999750, 3.000000000000000000 ) ) ;
#11912 = VERTEX_POINT ( 'NONE', #3396 ) ;
#11911 = VERTEX_POINT ( 'NONE', #8416 ) ;
#11913 = ORIENTED_EDGE ( 'NONE', *, *, #4157, .T. ) ;
#11914 = ADVANCED_FACE ( 'NONE', ( #10375 ), #1428, .F. ) ;
#11915 = CARTESIAN_POINT ( 'NONE',  ( 121.6820000000000022, 126.4969999999999999, 3.000000000000000000 ) ) ;
#11916 = VERTEX_POINT ( 'NONE', #12398 ) ;
#11917 = CYLINDRICAL_SURFACE ( 'NONE', #8824, 0.5000000000000004441 ) ;
#11918 = ORIENTED_EDGE ( 'NONE', *, *, #7139, .F. ) ;
#11919 = VECTOR ( 'NONE', #10616, 1000.000000000000000 ) ;
#11920 = DIRECTION ( 'NONE',  ( -0.000000000000000000, -1.000000000000000000, -0.000000000000000000 ) ) ;
#11921 = DIRECTION ( 'NONE',  ( 0.000000000000000000, -1.000000000000000000, 0.000000000000000000 ) ) ;
#11922 = LINE ( 'NONE', #2197, #4953 ) ;
#11923 = AXIS2_PLACEMENT_3D ( 'NONE', #1998, #4034, #10031 ) ;
#11924 = PLANE ( 'NONE',  #5678 ) ;
#11925 = DIRECTION ( 'NONE',  ( -1.000000000000000000, 0.000000000000000000, 0.000000000000000000 ) ) ;
#11926 = CARTESIAN_POINT ( 'NONE',  ( 73.76900000000000546, 83.92270000000000607, 3.000000000000000000 ) ) ;
#11927 = ADVANCED_FACE ( 'NONE', ( #3460 ), #1556, .T. ) ;
#11928 = EDGE_CURVE ( 'NONE', #5869, #2689, #5483, .T. ) ;
#11929 = ORIENTED_EDGE ( 'NONE', *, *, #11939, .F. ) ;
#11930 = VERTEX_POINT ( 'NONE', #8223 ) ;
#11931 = FACE_OUTER_BOUND ( 'NONE', #231, .T. ) ;
#11932 = VERTEX_POINT ( 'NONE', #507 ) ;
#11933 = ORIENTED_EDGE ( 'NONE', *, *, #7831, .F. ) ;
#11934 = ORIENTED_EDGE ( 'NONE', *, *, #4665, .F. ) ;
#11935 = DIRECTION ( 'NONE',  ( 0.000000000000000000, -1.000000000000000000, 0.000000000000000000 ) ) ;
#11936 = LINE ( 'NONE', #2875, #11550 ) ;
#11937 = CARTESIAN_POINT ( 'NONE',  ( 143.9689999999999941, 93.22150000000000603, 3.000000000000000000 ) ) ;
#11938 = DIRECTION ( 'NONE',  ( -1.000000000000000000, 0.000000000000000000, 0.000000000000000000 ) ) ;
#11939 = EDGE_CURVE ( 'NONE', #11293, #11084, #11735, .T. ) ;
#11940 = VECTOR ( 'NONE', #8379, 1000.000000000000000 ) ;
#11941 = CARTESIAN_POINT ( 'NONE',  ( 159.4939999999999998, 97.92189999999999372, 3.000000000000000000 ) ) ;
#11942 = DIRECTION ( 'NONE',  ( 1.000000000000000000, 0.000000000000000000, 0.000000000000000000 ) ) ;
#11943 = ORIENTED_EDGE ( 'NONE', *, *, #1016, .F. ) ;
#11944 = LINE ( 'NONE', #5038, #9677 ) ;
#11945 = ORIENTED_EDGE ( 'NONE', *, *, #8382, .F. ) ;
#11946 = ORIENTED_EDGE ( 'NONE', *, *, #10422, .T. ) ;
#11947 = ORIENTED_EDGE ( 'NONE', *, *, #976, .T. ) ;
#11948 = AXIS2_PLACEMENT_3D ( 'NONE', #6202, #8017, #6980 ) ;
#11949 = PLANE ( 'NONE',  #6753 ) ;
#11950 = DIRECTION ( 'NONE',  ( -0.000000000000000000, -0.000000000000000000, -1.000000000000000000 ) ) ;
#11951 = ORIENTED_EDGE ( 'NONE', *, *, #12215, .T. ) ;
#11952 = CARTESIAN_POINT ( 'NONE',  ( 178.5440000000000111, 22.01000000000000156, 3.000000000000000000 ) ) ;
#11953 = CARTESIAN_POINT ( 'NONE',  ( 85.67529999999999291, 21.72200000000000131, 0.000000000000000000 ) ) ;
#11954 = DIRECTION ( 'NONE',  ( -1.000000000000000000, -0.000000000000000000, -0.000000000000000000 ) ) ;
#11955 = CARTESIAN_POINT ( 'NONE',  ( 167.7680000000000007, 96.45159999999999911, 3.000000000000000000 ) ) ;
#11956 = CARTESIAN_POINT ( 'NONE',  ( 25.30079999999999885, 20.25169999999999959, 3.000000000000000000 ) ) ;
#11957 = AXIS2_PLACEMENT_3D ( 'NONE', #11582, #3562, #11712 ) ;
#11958 = LINE ( 'NONE', #2239, #725 ) ;
#11959 = VERTEX_POINT ( 'NONE', #3851 ) ;
#11960 = EDGE_CURVE ( 'NONE', #1863, #606, #10566, .T. ) ;
#11962 = ORIENTED_EDGE ( 'NONE', *, *, #284, .T. ) ;
#11961 = LINE ( 'NONE', #3157, #4237 ) ;
#11963 = LINE ( 'NONE', #3099, #5093 ) ;
#11964 = ORIENTED_EDGE ( 'NONE', *, *, #6327, .T. ) ;
#11965 = VECTOR ( 'NONE', #513, 1000.000000000000000 ) ;
#11966 = FACE_OUTER_BOUND ( 'NONE', #1920, .T. ) ;
#11967 = CARTESIAN_POINT ( 'NONE',  ( 160.7949999999999875, 102.9218999999999937, 3.000000000000000000 ) ) ;
#11968 = DIRECTION ( 'NONE',  ( 0.000000000000000000, -1.000000000000000000, 0.000000000000000000 ) ) ;
#11969 = AXIS2_PLACEMENT_3D ( 'NONE', #11167, #4183, #1103 ) ;
#11970 = ADVANCED_FACE ( 'NONE', ( #694 ), #1621, .T. ) ;
#11971 = CARTESIAN_POINT ( 'NONE',  ( 54.12530000000000285, 21.17220000000000368, 3.000000000000000000 ) ) ;
#11972 = LINE ( 'NONE', #6241, #10321 ) ;
#11973 = ORIENTED_EDGE ( 'NONE', *, *, #11801, .F. ) ;
#11974 = ORIENTED_EDGE ( 'NONE', *, *, #6437, .T. ) ;
#11975 = FACE_OUTER_BOUND ( 'NONE', #5323, .T. ) ;
#11976 = ORIENTED_EDGE ( 'NONE', *, *, #8869, .T. ) ;
#11977 = FACE_OUTER_BOUND ( 'NONE', #8128, .T. ) ;
#11978 = AXIS2_PLACEMENT_3D ( 'NONE', #7606, #11721, #1795 ) ;
#11979 = ORIENTED_EDGE ( 'NONE', *, *, #11597, .T. ) ;
#11980 = CARTESIAN_POINT ( 'NONE',  ( 16.13192999999999699, -2.065918000000003474, 3.000000000000000000 ) ) ;
#11981 = PLANE ( 'NONE',  #10029 ) ;
#11982 = DIRECTION ( 'NONE',  ( -1.000000000000000000, -0.000000000000000000, -0.000000000000000000 ) ) ;
#11983 = DIRECTION ( 'NONE',  ( 0.000000000000000000, 1.000000000000000000, 0.000000000000000000 ) ) ;
#11984 = CARTESIAN_POINT ( 'NONE',  ( 102.6320000000000050, 26.77250000000000085, 0.000000000000000000 ) ) ;
#11985 = EDGE_CURVE ( 'NONE', #11529, #5217, #10759, .T. ) ;
#11986 = DIRECTION ( 'NONE',  ( 1.000000000000000000, 0.000000000000000000, 0.000000000000000000 ) ) ;
#11987 = AXIS2_PLACEMENT_3D ( 'NONE', #8239, #3093, #259 ) ;
#11988 = EDGE_CURVE ( 'NONE', #5321, #2993, #12784, .T. ) ;
#11990 = ORIENTED_EDGE ( 'NONE', *, *, #1535, .T. ) ;
#11989 = CARTESIAN_POINT ( 'NONE',  ( 10.11892999999999532, 62.84100000000002240, 3.000000000000000000 ) ) ;
#11991 = ORIENTED_EDGE ( 'NONE', *, *, #4845, .T. ) ;
#11992 = DIRECTION ( 'NONE',  ( -1.000000000000000000, 7.284927983104702902E-16, 0.000000000000000000 ) ) ;
#11993 = EDGE_LOOP ( 'NONE', ( #2210, #8159, #5391, #2575 ) ) ;
#11994 = EDGE_LOOP ( 'NONE', ( #1136, #12138, #7116, #5852 ) ) ;
#11995 = EDGE_LOOP ( 'NONE', ( #103, #6228, #8444, #4781 ) ) ;
#11996 = DIRECTION ( 'NONE',  ( 1.000000000000000000, 0.000000000000000000, 0.000000000000000000 ) ) ;
#11997 = EDGE_CURVE ( 'NONE', #7075, #9768, #4628, .T. ) ;
#11998 = CIRCLE ( 'NONE', #533, 1.249999999999999334 ) ;
#11999 = EDGE_CURVE ( 'NONE', #4601, #11202, #8542, .T. ) ;
#12000 = CARTESIAN_POINT ( 'NONE',  ( 88.21346499999998514, 102.9218999999999937, -7.000000000000000000 ) ) ;
#12001 = DIRECTION ( 'NONE',  ( 1.000000000000000000, 0.000000000000000000, 0.000000000000000000 ) ) ;
#12002 = DIRECTION ( 'NONE',  ( 0.000000000000000000, 1.000000000000000000, 0.000000000000000000 ) ) ;
#12003 = PLANE ( 'NONE',  #6937 ) ;
#12004 = DIRECTION ( 'NONE',  ( 0.000000000000000000, 0.000000000000000000, 1.000000000000000000 ) ) ;
#12005 = VECTOR ( 'NONE', #3458, 1000.000000000000000 ) ;
#12006 = FACE_OUTER_BOUND ( 'NONE', #10344, .T. ) ;
#12007 = VERTEX_POINT ( 'NONE', #11669 ) ;
#12008 = FACE_OUTER_BOUND ( 'NONE', #1234, .T. ) ;
#12009 = ORIENTED_EDGE ( 'NONE', *, *, #11689, .T. ) ;
#12010 = ORIENTED_EDGE ( 'NONE', *, *, #1652, .T. ) ;
#12011 = EDGE_LOOP ( 'NONE', ( #4602, #1430, #2961, #6576 ) ) ;
#12012 = EDGE_CURVE ( 'NONE', #11492, #1877, #4694, .T. ) ;
#12013 = DIRECTION ( 'NONE',  ( 0.000000000000000000, -1.000000000000000000, 0.000000000000000000 ) ) ;
#12014 = EDGE_CURVE ( 'NONE', #4931, #6164, #1746, .T. ) ;
#12015 = FACE_OUTER_BOUND ( 'NONE', #3554, .T. ) ;
#12016 = VECTOR ( 'NONE', #1248, 1000.000000000000000 ) ;
#12017 = CARTESIAN_POINT ( 'NONE',  ( 188.3569999999999993, 97.92189999999999372, 3.000000000000000000 ) ) ;
#12018 = VECTOR ( 'NONE', #4868, 1000.000000000000000 ) ;
#12019 = CARTESIAN_POINT ( 'NONE',  ( 133.3000000000000114, 7.722520000000000273, 3.000000000000000000 ) ) ;
#12020 = DIRECTION ( 'NONE',  ( -1.000000000000000000, 0.000000000000000000, 0.000000000000000000 ) ) ;
#12021 = CARTESIAN_POINT ( 'NONE',  ( 183.5949999999999989, 2.960030000000000161, 0.000000000000000000 ) ) ;
#12022 = LINE ( 'NONE', #8109, #10562 ) ;
#12023 = LINE ( 'NONE', #11048, #1563 ) ;
#12024 = VERTEX_POINT ( 'NONE', #2604 ) ;
#12025 = ADVANCED_FACE ( 'NONE', ( #3781 ), #12523, .T. ) ;
#12026 = VECTOR ( 'NONE', #10268, 1000.000000000000000 ) ;
#12028 = ORIENTED_EDGE ( 'NONE', *, *, #11172, .T. ) ;
#12027 = LINE ( 'NONE', #5120, #8186 ) ;
#12029 = FACE_BOUND ( 'NONE', #6779, .T. ) ;
#12030 = ORIENTED_EDGE ( 'NONE', *, *, #1522, .F. ) ;
#12031 = VECTOR ( 'NONE', #6904, 1000.000000000000000 ) ;
#12032 = VECTOR ( 'NONE', #4735, 1000.000000000000000 ) ;
#12033 = LINE ( 'NONE', #11124, #10978 ) ;
#12034 = DIRECTION ( 'NONE',  ( 0.000000000000000000, 1.000000000000000000, 0.000000000000000000 ) ) ;
#12035 = VECTOR ( 'NONE', #4577, 1000.000000000000000 ) ;
#12036 = EDGE_CURVE ( 'NONE', #12162, #12402, #6782, .T. ) ;
#12037 = CARTESIAN_POINT ( 'NONE',  ( 133.3000000000000114, 7.722520000000000273, 3.000000000000000000 ) ) ;
#12038 = DIRECTION ( 'NONE',  ( 0.000000000000000000, -1.000000000000000000, 0.000000000000000000 ) ) ;
#12039 = CARTESIAN_POINT ( 'NONE',  ( 208.8830000000000098, 133.0209999999999866, 0.000000000000000000 ) ) ;
#12040 = AXIS2_PLACEMENT_3D ( 'NONE', #11697, #8765, #12744 ) ;
#12041 = VERTEX_POINT ( 'NONE', #6851 ) ;
#12042 = ORIENTED_EDGE ( 'NONE', *, *, #11928, .F. ) ;
#12043 = DIRECTION ( 'NONE',  ( 1.000000000000000000, 0.000000000000000000, 0.000000000000000000 ) ) ;
#12044 = ORIENTED_EDGE ( 'NONE', *, *, #634, .F. ) ;
#12045 = VECTOR ( 'NONE', #3627, 1000.000000000000000 ) ;
#12046 = FACE_OUTER_BOUND ( 'NONE', #9203, .T. ) ;
#12047 = VERTEX_POINT ( 'NONE', #630 ) ;
#12048 = EDGE_CURVE ( 'NONE', #385, #10267, #6715, .T. ) ;
#12049 = DIRECTION ( 'NONE',  ( 0.000000000000000000, 0.000000000000000000, -1.000000000000000000 ) ) ;
#12050 = CARTESIAN_POINT ( 'NONE',  ( 26.43220000000000169, 26.77250000000000085, 3.000000000000000000 ) ) ;
#12051 = CARTESIAN_POINT ( 'NONE',  ( 54.71900000000000119, 83.92270000000000607, 0.000000000000000000 ) ) ;
#12052 = VECTOR ( 'NONE', #8234, 1000.000000000000000 ) ;
#12053 = LINE ( 'NONE', #2130, #6122 ) ;
#12054 = EDGE_CURVE ( 'NONE', #1413, #7495, #827, .T. ) ;
#12055 = FACE_OUTER_BOUND ( 'NONE', #5104, .T. ) ;
#12056 = DIRECTION ( 'NONE',  ( 0.000000000000000000, 0.000000000000000000, -1.000000000000000000 ) ) ;
#12058 = EDGE_LOOP ( 'NONE', ( #2671, #5674, #9648, #2062 ) ) ;
#12057 = CARTESIAN_POINT ( 'NONE',  ( 40.71970000000000312, 83.92270000000000607, 0.000000000000000000 ) ) ;
#12059 = ORIENTED_EDGE ( 'NONE', *, *, #76, .F. ) ;
#12060 = DIRECTION ( 'NONE',  ( -1.000000000000000000, 0.000000000000000000, 0.000000000000000000 ) ) ;
#12061 = ORIENTED_EDGE ( 'NONE', *, *, #8823, .T. ) ;
#12062 = ORIENTED_EDGE ( 'NONE', *, *, #11689, .F. ) ;
#12063 = VECTOR ( 'NONE', #1348, 1000.000000000000000 ) ;
#12064 = VERTEX_POINT ( 'NONE', #10694 ) ;
#12065 = LINE ( 'NONE', #12196, #1426 ) ;
#12066 = DIRECTION ( 'NONE',  ( 0.000000000000000000, 1.000000000000000000, 0.000000000000000000 ) ) ;
#12067 = CARTESIAN_POINT ( 'NONE',  ( 64.53220000000000312, 40.77190000000000225, 0.000000000000000000 ) ) ;
#12068 = ADVANCED_FACE ( 'NONE', ( #3582 ), #5740, .T. ) ;
#12069 = CARTESIAN_POINT ( 'NONE',  ( 143.1119999999999948, 55.12149999999999750, 0.000000000000000000 ) ) ;
#12070 = LINE ( 'NONE', #1842, #6736 ) ;
#12071 = LINE ( 'NONE', #903, #7052 ) ;
#12072 = EDGE_CURVE ( 'NONE', #9394, #5853, #8737, .T. ) ;
#12073 = DIRECTION ( 'NONE',  ( 0.000000000000000000, 1.000000000000000000, -0.000000000000000000 ) ) ;
#12074 = ORIENTED_EDGE ( 'NONE', *, *, #8967, .F. ) ;
#12075 = EDGE_CURVE ( 'NONE', #8464, #6381, #12718, .T. ) ;
#12076 = DIRECTION ( 'NONE',  ( 0.000000000000000000, 0.000000000000000000, -1.000000000000000000 ) ) ;
#12077 = AXIS2_PLACEMENT_3D ( 'NONE', #2755, #11559, #4526 ) ;
#12078 = ORIENTED_EDGE ( 'NONE', *, *, #10560, .T. ) ;
#12079 = ORIENTED_EDGE ( 'NONE', *, *, #8759, .F. ) ;
#12080 = ORIENTED_EDGE ( 'NONE', *, *, #4636, .T. ) ;
#12081 = LINE ( 'NONE', #7965, #3519 ) ;
#12082 = LINE ( 'NONE', #10124, #6550 ) ;
#12083 = DIRECTION ( 'NONE',  ( 0.000000000000000000, -0.000000000000000000, -1.000000000000000000 ) ) ;
#12084 = CARTESIAN_POINT ( 'NONE',  ( 134.0130000000000337, 55.12149999999999750, 3.000000000000000000 ) ) ;
#12085 = DIRECTION ( 'NONE',  ( -1.000000000000000000, 0.000000000000000000, 0.000000000000000000 ) ) ;
#12086 = PLANE ( 'NONE',  #8463 ) ;
#12087 = CARTESIAN_POINT ( 'NONE',  ( 50.24470000000000169, 64.87269999999999470, 3.000000000000000000 ) ) ;
#12088 = EDGE_CURVE ( 'NONE', #1558, #4830, #10828, .T. ) ;
#12089 = EDGE_CURVE ( 'NONE', #5744, #6703, #9840, .T. ) ;
#12090 = LINE ( 'NONE', #7200, #8878 ) ;
#12091 = VERTEX_POINT ( 'NONE', #5087 ) ;
#12093 = ORIENTED_EDGE ( 'NONE', *, *, #3724, .T. ) ;
#12092 = DIRECTION ( 'NONE',  ( 0.000000000000000000, 0.000000000000000000, 1.000000000000000000 ) ) ;
#12094 = FACE_BOUND ( 'NONE', #4960, .T. ) ;
#12095 = VERTEX_POINT ( 'NONE', #962 ) ;
#12096 = LINE ( 'NONE', #2048, #2232 ) ;
#12097 = CARTESIAN_POINT ( 'NONE',  ( 138.9430000000000121, 97.37229999999999563, 0.000000000000000000 ) ) ;
#12098 = ADVANCED_FACE ( 'NONE', ( #2930 ), #105, .T. ) ;
#12099 = DIRECTION ( 'NONE',  ( 1.000000000000000000, 0.000000000000000000, -0.000000000000000000 ) ) ;
#12100 = CARTESIAN_POINT ( 'NONE',  ( 2.619650000000000478, 83.92270000000000607, 0.000000000000000000 ) ) ;
#12101 = FACE_OUTER_BOUND ( 'NONE', #8207, .T. ) ;
#12102 = ORIENTED_EDGE ( 'NONE', *, *, #6882, .T. ) ;
#12103 = ORIENTED_EDGE ( 'NONE', *, *, #12927, .T. ) ;
#12104 = FACE_OUTER_BOUND ( 'NONE', #5892, .T. ) ;
#12105 = ORIENTED_EDGE ( 'NONE', *, *, #961, .T. ) ;
#12106 = VECTOR ( 'NONE', #12723, 1000.000000000000000 ) ;
#12107 = DIRECTION ( 'NONE',  ( -0.000000000000000000, 0.000000000000000000, -1.000000000000000000 ) ) ;
#12108 = ORIENTED_EDGE ( 'NONE', *, *, #4923, .T. ) ;
#12109 = LINE ( 'NONE', #11266, #981 ) ;
#12110 = LINE ( 'NONE', #4467, #12333 ) ;
#12111 = VECTOR ( 'NONE', #3389, 1000.000000000000000 ) ;
#12112 = DIRECTION ( 'NONE',  ( 1.000000000000000000, 0.000000000000000000, 0.000000000000000000 ) ) ;
#12113 = CARTESIAN_POINT ( 'NONE',  ( 143.9689999999999941, 93.22150000000000603, 0.000000000000000000 ) ) ;
#12114 = FACE_OUTER_BOUND ( 'NONE', #5604, .T. ) ;
#12115 = CARTESIAN_POINT ( 'NONE',  ( 32.05040000000000333, 20.25169999999999959, 0.000000000000000000 ) ) ;
#12116 = EDGE_CURVE ( 'NONE', #11722, #10267, #2073, .T. ) ;
#12118 = ORIENTED_EDGE ( 'NONE', *, *, #3775, .T. ) ;
#12117 = LINE ( 'NONE', #6058, #3287 ) ;
#12119 = VECTOR ( 'NONE', #6108, 1000.000000000000000 ) ;
#12120 = ORIENTED_EDGE ( 'NONE', *, *, #3915, .T. ) ;
#12121 = VECTOR ( 'NONE', #8104, 1000.000000000000000 ) ;
#12122 = DIRECTION ( 'NONE',  ( 1.000000000000000000, -7.284927983104702902E-16, 0.000000000000000000 ) ) ;
#12123 = ORIENTED_EDGE ( 'NONE', *, *, #8407, .F. ) ;
#12124 = ORIENTED_EDGE ( 'NONE', *, *, #11348, .F. ) ;
#12125 = ADVANCED_FACE ( 'NONE', ( #5024 ), #6910, .T. ) ;
#12126 = VERTEX_POINT ( 'NONE', #4103 ) ;
#12127 = CARTESIAN_POINT ( 'NONE',  ( 56.67589999999999861, 14.22269999999999968, 3.000000000000000000 ) ) ;
#12128 = AXIS2_PLACEMENT_3D ( 'NONE', #12926, #11938, #3134 ) ;
#12129 = CARTESIAN_POINT ( 'NONE',  ( 92.81900000000000261, 97.92189999999999372, 3.000000000000000000 ) ) ;
#12130 = DIRECTION ( 'NONE',  ( -1.000000000000000000, 0.000000000000000000, 0.000000000000000000 ) ) ;
#12131 = CARTESIAN_POINT ( 'NONE',  ( 4.856929999999992198, 110.4710000000000036, 3.000000000000000000 ) ) ;
#12132 = DIRECTION ( 'NONE',  ( 0.000000000000000000, 0.000000000000000000, 1.000000000000000000 ) ) ;
#12133 = LINE ( 'NONE', #9259, #7681 ) ;
#12134 = ADVANCED_FACE ( 'NONE', ( #1940 ), #6194, .T. ) ;
#12135 = DIRECTION ( 'NONE',  ( 1.000000000000000000, -0.000000000000000000, -0.000000000000000000 ) ) ;
#12136 = ORIENTED_EDGE ( 'NONE', *, *, #6948, .T. ) ;
#12137 = CARTESIAN_POINT ( 'NONE',  ( 208.8830000000000098, -3.565917999999999477, 3.000000000000000000 ) ) ;
#12138 = ORIENTED_EDGE ( 'NONE', *, *, #12865, .F. ) ;
#12139 = ORIENTED_EDGE ( 'NONE', *, *, #5117, .F. ) ;
#12140 = ADVANCED_FACE ( 'NONE', ( #11931 ), #4895, .F. ) ;
#12141 = EDGE_LOOP ( 'NONE', ( #1105, #5709, #12305, #8227 ) ) ;
#12142 = DIRECTION ( 'NONE',  ( 0.000000000000000000, 0.000000000000000000, 1.000000000000000000 ) ) ;
#12143 = CARTESIAN_POINT ( 'NONE',  ( 14.38192999999999522, 43.79100000000002524, 3.000000000000000000 ) ) ;
#12144 = CARTESIAN_POINT ( 'NONE',  ( 45.48219999999999885, 40.77190000000000225, 3.000000000000000000 ) ) ;
#12145 = VECTOR ( 'NONE', #6206, 1000.000000000000000 ) ;
#12146 = EDGE_CURVE ( 'NONE', #2057, #4072, #8079, .T. ) ;
#12147 = CARTESIAN_POINT ( 'NONE',  ( 83.58220000000000027, 26.77250000000000085, 3.000000000000000000 ) ) ;
#12148 = VECTOR ( 'NONE', #3225, 1000.000000000000000 ) ;
#12149 = DIRECTION ( 'NONE',  ( 1.000000000000000000, -0.000000000000000000, -0.000000000000000000 ) ) ;
#12150 = CARTESIAN_POINT ( 'NONE',  ( 133.3000000000000114, 7.722520000000000273, 0.000000000000000000 ) ) ;
#12151 = EDGE_CURVE ( 'NONE', #8083, #4731, #3980, .T. ) ;
#12152 = DIRECTION ( 'NONE',  ( 1.000000000000000000, -0.000000000000000000, -0.000000000000000000 ) ) ;
#12153 = LINE ( 'NONE', #4993, #11594 ) ;
#12154 = CARTESIAN_POINT ( 'NONE',  ( 12.14470000000000205, 64.87269999999999470, 0.000000000000000000 ) ) ;
#12155 = VECTOR ( 'NONE', #7305, 1000.000000000000000 ) ;
#12156 = VERTEX_POINT ( 'NONE', #4963 ) ;
#12157 = EDGE_CURVE ( 'NONE', #6366, #7388, #11153, .T. ) ;
#12158 = ORIENTED_EDGE ( 'NONE', *, *, #514, .F. ) ;
#12160 = ORIENTED_EDGE ( 'NONE', *, *, #9523, .F. ) ;
#12159 = LINE ( 'NONE', #400, #9851 ) ;
#12161 = CARTESIAN_POINT ( 'NONE',  ( 0.000000000000000000, 0.000000000000000000, 0.000000000000000000 ) ) ;
#12162 = VERTEX_POINT ( 'NONE', #8997 ) ;
#12163 = EDGE_CURVE ( 'NONE', #5464, #12156, #2137, .T. ) ;
#12164 = EDGE_CURVE ( 'NONE', #12064, #5665, #3126, .T. ) ;
#12165 = DIRECTION ( 'NONE',  ( -0.000000000000000000, -0.000000000000000000, -1.000000000000000000 ) ) ;
#12166 = DIRECTION ( 'NONE',  ( 0.000000000000000000, 0.000000000000000000, -1.000000000000000000 ) ) ;
#12167 = DIRECTION ( 'NONE',  ( -0.000000000000000000, 0.000000000000000000, -1.000000000000000000 ) ) ;
#12168 = LINE ( 'NONE', #1064, #8053 ) ;
#12169 = CYLINDRICAL_SURFACE ( 'NONE', #12412, 0.5000000000000000000 ) ;
#12170 = ORIENTED_EDGE ( 'NONE', *, *, #3063, .T. ) ;
#12171 = VECTOR ( 'NONE', #8356, 1000.000000000000000 ) ;
#12172 = ORIENTED_EDGE ( 'NONE', *, *, #9645, .T. ) ;
#12173 = AXIS2_PLACEMENT_3D ( 'NONE', #8955, #2029, #6083 ) ;
#12174 = ORIENTED_EDGE ( 'NONE', *, *, #5829, .T. ) ;
#12175 = AXIS2_PLACEMENT_3D ( 'NONE', #2112, #5127, #6170 ) ;
#12176 = EDGE_CURVE ( 'NONE', #8012, #4075, #2004, .T. ) ;
#12177 = CARTESIAN_POINT ( 'NONE',  ( 164.5449999999999875, 16.95949999999999847, 0.000000000000000000 ) ) ;
#12178 = EDGE_LOOP ( 'NONE', ( #6081, #2138, #8403, #107 ) ) ;
#12179 = LINE ( 'NONE', #2264, #5371 ) ;
#12180 = DIRECTION ( 'NONE',  ( -0.000000000000000000, -1.000000000000000000, -0.000000000000000000 ) ) ;
#12181 = VECTOR ( 'NONE', #2154, 1000.000000000000000 ) ;
#12182 = DIRECTION ( 'NONE',  ( -0.000000000000000000, 0.000000000000000000, -1.000000000000000000 ) ) ;
#12183 = CARTESIAN_POINT ( 'NONE',  ( 164.5449999999999875, 36.00939999999999941, 0.000000000000000000 ) ) ;
#12184 = PLANE ( 'NONE',  #10796 ) ;
#12185 = VECTOR ( 'NONE', #12658, 1000.000000000000000 ) ;
#12186 = CARTESIAN_POINT ( 'NONE',  ( 78.53149999999999409, 26.77250000000000085, 3.000000000000000000 ) ) ;
#12188 = ORIENTED_EDGE ( 'NONE', *, *, #2668, .T. ) ;
#12187 = DIRECTION ( 'NONE',  ( -0.000000000000000000, -0.000000000000000000, -1.000000000000000000 ) ) ;
#12189 = AXIS2_PLACEMENT_3D ( 'NONE', #9710, #763, #4763 ) ;
#12190 = VERTEX_POINT ( 'NONE', #9976 ) ;
#12191 = LINE ( 'NONE', #3326, #2821 ) ;
#12192 = ORIENTED_EDGE ( 'NONE', *, *, #11343, .T. ) ;
#12193 = ORIENTED_EDGE ( 'NONE', *, *, #6729, .T. ) ;
#12194 = EDGE_CURVE ( 'NONE', #7059, #10500, #8870, .T. ) ;
#12195 = EDGE_LOOP ( 'NONE', ( #9077, #8027, #12822, #6769 ) ) ;
#12196 = CARTESIAN_POINT ( 'NONE',  ( 160.3619999999999948, 45.07159999999999656, 0.000000000000000000 ) ) ;
#12197 = DIRECTION ( 'NONE',  ( 0.000000000000000000, -0.000000000000000000, -1.000000000000000000 ) ) ;
#12198 = PLANE ( 'NONE',  #11948 ) ;
#12199 = CARTESIAN_POINT ( 'NONE',  ( 59.48149999999999693, 126.4969999999999999, 0.000000000000000000 ) ) ;
#12200 = AXIS2_PLACEMENT_3D ( 'NONE', #798, #12749, #3814 ) ;
#12201 = CARTESIAN_POINT ( 'NONE',  ( 71.67600000000000193, 7.722520000000000273, 3.000000000000000000 ) ) ;
#12202 = EDGE_CURVE ( 'NONE', #10569, #1625, #4168, .T. ) ;
#12203 = LINE ( 'NONE', #7430, #8312 ) ;
#12204 = VECTOR ( 'NONE', #5667, 1000.000000000000000 ) ;
#12205 = LINE ( 'NONE', #12274, #2220 ) ;
#12206 = ORIENTED_EDGE ( 'NONE', *, *, #11855, .F. ) ;
#12207 = CYLINDRICAL_SURFACE ( 'NONE', #3636, 1.250000000000001110 ) ;
#12208 = EDGE_LOOP ( 'NONE', ( #3294, #9871, #7405, #8061 ) ) ;
#12209 = VECTOR ( 'NONE', #5582, 1000.000000000000000 ) ;
#12210 = VERTEX_POINT ( 'NONE', #4043 ) ;
#12211 = ORIENTED_EDGE ( 'NONE', *, *, #209, .T. ) ;
#12212 = AXIS2_PLACEMENT_3D ( 'NONE', #5184, #3154, #7133 ) ;
#12213 = CARTESIAN_POINT ( 'NONE',  ( 59.48149999999999693, 112.4980000000000047, 3.000000000000000000 ) ) ;
#12214 = PLANE ( 'NONE',  #9047 ) ;
#12215 = EDGE_CURVE ( 'NONE', #11647, #5340, #11082, .T. ) ;
#12216 = CARTESIAN_POINT ( 'NONE',  ( 137.2179999999999893, 84.15269999999999584, 0.000000000000000000 ) ) ;
#12217 = DIRECTION ( 'NONE',  ( 0.000000000000000000, 1.000000000000000000, -0.000000000000000000 ) ) ;
#12218 = VECTOR ( 'NONE', #8024, 1000.000000000000000 ) ;
#12219 = EDGE_CURVE ( 'NONE', #3596, #11806, #5150, .T. ) ;
#12220 = DIRECTION ( 'NONE',  ( -1.000000000000000000, 0.000000000000000000, 0.000000000000000000 ) ) ;
#12221 = LINE ( 'NONE', #4262, #8664 ) ;
#12222 = CARTESIAN_POINT ( 'NONE',  ( 2.619650000000000478, 83.92270000000000607, 3.000000000000000000 ) ) ;
#12223 = DIRECTION ( 'NONE',  ( 0.000000000000000000, 0.000000000000000000, -1.000000000000000000 ) ) ;
#12224 = VERTEX_POINT ( 'NONE', #2208 ) ;
#12225 = EDGE_LOOP ( 'NONE', ( #10763, #5390, #4944, #11375 ) ) ;
#12227 = ORIENTED_EDGE ( 'NONE', *, *, #8285, .T. ) ;
#12226 = CARTESIAN_POINT ( 'NONE',  ( 4.856929999999992198, 109.9710000000000036, 0.000000000000000000 ) ) ;
#12228 = AXIS2_PLACEMENT_3D ( 'NONE', #6696, #3896, #10676 ) ;
#12229 = CARTESIAN_POINT ( 'NONE',  ( 73.76900000000000546, 83.92270000000000607, 3.000000000000000000 ) ) ;
#12230 = ORIENTED_EDGE ( 'NONE', *, *, #9819, .T. ) ;
#12231 = DIRECTION ( 'NONE',  ( 0.000000000000000000, 0.000000000000000000, -1.000000000000000000 ) ) ;
#12232 = EDGE_CURVE ( 'NONE', #10233, #11130, #5116, .T. ) ;
#12233 = LINE ( 'NONE', #7279, #910 ) ;
#12234 = VECTOR ( 'NONE', #9615, 1000.000000000000000 ) ;
#12235 = PLANE ( 'NONE',  #4728 ) ;
#12236 = VECTOR ( 'NONE', #12112, 1000.000000000000000 ) ;
#12237 = CARTESIAN_POINT ( 'NONE',  ( 140.4439999999999884, 64.87269999999999470, 0.000000000000000000 ) ) ;
#12238 = EDGE_CURVE ( 'NONE', #2707, #11911, #2335, .T. ) ;
#12239 = EDGE_LOOP ( 'NONE', ( #12922, #8007, #2805, #7573 ) ) ;
#12240 = ORIENTED_EDGE ( 'NONE', *, *, #1937, .F. ) ;
#12241 = ORIENTED_EDGE ( 'NONE', *, *, #399, .T. ) ;
#12242 = AXIS2_PLACEMENT_3D ( 'NONE', #5327, #1076, #4092 ) ;
#12243 = LINE ( 'NONE', #477, #7256 ) ;
#12244 = ORIENTED_EDGE ( 'NONE', *, *, #3560, .F. ) ;
#12245 = CARTESIAN_POINT ( 'NONE',  ( 33.57589999999999719, 12.42159999999999975, 3.000000000000000000 ) ) ;
#12246 = AXIS2_PLACEMENT_3D ( 'NONE', #8912, #12898, #3956 ) ;
#12247 = DIRECTION ( 'NONE',  ( 0.000000000000000000, -0.000000000000000000, 1.000000000000000000 ) ) ;
#12248 = CARTESIAN_POINT ( 'NONE',  ( 187.8569299999999771, 131.5209999999999866, 3.000000000000000000 ) ) ;
#12249 = DIRECTION ( 'NONE',  ( 0.000000000000000000, 0.000000000000000000, 1.000000000000000000 ) ) ;
#12250 = VECTOR ( 'NONE', #5548, 1000.000000000000000 ) ;
#12251 = VECTOR ( 'NONE', #9300, 1000.000000000000000 ) ;
#12252 = PLANE ( 'NONE',  #8071 ) ;
#12253 = EDGE_CURVE ( 'NONE', #9823, #6525, #3444, .T. ) ;
#12255 = ORIENTED_EDGE ( 'NONE', *, *, #5728, .T. ) ;
#12254 = ORIENTED_EDGE ( 'NONE', *, *, #1253, .T. ) ;
#12256 = VECTOR ( 'NONE', #12532, 1000.000000000000000 ) ;
#12257 = ADVANCED_FACE ( 'NONE', ( #5468 ), #5274, .T. ) ;
#12258 = EDGE_CURVE ( 'NONE', #6229, #2418, #9378, .T. ) ;
#12259 = EDGE_LOOP ( 'NONE', ( #4662, #8158, #4249, #10874, #6107, #2706, #10276, #1299, #5188, #1193, #1125, #10990, #3899, #8124, #8366, #1666, #11272, #12765, #6094, #11868, #6666, #2586, #12009, #2921, #383, #621, #4693, #8853, #12, #9894, #8740, #11592, #5487, #9031, #9874, #9808, #73, #1206, #5856, #5930, #3782, #5822, #1792, #3936 ) ) ;
#12260 = CARTESIAN_POINT ( 'NONE',  ( 9.618929999999993541, 62.34100000000002240, 3.000000000000000000 ) ) ;
#12261 = ORIENTED_EDGE ( 'NONE', *, *, #9936, .F. ) ;
#12262 = ORIENTED_EDGE ( 'NONE', *, *, #5729, .F. ) ;
#12263 = VERTEX_POINT ( 'NONE', #8467 ) ;
#12264 = CYLINDRICAL_SURFACE ( 'NONE', #6024, 1.250000000000001110 ) ;
#12265 = VECTOR ( 'NONE', #11109, 1000.000000000000000 ) ;
#12266 = CARTESIAN_POINT ( 'NONE',  ( 139.8630000000000280, 45.07159999999999656, 3.000000000000000000 ) ) ;
#12267 = CARTESIAN_POINT ( 'NONE',  ( 23.90692999999999913, 24.24100000000002098, 3.000000000000000000 ) ) ;
#12268 = DIRECTION ( 'NONE',  ( -1.000000000000000000, 0.000000000000000000, 0.000000000000000000 ) ) ;
#12269 = FACE_OUTER_BOUND ( 'NONE', #6080, .T. ) ;
#12270 = EDGE_CURVE ( 'NONE', #4697, #10306, #3383, .T. ) ;
#12271 = CARTESIAN_POINT ( 'NONE',  ( 64.53220000000000312, 26.77250000000000085, 3.000000000000000000 ) ) ;
#12272 = ADVANCED_FACE ( 'NONE', ( #7356 ), #11338, .T. ) ;
#12273 = VECTOR ( 'NONE', #9723, 1000.000000000000000 ) ;
#12274 = CARTESIAN_POINT ( 'NONE',  ( 167.7680000000000007, 93.22150000000000603, 0.000000000000000000 ) ) ;
#12275 = ORIENTED_EDGE ( 'NONE', *, *, #10736, .F. ) ;
#12276 = PLANE ( 'NONE',  #919 ) ;
#12277 = VERTEX_POINT ( 'NONE', #9441 ) ;
#12278 = ORIENTED_EDGE ( 'NONE', *, *, #4682, .F. ) ;
#12279 = EDGE_LOOP ( 'NONE', ( #11586, #204 ) ) ;
#12280 = CARTESIAN_POINT ( 'NONE',  ( 40.71970000000000312, 83.92270000000000607, 3.000000000000000000 ) ) ;
#12281 = EDGE_CURVE ( 'NONE', #678, #2416, #11463, .T. ) ;
#12282 = DIRECTION ( 'NONE',  ( -1.000000000000000000, 0.000000000000000000, 0.000000000000000000 ) ) ;
#12283 = CARTESIAN_POINT ( 'NONE',  ( 54.12530000000000285, 6.972859999999999836, 3.000000000000000000 ) ) ;
#12284 = DIRECTION ( 'NONE',  ( -1.000000000000000000, 3.642463991552349972E-16, 0.000000000000000000 ) ) ;
#12285 = CARTESIAN_POINT ( 'NONE',  ( 14.38192999999999344, 62.34100000000002240, 3.000000000000000000 ) ) ;
#12286 = CARTESIAN_POINT ( 'NONE',  ( 142.8249999999999886, 40.77190000000000225, 0.000000000000000000 ) ) ;
#12287 = DIRECTION ( 'NONE',  ( -0.000000000000000000, -0.000000000000000000, -1.000000000000000000 ) ) ;
#12288 = EDGE_CURVE ( 'NONE', #1957, #9015, #12449, .T. ) ;
#12289 = DIRECTION ( 'NONE',  ( 0.000000000000000000, -1.000000000000000000, 0.000000000000000000 ) ) ;
#12290 = ORIENTED_EDGE ( 'NONE', *, *, #1713, .F. ) ;
#12291 = ORIENTED_EDGE ( 'NONE', *, *, #6333, .T. ) ;
#12293 = EDGE_LOOP ( 'NONE', ( #8920, #11918, #7939, #3226 ) ) ;
#12292 = LINE ( 'NONE', #10204, #12775 ) ;
#12294 = EDGE_CURVE ( 'NONE', #3442, #12210, #8274, .T. ) ;
#12295 = DIRECTION ( 'NONE',  ( -0.000000000000000000, -0.000000000000000000, -1.000000000000000000 ) ) ;
#12296 = VERTEX_POINT ( 'NONE', #6258 ) ;
#12297 = FACE_OUTER_BOUND ( 'NONE', #3054, .T. ) ;
#12298 = DIRECTION ( 'NONE',  ( -0.000000000000000000, -0.000000000000000000, 1.000000000000000000 ) ) ;
#12299 = LINE ( 'NONE', #9420, #3709 ) ;
#12300 = CARTESIAN_POINT ( 'NONE',  ( 7.382159999999999833, 112.4980000000000047, 3.000000000000000000 ) ) ;
#12301 = DIRECTION ( 'NONE',  ( 0.000000000000000000, 0.000000000000000000, -1.000000000000000000 ) ) ;
#12302 = ORIENTED_EDGE ( 'NONE', *, *, #1294, .F. ) ;
#12303 = EDGE_CURVE ( 'NONE', #264, #10868, #7484, .T. ) ;
#12304 = ORIENTED_EDGE ( 'NONE', *, *, #6611, .T. ) ;
#12305 = ORIENTED_EDGE ( 'NONE', *, *, #1384, .T. ) ;
#12306 = EDGE_CURVE ( 'NONE', #9660, #818, #8401, .T. ) ;
#12307 = CARTESIAN_POINT ( 'NONE',  ( 128.8259999999999934, 26.77250000000000085, 3.000000000000000000 ) ) ;
#12308 = EDGE_LOOP ( 'NONE', ( #171, #12702, #1992, #839 ) ) ;
#12309 = FACE_OUTER_BOUND ( 'NONE', #12678, .T. ) ;
#12310 = LINE ( 'NONE', #1403, #9519 ) ;
#12311 = EDGE_CURVE ( 'NONE', #2434, #9394, #12191, .T. ) ;
#12312 = CIRCLE ( 'NONE', #8742, 1.250000000000001110 ) ;
#12313 = DIRECTION ( 'NONE',  ( 0.000000000000000000, 0.000000000000000000, 1.000000000000000000 ) ) ;
#12314 = DIRECTION ( 'NONE',  ( 0.000000000000000000, -0.000000000000000000, -1.000000000000000000 ) ) ;
#12315 = FACE_OUTER_BOUND ( 'NONE', #2006, .T. ) ;
#12316 = EDGE_CURVE ( 'NONE', #4119, #4384, #3258, .T. ) ;
#12318 = ORIENTED_EDGE ( 'NONE', *, *, #4473, .F. ) ;
#12317 = ORIENTED_EDGE ( 'NONE', *, *, #12683, .T. ) ;
#12319 = ORIENTED_EDGE ( 'NONE', *, *, #2700, .T. ) ;
#12320 = CARTESIAN_POINT ( 'NONE',  ( 161.0180000000000007, 88.62170000000001835, 3.000000000000000000 ) ) ;
#12321 = ORIENTED_EDGE ( 'NONE', *, *, #6536, .T. ) ;
#12322 = ORIENTED_EDGE ( 'NONE', *, *, #5142, .T. ) ;
#12323 = ORIENTED_EDGE ( 'NONE', *, *, #11097, .T. ) ;
#12324 = VECTOR ( 'NONE', #9897, 1000.000000000000000 ) ;
#12325 = DIRECTION ( 'NONE',  ( -0.000000000000000000, 0.000000000000000000, -1.000000000000000000 ) ) ;
#12326 = PLANE ( 'NONE',  #11279 ) ;
#12327 = LINE ( 'NONE', #5413, #5285 ) ;
#12328 = DIRECTION ( 'NONE',  ( 1.000000000000000000, -0.000000000000000000, -0.000000000000000000 ) ) ;
#12329 = EDGE_CURVE ( 'NONE', #560, #7592, #230, .T. ) ;
#12330 = ADVANCED_FACE ( 'NONE', ( #1281 ), #12384, .F. ) ;
#12331 = FACE_OUTER_BOUND ( 'NONE', #1464, .T. ) ;
#12332 = PLANE ( 'NONE',  #5398 ) ;
#12333 = VECTOR ( 'NONE', #3486, 1000.000000000000000 ) ;
#12334 = DIRECTION ( 'NONE',  ( 1.000000000000000000, 0.000000000000000000, 0.000000000000000000 ) ) ;
#12335 = ORIENTED_EDGE ( 'NONE', *, *, #4326, .T. ) ;
#12336 = DIRECTION ( 'NONE',  ( 0.000000000000000000, 1.000000000000000000, 0.000000000000000000 ) ) ;
#12337 = ORIENTED_EDGE ( 'NONE', *, *, #10123, .T. ) ;
#12338 = VECTOR ( 'NONE', #2360, 1000.000000000000000 ) ;
#12339 = ORIENTED_EDGE ( 'NONE', *, *, #11150, .F. ) ;
#12340 = ORIENTED_EDGE ( 'NONE', *, *, #7780, .F. ) ;
#12341 = PLANE ( 'NONE',  #11131 ) ;
#12342 = EDGE_CURVE ( 'NONE', #7540, #3385, #11275, .T. ) ;
#12343 = DIRECTION ( 'NONE',  ( -0.000000000000000000, -0.000000000000000000, -1.000000000000000000 ) ) ;
#12344 = AXIS2_PLACEMENT_3D ( 'NONE', #878, #2975, #8125 ) ;
#12345 = DIRECTION ( 'NONE',  ( 0.000000000000000000, -0.000000000000000000, -1.000000000000000000 ) ) ;
#12346 = FACE_OUTER_BOUND ( 'NONE', #12508, .T. ) ;
#12347 = VECTOR ( 'NONE', #500, 1000.000000000000000 ) ;
#12348 = CARTESIAN_POINT ( 'NONE',  ( 178.5440000000000111, 36.00939999999999941, 3.000000000000000000 ) ) ;
#12349 = CARTESIAN_POINT ( 'NONE',  ( 35.95720000000000027, 59.82189999999999941, 0.000000000000000000 ) ) ;
#12350 = PLANE ( 'NONE',  #2230 ) ;
#12351 = ORIENTED_EDGE ( 'NONE', *, *, #3539, .F. ) ;
#12352 = CARTESIAN_POINT ( 'NONE',  ( 162.7429999999999950, 83.17159999999999798, 0.000000000000000000 ) ) ;
#12353 = VERTEX_POINT ( 'NONE', #5339 ) ;
#12354 = ORIENTED_EDGE ( 'NONE', *, *, #5315, .T. ) ;
#12355 = DIRECTION ( 'NONE',  ( 0.000000000000000000, -0.000000000000000000, -1.000000000000000000 ) ) ;
#12357 = ORIENTED_EDGE ( 'NONE', *, *, #2778, .T. ) ;
#12356 = CARTESIAN_POINT ( 'NONE',  ( 166.0440000000000111, 84.15269999999999584, 3.000000000000000000 ) ) ;
#12358 = DIRECTION ( 'NONE',  ( -1.000000000000000000, 3.642463991552349972E-16, 0.000000000000000000 ) ) ;
#12359 = ORIENTED_EDGE ( 'NONE', *, *, #12818, .T. ) ;
#12360 = FACE_OUTER_BOUND ( 'NONE', #2709, .T. ) ;
#12361 = DIRECTION ( 'NONE',  ( 0.000000000000000000, -1.000000000000000000, 0.000000000000000000 ) ) ;
#12362 = DIRECTION ( 'NONE',  ( -0.000000000000000000, -0.000000000000000000, -1.000000000000000000 ) ) ;
#12363 = VECTOR ( 'NONE', #5444, 1000.000000000000000 ) ;
#12364 = LINE ( 'NONE', #6554, #9939 ) ;
#12365 = VECTOR ( 'NONE', #7955, 1000.000000000000000 ) ;
#12366 = EDGE_CURVE ( 'NONE', #9841, #2499, #9893, .T. ) ;
#12367 = DIRECTION ( 'NONE',  ( -1.000000000000000000, -0.000000000000000000, -0.000000000000000000 ) ) ;
#12368 = VERTEX_POINT ( 'NONE', #7420 ) ;
#12369 = ORIENTED_EDGE ( 'NONE', *, *, #8897, .T. ) ;
#12370 = ORIENTED_EDGE ( 'NONE', *, *, #1085, .F. ) ;
#12371 = DIRECTION ( 'NONE',  ( 1.000000000000000000, 9.106159978880878627E-17, -0.000000000000000000 ) ) ;
#12372 = ORIENTED_EDGE ( 'NONE', *, *, #9762, .T. ) ;
#12373 = CARTESIAN_POINT ( 'NONE',  ( 55.85040000000000049, 20.25169999999999959, 3.000000000000000000 ) ) ;
#12374 = AXIS2_PLACEMENT_3D ( 'NONE', #9984, #11159, #238 ) ;
#12375 = EDGE_CURVE ( 'NONE', #5956, #4815, #3834, .T. ) ;
#12376 = CARTESIAN_POINT ( 'NONE',  ( 202.3569999999999993, 83.92270000000000607, 3.000000000000000000 ) ) ;
#12377 = DIRECTION ( 'NONE',  ( -0.000000000000000000, -0.000000000000000000, -1.000000000000000000 ) ) ;
#12378 = CARTESIAN_POINT ( 'NONE',  ( 54.12530000000000285, 20.25169999999999959, 3.000000000000000000 ) ) ;
#12379 = AXIS2_PLACEMENT_3D ( 'NONE', #1644, #7645, #10650 ) ;
#12380 = VECTOR ( 'NONE', #417, 1000.000000000000000 ) ;
#12382 = ORIENTED_EDGE ( 'NONE', *, *, #4013, .T. ) ;
#12381 = EDGE_LOOP ( 'NONE', ( #5840, #5739, #8789, #2803 ) ) ;
#12383 = ORIENTED_EDGE ( 'NONE', *, *, #1981, .T. ) ;
#12384 = PLANE ( 'NONE',  #6158 ) ;
#12385 = ORIENTED_EDGE ( 'NONE', *, *, #10182, .T. ) ;
#12386 = VERTEX_POINT ( 'NONE', #1669 ) ;
#12387 = LINE ( 'NONE', #7423, #8660 ) ;
#12388 = DIRECTION ( 'NONE',  ( -1.000000000000000000, 0.000000000000000000, 0.000000000000000000 ) ) ;
#12389 = VECTOR ( 'NONE', #10044, 1000.000000000000000 ) ;
#12390 = FACE_OUTER_BOUND ( 'NONE', #782, .T. ) ;
#12391 = DIRECTION ( 'NONE',  ( 0.000000000000000000, -0.000000000000000000, -1.000000000000000000 ) ) ;
#12392 = CARTESIAN_POINT ( 'NONE',  ( 137.2179999999999893, 93.22150000000000603, 3.000000000000000000 ) ) ;
#12393 = EDGE_CURVE ( 'NONE', #6676, #6413, #3567, .T. ) ;
#12394 = CARTESIAN_POINT ( 'NONE',  ( 121.3940000000000055, 64.87269999999999470, 3.000000000000000000 ) ) ;
#12395 = VECTOR ( 'NONE', #8352, 1000.000000000000000 ) ;
#12396 = CARTESIAN_POINT ( 'NONE',  ( 202.3569999999999993, 45.82269999999999754, 3.000000000000000000 ) ) ;
#12397 = ORIENTED_EDGE ( 'NONE', *, *, #11298, .T. ) ;
#12398 = CARTESIAN_POINT ( 'NONE',  ( 30.32509999999999906, 7.952670000000000350, 3.000000000000000000 ) ) ;
#12399 = VERTEX_POINT ( 'NONE', #5662 ) ;
#12400 = EDGE_CURVE ( 'NONE', #9810, #12633, #3634, .T. ) ;
#12401 = ORIENTED_EDGE ( 'NONE', *, *, #3740, .F. ) ;
#12402 = VERTEX_POINT ( 'NONE', #5796 ) ;
#12403 = FACE_OUTER_BOUND ( 'NONE', #6320, .T. ) ;
#12404 = DIRECTION ( 'NONE',  ( -1.000000000000000000, -0.000000000000000000, -0.000000000000000000 ) ) ;
#12405 = AXIS2_PLACEMENT_3D ( 'NONE', #9189, #10231, #6447 ) ;
#12406 = CARTESIAN_POINT ( 'NONE',  ( 167.7680000000000007, 84.15269999999999584, 3.000000000000000000 ) ) ;
#12407 = LINE ( 'NONE', #5298, #7037 ) ;
#12408 = DIRECTION ( 'NONE',  ( -0.000000000000000000, 1.000000000000000000, -0.000000000000000000 ) ) ;
#12409 = LINE ( 'NONE', #8431, #11576 ) ;
#12410 = LINE ( 'NONE', #3959, #5775 ) ;
#12411 = DIRECTION ( 'NONE',  ( -0.000000000000000000, -1.000000000000000000, -0.000000000000000000 ) ) ;
#12412 = AXIS2_PLACEMENT_3D ( 'NONE', #3237, #12301, #9491 ) ;
#12413 = ORIENTED_EDGE ( 'NONE', *, *, #1205, .T. ) ;
#12414 = EDGE_CURVE ( 'NONE', #816, #9063, #11589, .T. ) ;
#12415 = CARTESIAN_POINT ( 'NONE',  ( 126.1569999999999965, 59.82189999999999941, 3.000000000000000000 ) ) ;
#12416 = ORIENTED_EDGE ( 'NONE', *, *, #12646, .T. ) ;
#12417 = ORIENTED_EDGE ( 'NONE', *, *, #1697, .F. ) ;
#12418 = LINE ( 'NONE', #3479, #2125 ) ;
#12419 = EDGE_CURVE ( 'NONE', #7855, #9381, #557, .T. ) ;
#12421 = EDGE_LOOP ( 'NONE', ( #6975, #8979 ) ) ;
#12420 = CARTESIAN_POINT ( 'NONE',  ( 32.05040000000000333, 20.25169999999999959, 3.000000000000000000 ) ) ;
#12422 = DIRECTION ( 'NONE',  ( -0.000000000000000000, -0.000000000000000000, -1.000000000000000000 ) ) ;
#12423 = ORIENTED_EDGE ( 'NONE', *, *, #581, .F. ) ;
#12424 = VECTOR ( 'NONE', #10658, 1000.000000000000000 ) ;
#12425 = FACE_OUTER_BOUND ( 'NONE', #6733, .T. ) ;
#12426 = PLANE ( 'NONE',  #2866 ) ;
#12427 = DIRECTION ( 'NONE',  ( 1.000000000000000000, 2.218304324340536070E-17, 0.000000000000000000 ) ) ;
#12428 = DIRECTION ( 'NONE',  ( 0.000000000000000000, 0.000000000000000000, -1.000000000000000000 ) ) ;
#12429 = FACE_OUTER_BOUND ( 'NONE', #1431, .T. ) ;
#12430 = EDGE_CURVE ( 'NONE', #7857, #398, #8530, .T. ) ;
#12431 = LINE ( 'NONE', #7341, #8455 ) ;
#12432 = VECTOR ( 'NONE', #11850, 1000.000000000000000 ) ;
#12433 = ORIENTED_EDGE ( 'NONE', *, *, #5493, .F. ) ;
#12434 = ORIENTED_EDGE ( 'NONE', *, *, #8980, .F. ) ;
#12435 = LINE ( 'NONE', #9428, #4543 ) ;
#12436 = ORIENTED_EDGE ( 'NONE', *, *, #9587, .F. ) ;
#12437 = CARTESIAN_POINT ( 'NONE',  ( 64.53220000000000312, 112.4980000000000047, 0.000000000000000000 ) ) ;
#12438 = EDGE_CURVE ( 'NONE', #2263, #10760, #12768, .T. ) ;
#12439 = CARTESIAN_POINT ( 'NONE',  ( 161.0180000000000007, 88.62170000000001835, 3.000000000000000000 ) ) ;
#12440 = VECTOR ( 'NONE', #4148, 1000.000000000000000 ) ;
#12441 = CARTESIAN_POINT ( 'NONE',  ( 35.66899999999999693, 97.92189999999999372, 3.000000000000000000 ) ) ;
#12442 = VECTOR ( 'NONE', #11982, 1000.000000000000000 ) ;
#12443 = PLANE ( 'NONE',  #7259 ) ;
#12445 = ORIENTED_EDGE ( 'NONE', *, *, #1127, .T. ) ;
#12444 = VERTEX_POINT ( 'NONE', #4615 ) ;
#12446 = VECTOR ( 'NONE', #2492, 1000.000000000000000 ) ;
#12447 = ORIENTED_EDGE ( 'NONE', *, *, #2039, .F. ) ;
#12448 = ADVANCED_FACE ( 'NONE', ( #12570 ), #5726, .T. ) ;
#12449 = LINE ( 'NONE', #1411, #12603 ) ;
#12450 = ORIENTED_EDGE ( 'NONE', *, *, #2110, .F. ) ;
#12451 = AXIS2_PLACEMENT_3D ( 'NONE', #404, #7278, #535 ) ;
#12452 = ORIENTED_EDGE ( 'NONE', *, *, #3013, .F. ) ;
#12453 = DIRECTION ( 'NONE',  ( 1.000000000000000000, -0.000000000000000000, -0.000000000000000000 ) ) ;
#12454 = EDGE_CURVE ( 'NONE', #11704, #3015, #9766, .T. ) ;
#12455 = FACE_OUTER_BOUND ( 'NONE', #9236, .T. ) ;
#12456 = PLANE ( 'NONE',  #2367 ) ;
#12457 = VECTOR ( 'NONE', #2598, 1000.000000000000000 ) ;
#12458 = DIRECTION ( 'NONE',  ( -0.000000000000000000, -0.000000000000000000, 1.000000000000000000 ) ) ;
#12459 = AXIS2_PLACEMENT_3D ( 'NONE', #7790, #11646, #4667 ) ;
#12460 = AXIS2_PLACEMENT_3D ( 'NONE', #7093, #2000, #7414 ) ;
#12461 = CARTESIAN_POINT ( 'NONE',  ( 23.90692999999999557, 42.79100000000001813, 0.000000000000000000 ) ) ;
#12462 = DIRECTION ( 'NONE',  ( 1.000000000000000000, -0.000000000000000000, -0.000000000000000000 ) ) ;
#12463 = ORIENTED_EDGE ( 'NONE', *, *, #4902, .F. ) ;
#12464 = LINE ( 'NONE', #11290, #504 ) ;
#12465 = AXIS2_PLACEMENT_3D ( 'NONE', #3019, #10063, #3150 ) ;
#12466 = ORIENTED_EDGE ( 'NONE', *, *, #12048, .T. ) ;
#12467 = VERTEX_POINT ( 'NONE', #3701 ) ;
#12468 = EDGE_CURVE ( 'NONE', #4876, #3223, #9696, .T. ) ;
#12469 = ORIENTED_EDGE ( 'NONE', *, *, #4349, .T. ) ;
#12470 = CARTESIAN_POINT ( 'NONE',  ( 119.3010000000000019, 21.72200000000000131, 3.000000000000000000 ) ) ;
#12471 = EDGE_CURVE ( 'NONE', #11719, #11098, #2658, .T. ) ;
#12472 = DIRECTION ( 'NONE',  ( -1.000000000000000000, 0.000000000000000000, 0.000000000000000000 ) ) ;
#12473 = CARTESIAN_POINT ( 'NONE',  ( 55.85040000000000049, 17.02149999999999963, 3.000000000000000000 ) ) ;
#12474 = CARTESIAN_POINT ( 'NONE',  ( 197.5939999999999941, 2.960030000000000161, 0.000000000000000000 ) ) ;
#12475 = VECTOR ( 'NONE', #4117, 1000.000000000000000 ) ;
#12476 = ADVANCED_FACE ( 'NONE', ( #5603 ), #9507, .F. ) ;
#12477 = CARTESIAN_POINT ( 'NONE',  ( 178.5440000000000111, 112.4980000000000047, 0.000000000000000000 ) ) ;
#12478 = EDGE_CURVE ( 'NONE', #7806, #1074, #9573, .T. ) ;
#12479 = CARTESIAN_POINT ( 'NONE',  ( 202.3569999999999993, 64.87269999999999470, 0.000000000000000000 ) ) ;
#12480 = LINE ( 'NONE', #3535, #555 ) ;
#12481 = EDGE_CURVE ( 'NONE', #7963, #9081, #5537, .T. ) ;
#12482 = ORIENTED_EDGE ( 'NONE', *, *, #10208, .T. ) ;
#12483 = CARTESIAN_POINT ( 'NONE',  ( 2.619650000000000478, 97.92189999999999372, 0.000000000000000000 ) ) ;
#12484 = ORIENTED_EDGE ( 'NONE', *, *, #5011, .T. ) ;
#12485 = EDGE_LOOP ( 'NONE', ( #6146, #11733, #6989, #8259 ) ) ;
#12486 = CARTESIAN_POINT ( 'NONE',  ( 164.5449999999999875, 22.01000000000000156, 3.000000000000000000 ) ) ;
#12488 = EDGE_LOOP ( 'NONE', ( #10391, #11604, #12556, #573 ) ) ;
#12487 = CARTESIAN_POINT ( 'NONE',  ( 40.43149999999999977, 112.4980000000000047, 3.000000000000000000 ) ) ;
#12489 = CARTESIAN_POINT ( 'NONE',  ( 126.4450000000000074, 78.87189999999999657, 3.000000000000000000 ) ) ;
#12490 = ORIENTED_EDGE ( 'NONE', *, *, #6889, .F. ) ;
#12491 = CARTESIAN_POINT ( 'NONE',  ( 160.3619999999999948, 45.07159999999999656, 3.000000000000000000 ) ) ;
#12492 = DIRECTION ( 'NONE',  ( -0.000000000000000000, -0.000000000000000000, -1.000000000000000000 ) ) ;
#12493 = DIRECTION ( 'NONE',  ( 1.000000000000000000, -0.000000000000000000, -0.000000000000000000 ) ) ;
#12494 = EDGE_CURVE ( 'NONE', #262, #3795, #9634, .T. ) ;
#12495 = LINE ( 'NONE', #2312, #7662 ) ;
#12496 = EDGE_CURVE ( 'NONE', #12633, #6192, #680, .T. ) ;
#12497 = CARTESIAN_POINT ( 'NONE',  ( 97.58150000000000546, 40.77190000000000225, 0.000000000000000000 ) ) ;
#12498 = CARTESIAN_POINT ( 'NONE',  ( 166.0440000000000111, 97.37229999999999563, 3.000000000000000000 ) ) ;
#12499 = EDGE_LOOP ( 'NONE', ( #5555, #3831, #5680, #1476 ) ) ;
#12500 = ORIENTED_EDGE ( 'NONE', *, *, #3763, .T. ) ;
#12501 = CARTESIAN_POINT ( 'NONE',  ( 83.29399999999999693, 64.87269999999999470, 0.000000000000000000 ) ) ;
#12502 = EDGE_LOOP ( 'NONE', ( #426, #3062, #7102, #4381 ) ) ;
#12503 = CARTESIAN_POINT ( 'NONE',  ( 26.43220000000000169, 40.77190000000000225, 0.000000000000000000 ) ) ;
#12504 = EDGE_CURVE ( 'NONE', #11369, #5218, #12635, .T. ) ;
#12505 = DIRECTION ( 'NONE',  ( 1.000000000000000000, 0.000000000000000000, 0.000000000000000000 ) ) ;
#12506 = CARTESIAN_POINT ( 'NONE',  ( 4.356929999999991310, 110.4710000000000036, 3.000000000000000000 ) ) ;
#12507 = FACE_OUTER_BOUND ( 'NONE', #5276, .T. ) ;
#12509 = VERTEX_POINT ( 'NONE', #4748 ) ;
#12508 = EDGE_LOOP ( 'NONE', ( #6016, #188, #11036, #11717 ) ) ;
#12510 = ORIENTED_EDGE ( 'NONE', *, *, #5717, .T. ) ;
#12511 = CARTESIAN_POINT ( 'NONE',  ( 178.5440000000000111, 22.01000000000000156, 3.000000000000000000 ) ) ;
#12512 = ORIENTED_EDGE ( 'NONE', *, *, #11745, .F. ) ;
#12513 = ORIENTED_EDGE ( 'NONE', *, *, #11138, .F. ) ;
#12514 = DIRECTION ( 'NONE',  ( -0.000000000000000000, -0.000000000000000000, -1.000000000000000000 ) ) ;
#12515 = DIRECTION ( 'NONE',  ( 0.000000000000000000, 1.000000000000000000, 0.000000000000000000 ) ) ;
#12516 = DIRECTION ( 'NONE',  ( -0.000000000000000000, -0.000000000000000000, 1.000000000000000000 ) ) ;
#12517 = CARTESIAN_POINT ( 'NONE',  ( 14.38193000000002009, -4.565918000000003474, 0.000000000000000000 ) ) ;
#12518 = EDGE_CURVE ( 'NONE', #9080, #7993, #8722, .T. ) ;
#12519 = DIRECTION ( 'NONE',  ( 0.000000000000000000, -1.000000000000000000, 0.000000000000000000 ) ) ;
#12520 = LINE ( 'NONE', #12903, #10965 ) ;
#12521 = EDGE_CURVE ( 'NONE', #3432, #3935, #9006, .T. ) ;
#12522 = VERTEX_POINT ( 'NONE', #11915 ) ;
#12523 = PLANE ( 'NONE',  #3644 ) ;
#12524 = ORIENTED_EDGE ( 'NONE', *, *, #3569, .F. ) ;
#12525 = ORIENTED_EDGE ( 'NONE', *, *, #8262, .T. ) ;
#12526 = EDGE_LOOP ( 'NONE', ( #1012, #9888, #3187, #10568 ) ) ;
#12527 = PLANE ( 'NONE',  #12797 ) ;
#12528 = LINE ( 'NONE', #7561, #7801 ) ;
#12529 = CARTESIAN_POINT ( 'NONE',  ( 40.43149999999999977, 126.4969999999999999, 3.000000000000000000 ) ) ;
#12530 = VECTOR ( 'NONE', #687, 1000.000000000000000 ) ;
#12531 = EDGE_CURVE ( 'NONE', #9299, #9588, #4026, .T. ) ;
#12532 = DIRECTION ( 'NONE',  ( -0.000000000000000000, -1.000000000000000000, -0.000000000000000000 ) ) ;
#12533 = LINE ( 'NONE', #4579, #11641 ) ;
#12534 = DIRECTION ( 'NONE',  ( 0.000000000000000000, -0.000000000000000000, -1.000000000000000000 ) ) ;
#12535 = EDGE_CURVE ( 'NONE', #12788, #5013, #12838, .T. ) ;
#12536 = CARTESIAN_POINT ( 'NONE',  ( 158.2949999999999875, 21.95950000000000557, 3.000000000000000000 ) ) ;
#12537 = FACE_OUTER_BOUND ( 'NONE', #3999, .T. ) ;
#12538 = VERTEX_POINT ( 'NONE', #5009 ) ;
#12539 = ORIENTED_EDGE ( 'NONE', *, *, #7402, .F. ) ;
#12540 = CARTESIAN_POINT ( 'NONE',  ( 134.0130000000000337, 52.32260000000000133, 3.000000000000000000 ) ) ;
#12541 = VECTOR ( 'NONE', #2888, 1000.000000000000000 ) ;
#12542 = DIRECTION ( 'NONE',  ( -0.000000000000000000, -0.000000000000000000, -1.000000000000000000 ) ) ;
#12543 = CARTESIAN_POINT ( 'NONE',  ( 78.53149999999999409, 112.4980000000000047, 3.000000000000000000 ) ) ;
#12544 = ORIENTED_EDGE ( 'NONE', *, *, #11535, .T. ) ;
#12545 = VECTOR ( 'NONE', #9398, 1000.000000000000000 ) ;
#12546 = LINE ( 'NONE', #7844, #11287 ) ;
#12547 = EDGE_CURVE ( 'NONE', #11098, #4697, #8856, .T. ) ;
#12548 = DIRECTION ( 'NONE',  ( -0.000000000000000000, -0.000000000000000000, -1.000000000000000000 ) ) ;
#12549 = CARTESIAN_POINT ( 'NONE',  ( 111.8689999999999998, 97.92189999999999372, 0.000000000000000000 ) ) ;
#12550 = LINE ( 'NONE', #5642, #3087 ) ;
#12551 = EDGE_CURVE ( 'NONE', #3949, #11607, #8060, .T. ) ;
#12552 = FACE_OUTER_BOUND ( 'NONE', #12750, .T. ) ;
#12553 = CARTESIAN_POINT ( 'NONE',  ( 56.67589999999999861, 14.22269999999999968, 0.000000000000000000 ) ) ;
#12554 = CARTESIAN_POINT ( 'NONE',  ( 59.48149999999999693, 40.77190000000000225, 3.000000000000000000 ) ) ;
#12555 = EDGE_LOOP ( 'NONE', ( #7344, #11852, #3837, #11851 ) ) ;
#12557 = ORIENTED_EDGE ( 'NONE', *, *, #6288, .F. ) ;
#12556 = ORIENTED_EDGE ( 'NONE', *, *, #1775, .T. ) ;
#12558 = ADVANCED_FACE ( 'NONE', ( #3901 ), #6047, .T. ) ;
#12559 = ADVANCED_FACE ( 'NONE', ( #4088 ), #1924, .T. ) ;
#12560 = FACE_BOUND ( 'NONE', #9548, .T. ) ;
#12561 = VERTEX_POINT ( 'NONE', #7873 ) ;
#12562 = FACE_BOUND ( 'NONE', #5858, .T. ) ;
#12563 = LINE ( 'NONE', #6567, #3907 ) ;
#12564 = VECTOR ( 'NONE', #1164, 1000.000000000000000 ) ;
#12565 = LINE ( 'NONE', #612, #2999 ) ;
#12566 = PLANE ( 'NONE',  #6004 ) ;
#12568 = ORIENTED_EDGE ( 'NONE', *, *, #12865, .T. ) ;
#12567 = ORIENTED_EDGE ( 'NONE', *, *, #12609, .F. ) ;
#12569 = EDGE_LOOP ( 'NONE', ( #12434, #4086, #9729, #5263 ) ) ;
#12570 = FACE_OUTER_BOUND ( 'NONE', #1506, .T. ) ;
#12571 = AXIS2_PLACEMENT_3D ( 'NONE', #4819, #4621, #11728 ) ;
#12572 = ORIENTED_EDGE ( 'NONE', *, *, #11191, .F. ) ;
#12573 = ORIENTED_EDGE ( 'NONE', *, *, #12629, .F. ) ;
#12574 = LINE ( 'NONE', #6514, #12617 ) ;
#12575 = CARTESIAN_POINT ( 'NONE',  ( 202.3569999999999993, 97.92189999999999372, 0.000000000000000000 ) ) ;
#12576 = DIRECTION ( 'NONE',  ( -1.000000000000000000, -0.000000000000000000, -0.000000000000000000 ) ) ;
#12577 = FACE_OUTER_BOUND ( 'NONE', #7018, .T. ) ;
#12578 = VECTOR ( 'NONE', #10224, 1000.000000000000000 ) ;
#12579 = CARTESIAN_POINT ( 'NONE',  ( 166.0440000000000111, 96.45159999999999911, 3.000000000000000000 ) ) ;
#12580 = ORIENTED_EDGE ( 'NONE', *, *, #4736, .F. ) ;
#12581 = EDGE_CURVE ( 'NONE', #998, #3832, #11854, .T. ) ;
#12582 = ORIENTED_EDGE ( 'NONE', *, *, #11671, .F. ) ;
#12583 = DIRECTION ( 'NONE',  ( 1.000000000000000000, 0.000000000000000000, 0.000000000000000000 ) ) ;
#12584 = VERTEX_POINT ( 'NONE', #10871 ) ;
#12585 = VERTEX_POINT ( 'NONE', #1866 ) ;
#12586 = ORIENTED_EDGE ( 'NONE', *, *, #12856, .T. ) ;
#12587 = VECTOR ( 'NONE', #7121, 1000.000000000000000 ) ;
#12588 = CARTESIAN_POINT ( 'NONE',  ( 199.9749999999999943, 126.4969999999999999, 0.000000000000000000 ) ) ;
#12589 = CARTESIAN_POINT ( 'NONE',  ( 33.57589999999999719, 21.72200000000000131, 3.000000000000000000 ) ) ;
#12590 = DIRECTION ( 'NONE',  ( -0.000000000000000000, -1.000000000000000000, -0.000000000000000000 ) ) ;
#12591 = ADVANCED_FACE ( 'NONE', ( #11975 ), #5980, .F. ) ;
#12592 = CIRCLE ( 'NONE', #6556, 1.250000000000001110 ) ;
#12593 = CARTESIAN_POINT ( 'NONE',  ( 188.3569999999999993, 26.77250000000000085, 3.000000000000000000 ) ) ;
#12594 = PLANE ( 'NONE',  #7274 ) ;
#12595 = DIRECTION ( 'NONE',  ( 0.000000000000000000, 0.000000000000000000, -1.000000000000000000 ) ) ;
#12596 = CARTESIAN_POINT ( 'NONE',  ( 119.3010000000000019, 7.722520000000000273, 3.000000000000000000 ) ) ;
#12597 = EDGE_LOOP ( 'NONE', ( #12124, #10483, #1415, #2107 ) ) ;
#12598 = LINE ( 'NONE', #4710, #6770 ) ;
#12599 = VERTEX_POINT ( 'NONE', #8923 ) ;
#12600 = ORIENTED_EDGE ( 'NONE', *, *, #3115, .F. ) ;
#12601 = ORIENTED_EDGE ( 'NONE', *, *, #2329, .T. ) ;
#12602 = CARTESIAN_POINT ( 'NONE',  ( 145.4950000000000045, 2.960030000000000161, 3.000000000000000000 ) ) ;
#12603 = VECTOR ( 'NONE', #3510, 1000.000000000000000 ) ;
#12604 = EDGE_CURVE ( 'NONE', #12708, #371, #10021, .T. ) ;
#12605 = CARTESIAN_POINT ( 'NONE',  ( 73.76900000000000546, 83.92270000000000607, 3.000000000000000000 ) ) ;
#12606 = CARTESIAN_POINT ( 'NONE',  ( 158.2949999999999875, 102.9218999999999937, 3.000000000000000000 ) ) ;
#12607 = ORIENTED_EDGE ( 'NONE', *, *, #2600, .T. ) ;
#12608 = CARTESIAN_POINT ( 'NONE',  ( 59.76970000000000027, 97.92189999999999372, 3.000000000000000000 ) ) ;
#12609 = EDGE_CURVE ( 'NONE', #11170, #1832, #11495, .T. ) ;
#12610 = DIRECTION ( 'NONE',  ( 1.000000000000000000, 0.000000000000000000, 0.000000000000000000 ) ) ;
#12611 = CARTESIAN_POINT ( 'NONE',  ( 26.43220000000000169, 40.77190000000000225, 3.000000000000000000 ) ) ;
#12612 = CARTESIAN_POINT ( 'NONE',  ( 26.14410000000000167, 64.87269999999999470, 3.000000000000000000 ) ) ;
#12613 = VECTOR ( 'NONE', #5198, 1000.000000000000000 ) ;
#12614 = PLANE ( 'NONE',  #1159 ) ;
#12615 = DIRECTION ( 'NONE',  ( 0.000000000000000000, -1.000000000000000000, 0.000000000000000000 ) ) ;
#12616 = CARTESIAN_POINT ( 'NONE',  ( 35.66899999999999693, 97.92189999999999372, 3.000000000000000000 ) ) ;
#12617 = VECTOR ( 'NONE', #3638, 1000.000000000000000 ) ;
#12618 = ORIENTED_EDGE ( 'NONE', *, *, #7895, .F. ) ;
#12620 = EDGE_LOOP ( 'NONE', ( #3500, #9051, #12923, #6193 ) ) ;
#12619 = ORIENTED_EDGE ( 'NONE', *, *, #6868, .T. ) ;
#12621 = AXIS2_PLACEMENT_3D ( 'NONE', #2702, #5771, #8701 ) ;
#12622 = FACE_BOUND ( 'NONE', #11606, .T. ) ;
#12623 = ORIENTED_EDGE ( 'NONE', *, *, #10907, .F. ) ;
#12624 = FACE_BOUND ( 'NONE', #5342, .T. ) ;
#12625 = EDGE_CURVE ( 'NONE', #9586, #10988, #12907, .T. ) ;
#12626 = FACE_OUTER_BOUND ( 'NONE', #9133, .T. ) ;
#12627 = LINE ( 'NONE', #3691, #690 ) ;
#12628 = CARTESIAN_POINT ( 'NONE',  ( 97.86830000000000496, 97.92189999999999372, 3.000000000000000000 ) ) ;
#12629 = EDGE_CURVE ( 'NONE', #9299, #489, #1069, .T. ) ;
#12630 = AXIS2_PLACEMENT_3D ( 'NONE', #9534, #11619, #3793 ) ;
#12631 = DIRECTION ( 'NONE',  ( 0.000000000000000000, 1.000000000000000000, 0.000000000000000000 ) ) ;
#12633 = VERTEX_POINT ( 'NONE', #2059 ) ;
#12632 = ORIENTED_EDGE ( 'NONE', *, *, #5426, .F. ) ;
#12634 = ORIENTED_EDGE ( 'NONE', *, *, #7283, .T. ) ;
#12635 = LINE ( 'NONE', #7677, #6092 ) ;
#12636 = VERTEX_POINT ( 'NONE', #3040 ) ;
#12637 = ORIENTED_EDGE ( 'NONE', *, *, #8072, .T. ) ;
#12638 = CARTESIAN_POINT ( 'NONE',  ( 128.8259999999999934, 40.77190000000000225, 0.000000000000000000 ) ) ;
#12639 = VECTOR ( 'NONE', #10005, 1000.000000000000000 ) ;
#12640 = VECTOR ( 'NONE', #10160, 1000.000000000000000 ) ;
#12641 = PLANE ( 'NONE',  #5867 ) ;
#12642 = DIRECTION ( 'NONE',  ( 0.000000000000000000, -0.000000000000000000, 1.000000000000000000 ) ) ;
#12643 = DIRECTION ( 'NONE',  ( 1.000000000000000000, 0.000000000000000000, 0.000000000000000000 ) ) ;
#12644 = EDGE_CURVE ( 'NONE', #10136, #4800, #10084, .T. ) ;
#12645 = LINE ( 'NONE', #12461, #3497 ) ;
#12646 = EDGE_CURVE ( 'NONE', #5723, #6799, #11710, .T. ) ;
#12647 = EDGE_CURVE ( 'NONE', #7898, #8222, #6712, .T. ) ;
#12648 = VERTEX_POINT ( 'NONE', #3110 ) ;
#12649 = AXIS2_PLACEMENT_3D ( 'NONE', #3300, #8251, #466 ) ;
#12650 = ORIENTED_EDGE ( 'NONE', *, *, #2500, .F. ) ;
#12651 = DIRECTION ( 'NONE',  ( -1.000000000000000000, -0.000000000000000000, -0.000000000000000000 ) ) ;
#12652 = EDGE_LOOP ( 'NONE', ( #4268, #6273, #5306, #12850 ) ) ;
#12653 = ORIENTED_EDGE ( 'NONE', *, *, #11591, .F. ) ;
#12654 = ORIENTED_EDGE ( 'NONE', *, *, #4926, .T. ) ;
#12655 = FACE_OUTER_BOUND ( 'NONE', #10554, .T. ) ;
#12656 = VECTOR ( 'NONE', #9555, 1000.000000000000000 ) ;
#12657 = VECTOR ( 'NONE', #11068, 1000.000000000000000 ) ;
#12658 = DIRECTION ( 'NONE',  ( -0.000000000000000000, -0.000000000000000000, -1.000000000000000000 ) ) ;
#12659 = CARTESIAN_POINT ( 'NONE',  ( 55.85040000000000049, 14.22269999999999968, 3.000000000000000000 ) ) ;
#12660 = EDGE_CURVE ( 'NONE', #12585, #8112, #9111, .T. ) ;
#12661 = VECTOR ( 'NONE', #5427, 1000.000000000000000 ) ;
#12662 = EDGE_CURVE ( 'NONE', #10486, #279, #649, .T. ) ;
#12663 = DIRECTION ( 'NONE',  ( 1.000000000000000000, 0.000000000000000000, 0.000000000000000000 ) ) ;
#12664 = LINE ( 'NONE', #3729, #9142 ) ;
#12665 = VECTOR ( 'NONE', #2829, 1000.000000000000000 ) ;
#12666 = CARTESIAN_POINT ( 'NONE',  ( 159.4939999999999998, 88.62170000000001835, 3.000000000000000000 ) ) ;
#12667 = CARTESIAN_POINT ( 'NONE',  ( 202.3569999999999993, 40.77190000000000225, 3.000000000000000000 ) ) ;
#12668 = EDGE_LOOP ( 'NONE', ( #10643, #9408, #2735, #12304 ) ) ;
#12669 = LINE ( 'NONE', #644, #4683 ) ;
#12670 = ORIENTED_EDGE ( 'NONE', *, *, #2876, .F. ) ;
#12671 = ORIENTED_EDGE ( 'NONE', *, *, #9538, .T. ) ;
#12672 = AXIS2_PLACEMENT_3D ( 'NONE', #740, #2714, #8649 ) ;
#12673 = ORIENTED_EDGE ( 'NONE', *, *, #1796, .T. ) ;
#12674 = ADVANCED_FACE ( 'NONE', ( #12104 ), #5435, .T. ) ;
#12675 = DIRECTION ( 'NONE',  ( 0.000000000000000000, 0.000000000000000000, 1.000000000000000000 ) ) ;
#12676 = DIRECTION ( 'NONE',  ( -0.000000000000000000, -0.000000000000000000, -1.000000000000000000 ) ) ;
#12677 = PLANE ( 'NONE',  #10299 ) ;
#12678 = EDGE_LOOP ( 'NONE', ( #7545, #3109, #6319, #5200 ) ) ;
#12679 = LINE ( 'NONE', #3875, #437 ) ;
#12680 = CARTESIAN_POINT ( 'NONE',  ( 13.88192999999999344, 61.84100000000002240, 3.000000000000000000 ) ) ;
#12681 = DIRECTION ( 'NONE',  ( 0.000000000000000000, -0.000000000000000000, -1.000000000000000000 ) ) ;
#12682 = CARTESIAN_POINT ( 'NONE',  ( 7.382159999999999833, 126.4969999999999999, 3.000000000000000000 ) ) ;
#12683 = EDGE_CURVE ( 'NONE', #7753, #3325, #6478, .T. ) ;
#12684 = LINE ( 'NONE', #2898, #4921 ) ;
#12685 = DIRECTION ( 'NONE',  ( -0.000000000000000000, 0.000000000000000000, -1.000000000000000000 ) ) ;
#12686 = DIRECTION ( 'NONE',  ( -1.000000000000000000, 0.000000000000000000, 0.000000000000000000 ) ) ;
#12687 = VECTOR ( 'NONE', #11413, 1000.000000000000000 ) ;
#12688 = EDGE_LOOP ( 'NONE', ( #8543, #6546, #4167, #6537 ) ) ;
#12689 = EDGE_CURVE ( 'NONE', #3596, #2466, #9211, .T. ) ;
#12690 = AXIS2_PLACEMENT_3D ( 'NONE', #1817, #967, #8942 ) ;
#12692 = ORIENTED_EDGE ( 'NONE', *, *, #6905, .T. ) ;
#12691 = EDGE_LOOP ( 'NONE', ( #2374, #4490, #11371, #3604 ) ) ;
#12693 = DIRECTION ( 'NONE',  ( -0.000000000000000000, 1.000000000000000000, -0.000000000000000000 ) ) ;
#12694 = VERTEX_POINT ( 'NONE', #9477 ) ;
#12695 = CARTESIAN_POINT ( 'NONE',  ( 97.58150000000000546, 40.77190000000000225, 3.000000000000000000 ) ) ;
#12696 = DIRECTION ( 'NONE',  ( -0.000000000000000000, -1.000000000000000000, -0.000000000000000000 ) ) ;
#12697 = CARTESIAN_POINT ( 'NONE',  ( 69.00650000000000261, 59.82189999999999941, 0.000000000000000000 ) ) ;
#12698 = FACE_OUTER_BOUND ( 'NONE', #11016, .T. ) ;
#12699 = CARTESIAN_POINT ( 'NONE',  ( 50.24470000000000169, 64.87269999999999470, 3.000000000000000000 ) ) ;
#12700 = EDGE_CURVE ( 'NONE', #3039, #7713, #6608, .T. ) ;
#12701 = VECTOR ( 'NONE', #4785, 1000.000000000000000 ) ;
#12703 = ORIENTED_EDGE ( 'NONE', *, *, #11191, .T. ) ;
#12702 = ORIENTED_EDGE ( 'NONE', *, *, #6859, .F. ) ;
#12704 = EDGE_CURVE ( 'NONE', #6232, #3832, #4461, .T. ) ;
#12705 = ORIENTED_EDGE ( 'NONE', *, *, #3440, .F. ) ;
#12706 = CARTESIAN_POINT ( 'NONE',  ( 83.58220000000000027, 112.4980000000000047, 3.000000000000000000 ) ) ;
#12707 = ORIENTED_EDGE ( 'NONE', *, *, #1668, .T. ) ;
#12708 = VERTEX_POINT ( 'NONE', #11437 ) ;
#12709 = LINE ( 'NONE', #4816, #11398 ) ;
#12710 = EDGE_CURVE ( 'NONE', #2716, #11751, #10151, .T. ) ;
#12711 = CARTESIAN_POINT ( 'NONE',  ( 188.3569999999999993, 64.87269999999999470, 3.000000000000000000 ) ) ;
#12712 = LINE ( 'NONE', #8795, #11527 ) ;
#12713 = CYLINDRICAL_SURFACE ( 'NONE', #8585, 1.250000000000001110 ) ;
#12714 = EDGE_CURVE ( 'NONE', #2976, #7528, #8439, .T. ) ;
#12715 = LINE ( 'NONE', #1552, #12250 ) ;
#12716 = VERTEX_POINT ( 'NONE', #7149 ) ;
#12717 = ORIENTED_EDGE ( 'NONE', *, *, #7758, .T. ) ;
#12718 = LINE ( 'NONE', #5809, #715 ) ;
#12719 = ORIENTED_EDGE ( 'NONE', *, *, #4256, .F. ) ;
#12720 = ORIENTED_EDGE ( 'NONE', *, *, #9572, .F. ) ;
#12721 = EDGE_LOOP ( 'NONE', ( #1001, #1635, #9619, #11355 ) ) ;
#12722 = EDGE_LOOP ( 'NONE', ( #9635, #10607, #1477, #843 ) ) ;
#12723 = DIRECTION ( 'NONE',  ( 1.000000000000000000, -0.000000000000000000, -0.000000000000000000 ) ) ;
#12724 = EDGE_CURVE ( 'NONE', #8572, #6247, #8559, .T. ) ;
#12725 = CARTESIAN_POINT ( 'NONE',  ( 88.21346499999998514, 102.9218999999999937, 0.000000000000000000 ) ) ;
#12726 = DIRECTION ( 'NONE',  ( 1.000000000000000000, 0.000000000000000000, 0.000000000000000000 ) ) ;
#12727 = CARTESIAN_POINT ( 'NONE',  ( 25.30079999999999885, 7.952670000000000350, 3.000000000000000000 ) ) ;
#12728 = LINE ( 'NONE', #904, #7424 ) ;
#12729 = DIRECTION ( 'NONE',  ( 1.000000000000000000, -0.000000000000000000, -0.000000000000000000 ) ) ;
#12730 = ORIENTED_EDGE ( 'NONE', *, *, #8692, .T. ) ;
#12731 = CARTESIAN_POINT ( 'NONE',  ( 161.0180000000000007, 84.15269999999999584, 3.000000000000000000 ) ) ;
#12732 = ORIENTED_EDGE ( 'NONE', *, *, #5998, .T. ) ;
#12733 = AXIS2_PLACEMENT_3D ( 'NONE', #8014, #898, #11996 ) ;
#12734 = ORIENTED_EDGE ( 'NONE', *, *, #10972, .T. ) ;
#12735 = EDGE_CURVE ( 'NONE', #6358, #2263, #2432, .T. ) ;
#12736 = EDGE_LOOP ( 'NONE', ( #12275, #2944, #4555, #9131 ) ) ;
#12737 = CARTESIAN_POINT ( 'NONE',  ( 116.6320000000000192, 40.77190000000000225, 3.000000000000000000 ) ) ;
#12738 = DIRECTION ( 'NONE',  ( -1.000000000000000000, 0.000000000000000000, 0.000000000000000000 ) ) ;
#12739 = ORIENTED_EDGE ( 'NONE', *, *, #9760, .T. ) ;
#12740 = VECTOR ( 'NONE', #219, 1000.000000000000000 ) ;
#12741 = FACE_OUTER_BOUND ( 'NONE', #11222, .T. ) ;
#12742 = CARTESIAN_POINT ( 'NONE',  ( 159.4939999999999998, 126.4969999999999999, 3.000000000000000000 ) ) ;
#12743 = DIRECTION ( 'NONE',  ( -0.000000000000000000, -0.000000000000000000, -1.000000000000000000 ) ) ;
#12744 = DIRECTION ( 'NONE',  ( 0.000000000000000000, -0.000000000000000000, -1.000000000000000000 ) ) ;
#12745 = CARTESIAN_POINT ( 'NONE',  ( 32.05040000000000333, 17.02149999999999963, 0.000000000000000000 ) ) ;
#12746 = DIRECTION ( 'NONE',  ( -0.000000000000000000, -0.000000000000000000, -1.000000000000000000 ) ) ;
#12747 = VECTOR ( 'NONE', #7770, 1000.000000000000000 ) ;
#12748 = AXIS2_PLACEMENT_3D ( 'NONE', #11827, #656, #1898 ) ;
#12749 = DIRECTION ( 'NONE',  ( 0.000000000000000000, 0.000000000000000000, -1.000000000000000000 ) ) ;
#12750 = EDGE_LOOP ( 'NONE', ( #8340, #11756, #645, #12756 ) ) ;
#12751 = EDGE_CURVE ( 'NONE', #12636, #4479, #12418, .T. ) ;
#12753 = ORIENTED_EDGE ( 'NONE', *, *, #10475, .T. ) ;
#12752 = CARTESIAN_POINT ( 'NONE',  ( 121.3940000000000055, 78.87189999999999657, 3.000000000000000000 ) ) ;
#12754 = AXIS2_PLACEMENT_3D ( 'NONE', #4835, #9718, #11810 ) ;
#12755 = FACE_BOUND ( 'NONE', #10898, .T. ) ;
#12756 = ORIENTED_EDGE ( 'NONE', *, *, #7822, .T. ) ;
#12757 = FACE_BOUND ( 'NONE', #5357, .T. ) ;
#12758 = AXIS2_PLACEMENT_3D ( 'NONE', #3667, #12805, #2693 ) ;
#12759 = DIRECTION ( 'NONE',  ( -0.000000000000000000, -0.000000000000000000, -1.000000000000000000 ) ) ;
#12760 = DIRECTION ( 'NONE',  ( 0.000000000000000000, -1.000000000000000000, 0.000000000000000000 ) ) ;
#12761 = EDGE_CURVE ( 'NONE', #2931, #5885, #9543, .T. ) ;
#12762 = CARTESIAN_POINT ( 'NONE',  ( 158.2949999999999875, 21.95950000000000557, 0.000000000000000000 ) ) ;
#12763 = FACE_OUTER_BOUND ( 'NONE', #5781, .T. ) ;
#12764 = DIRECTION ( 'NONE',  ( -0.000000000000000000, -0.000000000000000000, 1.000000000000000000 ) ) ;
#12766 = ORIENTED_EDGE ( 'NONE', *, *, #1472, .F. ) ;
#12765 = ORIENTED_EDGE ( 'NONE', *, *, #5299, .T. ) ;
#12767 = EDGE_LOOP ( 'NONE', ( #10663, #9331, #5601, #2109 ) ) ;
#12768 = LINE ( 'NONE', #6768, #9488 ) ;
#12769 = ORIENTED_EDGE ( 'NONE', *, *, #3149, .F. ) ;
#12770 = ORIENTED_EDGE ( 'NONE', *, *, #5913, .F. ) ;
#12771 = EDGE_CURVE ( 'NONE', #10228, #2641, #5504, .T. ) ;
#12772 = DIRECTION ( 'NONE',  ( -0.000000000000000000, 0.000000000000000000, -1.000000000000000000 ) ) ;
#12773 = VECTOR ( 'NONE', #6455, 1000.000000000000000 ) ;
#12774 = DIRECTION ( 'NONE',  ( -0.000000000000000000, -0.000000000000000000, -1.000000000000000000 ) ) ;
#12775 = VECTOR ( 'NONE', #6291, 1000.000000000000000 ) ;
#12776 = CYLINDRICAL_SURFACE ( 'NONE', #2568, 0.5000000000000000000 ) ;
#12777 = DIRECTION ( 'NONE',  ( -0.000000000000000000, -1.000000000000000000, -0.000000000000000000 ) ) ;
#12778 = ADVANCED_FACE ( 'NONE', ( #9174 ), #528, .T. ) ;
#12779 = CARTESIAN_POINT ( 'NONE',  ( 158.6370000000000005, 50.52170000000000272, 0.000000000000000000 ) ) ;
#12780 = AXIS2_PLACEMENT_3D ( 'NONE', #4564, #375, #3451 ) ;
#12781 = VECTOR ( 'NONE', #4919, 1000.000000000000000 ) ;
#12782 = ORIENTED_EDGE ( 'NONE', *, *, #1724, .F. ) ;
#12783 = ORIENTED_EDGE ( 'NONE', *, *, #3322, .T. ) ;
#12784 = LINE ( 'NONE', #3717, #1766 ) ;
#12785 = ORIENTED_EDGE ( 'NONE', *, *, #7966, .T. ) ;
#12786 = EDGE_LOOP ( 'NONE', ( #10909, #9044, #7481, #12753 ) ) ;
#12787 = ORIENTED_EDGE ( 'NONE', *, *, #5081, .T. ) ;
#12788 = VERTEX_POINT ( 'NONE', #4523 ) ;
#12789 = DIRECTION ( 'NONE',  ( -0.000000000000000000, -0.000000000000000000, 1.000000000000000000 ) ) ;
#12790 = LINE ( 'NONE', #11874, #1966 ) ;
#12791 = AXIS2_PLACEMENT_3D ( 'NONE', #9055, #5925, #9899 ) ;
#12792 = EDGE_CURVE ( 'NONE', #6059, #3097, #8505, .T. ) ;
#12793 = LINE ( 'NONE', #9592, #7744 ) ;
#12794 = DIRECTION ( 'NONE',  ( -0.000000000000000000, -1.000000000000000000, -0.000000000000000000 ) ) ;
#12795 = EDGE_CURVE ( 'NONE', #8807, #1573, #593, .T. ) ;
#12796 = DIRECTION ( 'NONE',  ( 1.000000000000000000, 0.000000000000000000, 0.000000000000000000 ) ) ;
#12797 = AXIS2_PLACEMENT_3D ( 'NONE', #3788, #10699, #6464 ) ;
#12798 = ORIENTED_EDGE ( 'NONE', *, *, #333, .F. ) ;
#12799 = CARTESIAN_POINT ( 'NONE',  ( 139.8630000000000280, 45.07159999999999656, 3.000000000000000000 ) ) ;
#12800 = VECTOR ( 'NONE', #4717, 1000.000000000000000 ) ;
#12801 = VERTEX_POINT ( 'NONE', #4588 ) ;
#12802 = VECTOR ( 'NONE', #6237, 1000.000000000000000 ) ;
#12803 = ORIENTED_EDGE ( 'NONE', *, *, #5001, .F. ) ;
#12804 = VERTEX_POINT ( 'NONE', #12540 ) ;
#12805 = DIRECTION ( 'NONE',  ( 0.000000000000000000, 0.000000000000000000, 1.000000000000000000 ) ) ;
#12806 = DIRECTION ( 'NONE',  ( 0.000000000000000000, -0.000000000000000000, -1.000000000000000000 ) ) ;
#12807 = DIRECTION ( 'NONE',  ( -0.000000000000000000, 1.000000000000000000, -0.000000000000000000 ) ) ;
#12808 = VERTEX_POINT ( 'NONE', #3600 ) ;
#12809 = VECTOR ( 'NONE', #840, 1000.000000000000000 ) ;
#12810 = DIRECTION ( 'NONE',  ( 0.000000000000000000, 0.000000000000000000, 1.000000000000000000 ) ) ;
#12811 = CARTESIAN_POINT ( 'NONE',  ( 0.5939299999999920754, 109.4710000000000036, 0.000000000000000000 ) ) ;
#12812 = VECTOR ( 'NONE', #12343, 1000.000000000000000 ) ;
#12813 = CARTESIAN_POINT ( 'NONE',  ( 18.13192999999999699, 102.9218999999999937, 0.000000000000000000 ) ) ;
#12814 = EDGE_CURVE ( 'NONE', #749, #4876, #11557, .T. ) ;
#12815 = LINE ( 'NONE', #795, #733 ) ;
#12816 = CARTESIAN_POINT ( 'NONE',  ( 23.40692999999999913, 24.24100000000002098, 0.000000000000000000 ) ) ;
#12817 = EDGE_CURVE ( 'NONE', #7300, #6801, #10903, .T. ) ;
#12818 = EDGE_CURVE ( 'NONE', #7528, #4233, #11758, .T. ) ;
#12819 = AXIS2_PLACEMENT_3D ( 'NONE', #8206, #6380, #8338 ) ;
#12820 = CARTESIAN_POINT ( 'NONE',  ( 140.4439999999999884, 78.87189999999999657, 0.000000000000000000 ) ) ;
#12821 = ORIENTED_EDGE ( 'NONE', *, *, #1711, .F. ) ;
#12823 = EDGE_LOOP ( 'NONE', ( #12160, #6720, #10681, #10677 ) ) ;
#12822 = ORIENTED_EDGE ( 'NONE', *, *, #9151, .T. ) ;
#12824 = LINE ( 'NONE', #5844, #11214 ) ;
#12825 = EDGE_LOOP ( 'NONE', ( #909, #8011, #3805, #12136 ) ) ;
#12826 = LINE ( 'NONE', #6823, #9947 ) ;
#12827 = AXIS2_PLACEMENT_3D ( 'NONE', #4008, #10066, #7976 ) ;
#12828 = DIRECTION ( 'NONE',  ( 0.000000000000000000, 0.000000000000000000, 1.000000000000000000 ) ) ;
#12829 = DIRECTION ( 'NONE',  ( -0.000000000000000000, -0.000000000000000000, -1.000000000000000000 ) ) ;
#12830 = EDGE_CURVE ( 'NONE', #2318, #4946, #11079, .T. ) ;
#12831 = DIRECTION ( 'NONE',  ( -0.000000000000000000, -0.000000000000000000, -1.000000000000000000 ) ) ;
#12832 = CYLINDRICAL_SURFACE ( 'NONE', #9517, 1.250000000000001110 ) ;
#12833 = DIRECTION ( 'NONE',  ( -0.000000000000000000, 1.000000000000000000, -0.000000000000000000 ) ) ;
#12835 = ORIENTED_EDGE ( 'NONE', *, *, #5476, .T. ) ;
#12834 = ORIENTED_EDGE ( 'NONE', *, *, #2228, .F. ) ;
#12836 = CIRCLE ( 'NONE', #5125, 1.250000000000001110 ) ;
#12837 = EDGE_LOOP ( 'NONE', ( #10813, #12340, #6714, #5124 ) ) ;
#12838 = LINE ( 'NONE', #4947, #2754 ) ;
#12839 = ORIENTED_EDGE ( 'NONE', *, *, #10282, .T. ) ;
#12840 = EDGE_CURVE ( 'NONE', #6175, #7947, #9859, .T. ) ;
#12841 = VERTEX_POINT ( 'NONE', #5887 ) ;
#12842 = DIRECTION ( 'NONE',  ( 1.000000000000000000, -0.000000000000000000, -0.000000000000000000 ) ) ;
#12843 = DIRECTION ( 'NONE',  ( -0.000000000000000000, 1.000000000000000000, -0.000000000000000000 ) ) ;
#12844 = DIRECTION ( 'NONE',  ( -0.000000000000000000, -0.000000000000000000, -1.000000000000000000 ) ) ;
#12845 = VECTOR ( 'NONE', #7914, 1000.000000000000000 ) ;
#12846 = UNCERTAINTY_MEASURE_WITH_UNIT (LENGTH_MEASURE( 1.000000000000000082E-05 ), #1959, 'distance_accuracy_value', 'NONE');
#12847 = FACE_OUTER_BOUND ( 'NONE', #12825, .T. ) ;
#12848 = LINE ( 'NONE', #10947, #6831 ) ;
#12849 = EDGE_CURVE ( 'NONE', #6192, #3949, #7838, .T. ) ;
#12850 = ORIENTED_EDGE ( 'NONE', *, *, #4680, .F. ) ;
#12851 = ORIENTED_EDGE ( 'NONE', *, *, #1310, .F. ) ;
#12852 = CARTESIAN_POINT ( 'NONE',  ( 138.9430000000000121, 97.37229999999999563, 3.000000000000000000 ) ) ;
#12853 = ORIENTED_EDGE ( 'NONE', *, *, #12625, .F. ) ;
#12854 = AXIS2_PLACEMENT_3D ( 'NONE', #11785, #1554, #1861 ) ;
#12855 = EDGE_LOOP ( 'NONE', ( #1609, #12042, #11466, #12568 ) ) ;
#12856 = EDGE_CURVE ( 'NONE', #11397, #9392, #6802, .T. ) ;
#12857 = ORIENTED_EDGE ( 'NONE', *, *, #5543, .F. ) ;
#12858 = FACE_OUTER_BOUND ( 'NONE', #7057, .T. ) ;
#12859 = DIRECTION ( 'NONE',  ( -0.000000000000000000, -0.000000000000000000, -1.000000000000000000 ) ) ;
#12860 = CARTESIAN_POINT ( 'NONE',  ( 97.85692999999997710, 131.5209999999999866, 0.000000000000000000 ) ) ;
#12861 = VECTOR ( 'NONE', #12902, 1000.000000000000000 ) ;
#12862 = VECTOR ( 'NONE', #10141, 1000.000000000000000 ) ;
#12863 = DIRECTION ( 'NONE',  ( -0.000000000000000000, 0.000000000000000000, 1.000000000000000000 ) ) ;
#12864 = FACE_OUTER_BOUND ( 'NONE', #11461, .T. ) ;
#12865 = EDGE_CURVE ( 'NONE', #8720, #6643, #11627, .T. ) ;
#12866 = ORIENTED_EDGE ( 'NONE', *, *, #720, .T. ) ;
#12867 = CARTESIAN_POINT ( 'NONE',  ( 134.8369999999999891, 58.35159999999999769, 3.000000000000000000 ) ) ;
#12868 = ORIENTED_EDGE ( 'NONE', *, *, #11725, .F. ) ;
#12869 = ORIENTED_EDGE ( 'NONE', *, *, #8262, .F. ) ;
#12870 = EDGE_CURVE ( 'NONE', #2949, #3024, #714, .T. ) ;
#12871 = VECTOR ( 'NONE', #546, 1000.000000000000000 ) ;
#12872 = ORIENTED_EDGE ( 'NONE', *, *, #1945, .T. ) ;
#12873 = DIRECTION ( 'NONE',  ( -0.000000000000000000, 1.000000000000000000, -0.000000000000000000 ) ) ;
#12874 = CARTESIAN_POINT ( 'NONE',  ( 188.3569999999999993, 78.87189999999999657, 3.000000000000000000 ) ) ;
#12875 = CIRCLE ( 'NONE', #8914, 0.5000000000000000000 ) ;
#12876 = LINE ( 'NONE', #2160, #11134 ) ;
#12877 = EDGE_LOOP ( 'NONE', ( #4337, #11248, #8173, #8622 ) ) ;
#12878 = EDGE_CURVE ( 'NONE', #1142, #4056, #5695, .T. ) ;
#12879 = DIRECTION ( 'NONE',  ( 0.000000000000000000, 0.000000000000000000, 1.000000000000000000 ) ) ;
#12880 = DIRECTION ( 'NONE',  ( -0.000000000000000000, -0.000000000000000000, -1.000000000000000000 ) ) ;
#12881 = VECTOR ( 'NONE', #9676, 1000.000000000000000 ) ;
#12882 = VECTOR ( 'NONE', #9812, 1000.000000000000000 ) ;
#12883 = PLANE ( 'NONE',  #6422 ) ;
#12884 = EDGE_CURVE ( 'NONE', #12648, #8857, #11884, .T. ) ;
#12885 = CARTESIAN_POINT ( 'NONE',  ( 159.4939999999999998, 16.95949999999999847, 3.000000000000000000 ) ) ;
#12886 = DIRECTION ( 'NONE',  ( -1.000000000000000000, -0.000000000000000000, -0.000000000000000000 ) ) ;
#12887 = VECTOR ( 'NONE', #1468, 1000.000000000000000 ) ;
#12888 = CARTESIAN_POINT ( 'NONE',  ( 136.3940000000000055, 90.42260000000000275, 3.000000000000000000 ) ) ;
#12889 = VERTEX_POINT ( 'NONE', #2945 ) ;
#12891 = VERTEX_POINT ( 'NONE', #9796 ) ;
#12890 = LINE ( 'NONE', #9095, #46 ) ;
#12892 = STYLED_ITEM ( 'NONE', ( #9487 ), #7904 ) ;
#12893 = FACE_BOUND ( 'NONE', #26, .T. ) ;
#12894 = ORIENTED_EDGE ( 'NONE', *, *, #5442, .F. ) ;
#12895 = FACE_OUTER_BOUND ( 'NONE', #5148, .T. ) ;
#12896 = EDGE_CURVE ( 'NONE', #6421, #10617, #913, .T. ) ;
#12897 = EDGE_CURVE ( 'NONE', #2798, #10697, #6918, .T. ) ;
#12898 = DIRECTION ( 'NONE',  ( 0.000000000000000000, 0.000000000000000000, 1.000000000000000000 ) ) ;
#12899 = CARTESIAN_POINT ( 'NONE',  ( 116.6320000000000192, 112.4980000000000047, 3.000000000000000000 ) ) ;
#12900 = DIRECTION ( 'NONE',  ( 0.000000000000000000, 0.000000000000000000, 1.000000000000000000 ) ) ;
#12901 = VECTOR ( 'NONE', #8038, 1000.000000000000000 ) ;
#12902 = DIRECTION ( 'NONE',  ( -0.000000000000000000, -1.000000000000000000, -0.000000000000000000 ) ) ;
#12903 = CARTESIAN_POINT ( 'NONE',  ( 50.24470000000000169, 64.87269999999999470, 3.000000000000000000 ) ) ;
#12905 = ORIENTED_EDGE ( 'NONE', *, *, #7617, .F. ) ;
#12904 = EDGE_LOOP ( 'NONE', ( #9146, #7723, #11644, #3752 ) ) ;
#12906 = ORIENTED_EDGE ( 'NONE', *, *, #12215, .F. ) ;
#12907 = LINE ( 'NONE', #3964, #6299 ) ;
#12908 = ORIENTED_EDGE ( 'NONE', *, *, #449, .T. ) ;
#12909 = EDGE_CURVE ( 'NONE', #7257, #2008, #10781, .T. ) ;
#12910 = ORIENTED_EDGE ( 'NONE', *, *, #4020, .F. ) ;
#12911 = CARTESIAN_POINT ( 'NONE',  ( 0.09392999999999207539, 81.39100000000000534, 3.000000000000000000 ) ) ;
#12912 = CARTESIAN_POINT ( 'NONE',  ( 143.1119999999999948, 45.82269999999999754, 3.000000000000000000 ) ) ;
#12913 = LINE ( 'NONE', #7942, #7644 ) ;
#12914 = DIRECTION ( 'NONE',  ( -0.000000000000000000, -0.000000000000000000, -1.000000000000000000 ) ) ;
#12915 = DIRECTION ( 'NONE',  ( -0.000000000000000000, -0.000000000000000000, 1.000000000000000000 ) ) ;
#12916 = EDGE_CURVE ( 'NONE', #805, #9928, #7338, .T. ) ;
#12917 = CARTESIAN_POINT ( 'NONE',  ( 83.29399999999999693, 78.87189999999999657, 0.000000000000000000 ) ) ;
#12918 = ORIENTED_EDGE ( 'NONE', *, *, #7283, .F. ) ;
#12919 = ORIENTED_EDGE ( 'NONE', *, *, #5098, .T. ) ;
#12920 = DIRECTION ( 'NONE',  ( 0.000000000000000000, 1.000000000000000000, -0.000000000000000000 ) ) ;
#12921 = EDGE_LOOP ( 'NONE', ( #5738, #6670, #8141, #8685 ) ) ;
#12922 = ORIENTED_EDGE ( 'NONE', *, *, #2477, .F. ) ;
#12923 = ORIENTED_EDGE ( 'NONE', *, *, #12916, .T. ) ;
#12924 = DIRECTION ( 'NONE',  ( -0.000000000000000000, -1.000000000000000000, -0.000000000000000000 ) ) ;
#12925 = CARTESIAN_POINT ( 'NONE',  ( 188.3569999999999993, 26.77250000000000085, 3.000000000000000000 ) ) ;
#12926 = CARTESIAN_POINT ( 'NONE',  ( 197.5939999999999941, 16.95949999999999847, 3.000000000000000000 ) ) ;
#12927 = EDGE_CURVE ( 'NONE', #6866, #6059, #3869, .T. ) ;
#12928 = PLANE ( 'NONE',  #3317 ) ;
#12929 = CARTESIAN_POINT ( 'NONE',  ( 35.95720000000000027, 45.82269999999999754, 3.000000000000000000 ) ) ;
#12930 = EDGE_LOOP ( 'NONE', ( #6881, #2352, #9709, #9585 ) ) ;
#12931 = CARTESIAN_POINT ( 'NONE',  ( 7.382159999999999833, 112.4980000000000047, 3.000000000000000000 ) ) ;
#12932 = ORIENTED_EDGE ( 'NONE', *, *, #2140, .T. ) ;
#12933 = ORIENTED_EDGE ( 'NONE', *, *, #1189, .F. ) ;
#12934 = ORIENTED_EDGE ( 'NONE', *, *, #12430, .F. ) ;
#12935 = DIRECTION ( 'NONE',  ( 0.000000000000000000, 1.000000000000000000, -0.000000000000000000 ) ) ;
#12936 = CARTESIAN_POINT ( 'NONE',  ( 163.6630000000000109, 59.27230000000000132, 3.000000000000000000 ) ) ;
#12937 = ORIENTED_EDGE ( 'NONE', *, *, #7209, .F. ) ;
#12938 = EDGE_CURVE ( 'NONE', #4354, #9080, #11822, .T. ) ;
#12939 = CARTESIAN_POINT ( 'NONE',  ( 140.4439999999999884, 64.87269999999999470, 3.000000000000000000 ) ) ;
ENDSEC;
END-ISO-10303-21;
